cod_inst,instituicao,tcb,uf,sistema_atribuido,ultimo_trimestre,carteira_real
54037916,COOPERATIVA DE CREDITO CREDICITRUS,b3S,SP,(sem marca no nome - segue individual),202603,9.013443e+09
82639451,COOPERATIVA DE CREDITO VALE DO ITAJAI - VIACREDI,b3S,SC,(sem marca no nome - segue individual),202603,8.525611e+09
37395399,COOPERATIVA DE CRÉDITO DE LIVRE ADMISSÃO CENTRO BRASILEIRA LTDA.,b3S,GO,(sem marca no nome - segue individual),202603,6.266533e+09
2398976,SISPRIME DO BRASIL - COOPERATIVA DE CRÉDITO,b3S,PR,(sem marca no nome - segue individual),202603,5.640756e+09
815319,COOPERATIVA DE CRÉDITO SUL-SERRANA DO ESPÍRITO SANTO,b3S,ES,(sem marca no nome - segue individual),202603,4.549208e+09
2282709,COOPERATIVA DE CRÉDITO DE LIVRE ADMISSÃO DO CENTRO NORTE BRASILEIRO,b3S,GO,(sem marca no nome - segue individual),202603,2.7140285e+09
81723108,CREDICOAMO CREDITO RURAL COOPERATIVA,b3S,PR,(sem marca no nome - segue individual),202603,2.7035348e+09
24795049,COOPERATIVA DE CRÉDITO DE LIVRE ADMISSÃO DO SUDOESTE GOIANO,b3S,GO,(sem marca no nome - segue individual),202603,2.668297e+09
1658426,COOPERFORTE COOPERATIVA DE CRÉDITO E INVESTIMENTOS LTDA,b3S,DF,(sem marca no nome - segue individual),202603,2.3336302e+09
8075352,"COOPERATIVA DE CRÉDITO DOS TRANSPORTES, CORREIOS E LOGÍSTICA DO BRASIL - TRANSPOCRED",b3S,SC,(sem marca no nome - segue individual),202603,2.1765046e+09
85291086,COOPERATIVA DE CRÉDITO LITORÂNEA,b3S,SC,(sem marca no nome - segue individual),202603,1.3872376e+09
16779741,COOPERATIVA DE CRÉDITO DE LIVRE ADMISSÃO DO ALTO VALE DO ITAJAÍ - VIACREDI ALTO VALE,b3S,SC,(sem marca no nome - segue individual),202603,1.3324453e+09
78825023,COOPERATIVA DE CRÉDITO DE LIVRE ADMISSÃO DE ASSOCIADOS OESTE CATARINENSE,b3S,SC,(sem marca no nome - segue individual),202603,1.2484788e+09
44469161,COOPERATIVA DE CRÉDITO PRO,b3S,SP,(sem marca no nome - segue individual),202603,1.2450152e+09
7599206,COOPERATIVA DE CRÉDITO DE LIVRE ADMISSÃO DA REGIÃO METROPOLITANA DE GOIÂNIA LTDA.,b3S,GO,(sem marca no nome - segue individual),202603,1.0863681e+09
67096909,COOPERATIVA DE CRÉDITO CREDICOCAPEC,b3S,SP,(sem marca no nome - segue individual),202603,9.2320045e+08
9512539,COOPERATIVA DE CRÉDITO DA FOZ DO RIO ITAJAÍ AÇU - CREDIFOZ,b3S,SC,(sem marca no nome - segue individual),202603,9.1782976e+08
10311218,COOPERATIVA DE CRÉDITO EVOLUA,b3S,PR,(sem marca no nome - segue individual),202603,8.783323e+08
3461243,COOPERATIVA DE CRÉDITO DO NORTE CATARINENSE - ACREDICOOP,b3S,SC,(sem marca no nome - segue individual),202603,8.5391386e+08
32474884,COOPERATIVA DE CRÉDITO SUL-LITORÂNEA DO ESPÍRITO SANTO,b3S,ES,(sem marca no nome - segue individual),202603,8.241958e+08
66402207,COOPERATIVA DE CRÉDITO SAROM,b3S,MG,(sem marca no nome - segue individual),202603,8.029787e+08
54401286,COOPERATIVA DE CRÉDITO COCRE,b3S,SP,(sem marca no nome - segue individual),202603,7.42422e+08
49389307,COOPERATIVA DE CREDITO COOPLIVRE,b3S,SP,(sem marca no nome - segue individual),202603,6.865347e+08
10218474,COOPERATIVA DE CRÉDITO DA REGIÃO DO CONTESTADO - CIVIA,b3S,SC,(sem marca no nome - segue individual),202603,6.757501e+08
73647935,COOPERATIVA DE CRÉDITO UNIQUE BR,b3S,MS,(sem marca no nome - segue individual),202603,6.4168384e+08
24799033,COOPERATIVA DE CRÉDITO DE LIVRE ADMISSÃO DO VALE DO PARANAÍBA LTDA.,b3S,GO,(sem marca no nome - segue individual),202603,6.3617306e+08
5979692,COOPERATIVA DE CRÉDITO DOS PROFISSIONAIS DOS CREAS E DEMAIS ÁREAS TECNOLÓGICAS - CREDCREA,b3S,SC,(sem marca no nome - segue individual),202603,5.948481e+08
7502031,COOPERATIVA DE CRÉDITO DE LIVRE ADMISSÃO CENTRO OESTE LTDA.,b3S,GO,(sem marca no nome - segue individual),202603,5.1248246e+08
9590601,COOPERATIVA DE CRÉDITO - CREDICOMIN,b3S,SC,(sem marca no nome - segue individual),202603,4.6753165e+08
76461557,COOPERATIVA DE CRÉDITO RURAL COOPAVEL,b3S,PR,(sem marca no nome - segue individual),202603,4.5963872e+08
26960328,COOPERATIVA DE CRÉDITO DE LIVRE ADMISSÃO DO TOCANTINS LTDA,b3S,TO,(sem marca no nome - segue individual),202603,4.469295e+08
10209619,COOPERATIVA DE CRÉDITO DE LIVRE ADMISSÃO DA GRANDE GOIÂNIA LTDA.,b3S,GO,(sem marca no nome - segue individual),202603,4.3949338e+08
24830879,COOPERATIVA DE CRÉDITO DE LIVRE ADMISSÃO DO VALE DO ARAGUAIA LTDA.,b3S,GO,(sem marca no nome - segue individual),202603,4.23502e+08
968602,COOPERATIVA DE CREDITO DE LIVRE ADMISSÃO DO VALE DO SÃO PATRICIO LTDA.,b3S,GO,(sem marca no nome - segue individual),202603,4.2135245e+08
3730508,COOPERATIVA DE CRÉDITO DE LIVRE ADMISSÃO DO CENTRO GOIANO LTDA.,b3S,GO,(sem marca no nome - segue individual),202003,3.7805578e+08
9033698,COOPERATIVA DE CRÉDITO DE LIVRE ADMISSÃO DE RIO VERDE E REGIÃO LTDA.,b3S,GO,(sem marca no nome - segue individual),202603,3.7112275e+08
1664968,COOPERATIVA  DE CRÉDITO DE LIVRE ADMISSÃO DE ASSOCIADOS UNIRONDÔNIA LTDA,b3S,RO,(sem marca no nome - segue individual),202406,3.6796246e+08
1187961,COOPERATIVA DE CRÉDITO DO DISTRITO FEDERAL E ENTORNO LTDA,b3S,DF,(sem marca no nome - segue individual),202603,3.608089e+08
1637949,COOPERATIVA DE CRÉDITO DE LIVRE ADMISSÃO DO VALE DO PARANAPANEMA,b3S,SP,(sem marca no nome - segue individual),202603,3.4105165e+08
33579731,COOPERATIVA DE CRÉDITO DE LIVRE ADMISSÃO DO CENTRO-SUL GOIANO LTDA,b3S,GO,(sem marca no nome - segue individual),202603,3.3282605e+08
1608685,COOPERATIVA DE CRÉDITO DE LIVRE ADMISSÃO DO ESTADO DO ACRE LTDA.,b3S,AC,(sem marca no nome - segue individual),202603,3.2442976e+08
41805003,COOPERATIVA DE CRÉDITO DE LIVRE ADMISSÃO DO ALTO SÃO FRANCISCO LTDA.,b3S,MG,(sem marca no nome - segue individual),202603,3.0632877e+08
33615055,COOPERATIVA DE CRÉDITO DE LIVRE ADMISSÃO DE ANÁPOLIS E REGIÃO LTDA,b3S,GO,(sem marca no nome - segue individual),202603,3.0340362e+08
3427097,COOPERATIVA DE CRÉDITO DE LIVRE ADMISSÃO DO SUL CATARINENSE - ACENTRA,b3S,SC,(sem marca no nome - segue individual),202603,2.9220534e+08
53935029,COOPERATIVA DE CRÉDITO COOCRELIVRE,b3S,SP,(sem marca no nome - segue individual),202603,2.8381306e+08
5861932,COOPERATIVA DE CRÉDITO MÚTUO DOS ADVOGADOS DE SANTA CATARINA,b3S,SC,(sem marca no nome - segue individual),202603,2.7759814e+08
2000895,"COOPERATIVA DE ECONOMIA E CRÉDITO MÚTUO DOS SERVIDORES DO PODER JUDICIÁRIO, DO TRIBUNAL DE CONTAS ESTADUAL E DEMAIS ÓRGÃOS PÚBLICOS MUNICIPAIS, ESTADUAIS E FEDERAIS NO ESTADO DO RIO DE JANEIRO LTDA.",b3S,RJ,(sem marca no nome - segue individual),202603,2.7532483e+08
1566038,COOPERATIVA DE CRÉDITO DE LIVRE ADMISSÃO DE ASSOCIADOS DE MANAUS,b3S,AM,(sem marca no nome - segue individual),202306,2.71816e+08
10143743,COOPERATIVA DE CRÉDITO DE LIVRE ADMISSÃO DE ASSOCIADOS DO SUL DO BRASIL - CREVISC,b3S,SC,(sem marca no nome - segue individual),202603,2.4973563e+08
73422792,COOPERATIVA DE CREDITO DE LIVRE ADMISSAO DE RUBIATABA E REGIAO LTDA,b3S,GO,(sem marca no nome - segue individual),202603,2.4722854e+08
2405189,COOPERATIVA DE CRÉDITO DA GRANDE FLORIANÓPOLIS - ÚNILOS,b3S,SC,(sem marca no nome - segue individual),202603,2.3349902e+08
37631058,COOPERATIVA DE CRÉDITO DE LIVRE ADMISSÃO DE PALMEIRAS E REGIÃO LTDA.,b3S,GO,(sem marca no nome - segue individual),202603,2.149982e+08
1439107,BARRACRED - COOPERATIVA DE ECONOMIA E CRÉDITO MÚTUO,b3S,SP,(sem marca no nome - segue individual),202603,2.0211915e+08
10143499,COOPERATIVA DE CRÉDITO DE LIVRE ADMISSÃO DE JATAÍ E REGIÃO LTDA.,b3S,GO,(sem marca no nome - segue individual),202603,1.951952e+08
1720488,COOPERATIVA DE CRÉDITO DE LIVRE ADMISSÃO DE GOIÂNIA E MICRORREGIÕES LTDA.,b3S,GO,(sem marca no nome - segue individual),202209,1.9434198e+08
62928320,"COOPERATIVA DE ECONOMIA E CRÉDITO MÚTUO DOS SERVIDORES DA FEDERAÇÃO DO COMÉRCIO, SESC E SENAC DE SÃO PAULO",b3S,SP,(sem marca no nome - segue individual),202603,1.933886e+08
39343350,LAR COOPERATIVA DE CRÉDITO - LAR CREDI,b3S,PR,(sem marca no nome - segue individual),202603,1.9186294e+08
4406371,COOPERATIVA DE CRÉDITO DE LIVRE ADMISSÃO DO ESTADO DE GOIÁS,b3S,GO,(sem marca no nome - segue individual),202603,1.7431205e+08
82096447,CREDI&GENTE - COOPERATIVA DE CRÉDITO E INVESTIMENTOS,b3S,PR,(sem marca no nome - segue individual),202603,1.4740251e+08
71418784,COOPERATIVA DE CRÉDITO DOS PROFISSIONAIS DA SAÚDE E LIVRE ADMISSÃO DO SUL DE MINAS LTDA,b3S,MG,(sem marca no nome - segue individual),202603,1.450178e+08
62109566,CREDISAN COOPERATIVA DE CRÉDITO,b3S,SP,(sem marca no nome - segue individual),202603,1.4186914e+08
6910457,COOPERATIVA DE CRÉDITO DE LIVRE ADMISSÃO DE SANTA CRUZ DAS PALMEIRAS E REGIÃO,b3S,SP,(sem marca no nome - segue individual),202603,1.3743123e+08
78157146,CREDIALIANÇA COOPERATIVA DE CRÉDITO RURAL,b3S,PR,(sem marca no nome - segue individual),202512,1.3109201e+08
2562412,COOPERATIVA DE ECONOMIA E CRÉDITO MÚTUO DOS TRABALHADORES DO GRUPO SÃO MARTINHO   USICRED,b3S,SP,(sem marca no nome - segue individual),202603,1.2346679e+08
7714057,COOPERATIVA DE ECONOMIA E CRÉDITO MÚTUO DOS PROFISSIONAIS DA ÁREA NOTARIAL E REGISTRAL - COOPNORE,b3S,RS,(sem marca no nome - segue individual),202603,1.06279e+08
64293582,COOPERATIVA DE CRÉDITO DOS EMPREGADOS DO GRUPO VALLOUREC NO BRASIL - COOVALL LTDA.,b3S,MG,(sem marca no nome - segue individual),202603,1.0497975e+08
43488782,COOPERFEMSA - COOPERATIVA DE CRÉDITO,b3S,SP,(sem marca no nome - segue individual),202603,9.93319e+07
53623781,COOPERATIVA DE CRÉDITO COOPCRED,b3S,SP,(sem marca no nome - segue individual),202603,8.969993e+07
45691128,COOPERATIVA DE ECONOMIA E CRÉDITO MÚTUO E BENEFÍCIOS SOCIAIS BECOOPER,b3S,SP,(sem marca no nome - segue individual),202603,8.8838504e+07
4572960,COOPERATIVA DE ECONOMIA E CRÉDITO MÚTUO DOS MILITARES ESTADUAIS DE SANTA CATARINA - CREDPOM,b3S,SC,(sem marca no nome - segue individual),202603,8.7489336e+07
58290800,COOPERATIVA DE CRÉDITO MÚTUO DOS EMPREGADOS DA MAXION - CREDMAXION,b3S,SP,(sem marca no nome - segue individual),202603,8.669682e+07
1330295,COOPERATIVA DE ECONOMIA E CRÉDITO MÚTUO DOS SERVIDORES PÚBLICOS NO ESTADO DO ESPÍRITO SANTO,b3S,ES,(sem marca no nome - segue individual),202409,8.207745e+07
52046299,COOPERATIVA DE ECONOMIA E CRÉDITO MÚTUO DOS FUNCIONÁRIOS DO ATACADÃO,b3S,SP,(sem marca no nome - segue individual),202603,7.853622e+07
44401800,COOPERATIVA DE CRÉDITO COGEM,b3S,SP,(sem marca no nome - segue individual),202603,7.603051e+07
92935741,COOPERATIVA DE ECONOMIA E CRÉDITO MÚTUO DOS EMPREGADOS DO BANRISUL,b3S,RS,(sem marca no nome - segue individual),202603,7.169972e+07
74248949,COOPERATIVA DE CRÉDITO MÚTUO DOS SERVIDORES MUNICIPAIS DE SÃO JOÃO DA BOA VISTA - CREDIVISTA,b3S,SP,(sem marca no nome - segue individual),202603,6.660382e+07
49654502,COOPERATIVA DE CRÉDITO RURAL DOS FORNECEDORES DE CANA DA REGIÃO DE CATANDUVA-COFOCRED,b3S,SP,(sem marca no nome - segue individual),202603,6.603938e+07
97360804,COOPERATIVA DE CRÉDITO DE LIVRE ADMISSÃO DA CIDADE DE GOIÂNIA E ENTORNO LTDA.,b3S,GO,(sem marca no nome - segue individual),201909,6.137601e+07
2250794,"COOPERATIVA DE ECONOMIA E CRÉDITO MÚTUO DOS MÉDICOS, DEMAIS PROFISSIONAIS DE NÍVEL SUPERIOR DA ÁREA DE SAÚDE E EMPRESÁRIOS DE GUARULHOS E REGIÃO",b3S,SP,(sem marca no nome - segue individual),202003,6.044961e+07
9576849,COOPERATIVA DE CRÉDITO DE LIVRE ADMISSÃO DE CERES E RIALMA LTDA,b3S,GO,(sem marca no nome - segue individual),202603,5.852561e+07
2137018,COOPERATIVA DE CRÉDITO DE LIVRE ADMISSÃO DE RORAIMA LTDA.,b3S,RR,(sem marca no nome - segue individual),202503,5.7785176e+07
7108146,COOPERATIVA DE CRÉDITO DE LIVRE ADMISSÃO DO VALE RIO CRIXÁS LTDA.,b3S,GO,(sem marca no nome - segue individual),202212,4.9884516e+07
51010858,COOPERATIVA DE CAPITAL E EMPRÉSTIMO COOPERMULTICRED - COOPERMC,b3S,SP,(sem marca no nome - segue individual),202603,4.9804996e+07
5667301,COOPERATIVA DE ECONOMIA E CRÉDITO MÚTUO - COOPERSERV,b3S,SP,(sem marca no nome - segue individual),202603,4.848491e+07
62562012,COOPERATIVA DE ECONOMIA E CRÉDITO MÚTUO DOS FUNCIONÁRIOS DA  NESTLÉ - NESCRED,b3S,SP,(sem marca no nome - segue individual),202603,4.5838524e+07
63229629,COOPERATIVA DE CREDITO RURAL ASCOOB SISAL,b3S,BA,(sem marca no nome - segue individual),202309,4.550735e+07
46277273,GPATIVA - COOPERATIVA DE ECONOMIA E CRÉDITO MÚTUO DOS EMPREGADOS DO GRUPO PÃO DE AÇÚCAR,b3S,SP,(sem marca no nome - segue individual),202603,4.4965304e+07
2347114,GREENCRED - COOPERATIVA DE CREDITO,b3S,PR,(sem marca no nome - segue individual),202603,4.3782892e+07
2024442,COOPERATIVA DE ECONOMIA E CRÉDITO MÚTUO DOS EMPREGADOS DO GRUPO COLORADO,b3S,SP,(sem marca no nome - segue individual),202603,4.3059136e+07
3612679,COOPERATIVA DE CRÉDITO MÚTUO DOS SERVIDORES PÚBLICOS - CREDI-SP,b3S,SP,(sem marca no nome - segue individual),202603,4.293641e+07
3921543,COOPERATIVA DE CRÉDITO RURAL ASCOOB ITAPICURU - ASCOOB ITAPICURU.,b3S,BA,(sem marca no nome - segue individual),202109,3.719051e+07
27171974,COOPERÁGUIA - COOPERATIVA DE ECONOMIA E CRÉDITO MÚTUO DOS EMPREGADOS DO GRUPO ÁGUIA BRANCA,b3S,ES,(sem marca no nome - segue individual),202603,3.6743016e+07
1601342,COOPERATIVA DE CRÉDITO DE LIVRE ADMISSÃO DE MICRO REGIÕES DE GOIÂNIA E ADJACENTES LTDA.,b3S,GO,(sem marca no nome - segue individual),201909,3.516975e+07
68228006,COOPERATIVA DE ECONOMIA E CRÉDITO MÚTUO DOS FUNCIONÁRIOS DA CARGILL,b3S,SP,(sem marca no nome - segue individual),202603,3.3553834e+07
89280960,COOPERATIVA DE ECONOMIA E CREDITO MUTUO DOS EMPREGADOS DAS EMPRESAS RANDON,b3S,RS,(sem marca no nome - segue individual),202603,3.2741792e+07
2093154,"COOPERATIVA DE CRÉDITO MÚTUO DOS EMPREGADOS DO MAGAZINE LUIZA, EMPRESAS CONTROLADAS E COLIGADAS - COOPLUIZA",b3S,SP,(sem marca no nome - segue individual),202603,2.8913722e+07
8850613,COOPERATIVA DE ECONOMIA E CRÉDITO MÚTUO DOS EMPREGADOS DA CENTRAIS ELÉTRICAS DE SANTA CATARINA - CREDELESC,b3S,SC,(sem marca no nome - segue individual),202603,2.8238452e+07
62284385,COOPERATIVA DE ECONOMIA E CRÉDITO MÚTUO DOS EMPREGADOS DO GRUPO SCHAEFFLER,b3S,SP,(sem marca no nome - segue individual),202603,2.6790284e+07
3575699,MEDCRED COOPERATIVA DE CRÉDITO,b3S,SP,(sem marca no nome - segue individual),202503,2.5342016e+07
18140913,COOPERATIVA DE ECONOMIA E CRÉDITO MÚTUO DOS EMPREGADOS DA CBMM LTDA.,b3S,MG,(sem marca no nome - segue individual),202603,2.4023564e+07
74244344,COOPERATIVA DE ECONOMIA E CRÉDITO MÚTUO DO GRUPO BASF,b3S,SP,(sem marca no nome - segue individual),202603,2.2990558e+07
4791645,COOPERATIVA DE CRÉDITO MÚTUO DOS SERVIDORES DA ASSEMBLEIA LEGISLATIVA DO ESTADO DE SÃO PAULO - COOPERALESP,b3S,SP,(sem marca no nome - segue individual),202603,2.2931376e+07
73092827,COOPERATIVA DE CRÉDITO MÚTUO DOS SERVIDORES DO MINISTERIO DA EDUCAÇÃO EM SÃO PAULO - COOPEMESP,b3S,SP,(sem marca no nome - segue individual),202603,2.2147178e+07
3973814,SERVICOOP - COOPERATIVA DE CRÉDITO DOS SERVIDORES PÚBLICOS ESTADUAIS E MUNICIPAIS DO RIO GRANDE DO SUL,b3S,RS,(sem marca no nome - segue individual),202603,2.0554026e+07
2285107,COOPERATIVA DE ECONOMIA E CRÉDITO MÚTUO DOS SERVIDORES DA UNIVERSIDADE ESTADUAL DE CAMPINAS - COOPERUNICAMP,b3S,SP,(sem marca no nome - segue individual),202603,2.0528012e+07
44746352,COOPERATIVA DE CRÉDITO DOS FORNECEDORES DE CANA DE BARRA BONITA E REGIÃO,b3S,SP,(sem marca no nome - segue individual),202603,2.0245506e+07
4414354,COOPERATIVA DE CRÉDITO MÚTUO DO ABC - COOPER 7,b3S,SP,(sem marca no nome - segue individual),202603,1.9887256e+07
1062439,COOPERATIVA DE ECONOMIA E CREDITO MUTUO DOS FUNCIONARIOS DA COMIGO,b3S,GO,(sem marca no nome - segue individual),202603,1.9497786e+07
53846242,COOPERATIVA DE ECONOMIA E CRÉDITO MÚTUO DOS FUNCIONÁRIOS DA VILLARES METALS,b3S,SP,(sem marca no nome - segue individual),202603,1.9401882e+07
5040680,COOPERATIVA DE CRÉDITO DOS MAGISTRADOS DO ESTADO DO RIO DE JANEIRO LTDA. - MAGICREDI-RJ,b3S,RJ,(sem marca no nome - segue individual),202603,1.8909368e+07
1997612,COOPERATIVA DE ECONOMIA E CRÉDITO MÚTUO DOS FUNCIONÁRIOS DA FUNDAÇÃO ZERBINI E DA FUNDAÇÃO FACULDADE DE MEDICINA (FFM) - COOPINCOR,b3S,SP,(sem marca no nome - segue individual),202603,1.820821e+07
61039038,"COOPERATIVA DE ECONOMIA E CREDITO MUTUO DOS COLABORADORES DA SG INDUSTRIA E COMERCIO DE MATERIAIS DE CONSTRUCAO, VIDROS E AFINS",b3S,SP,(sem marca no nome - segue individual),202303,1.8179814e+07
46058731,COOPERATIVA DE ECONOMIA E CRÉDITO MÚTUO DOS EMPREGADOS DA RHODIA PAULINIA,b3S,SP,(sem marca no nome - segue individual),202006,1.8098866e+07
946465,COOPERATIVA DE ECONOMIA E CRÉDITO MÚTUO DOS SERVIDORES DA PREFEITURA MUNICIPAL DE ORLÂNDIA - CRED SERV,b3S,SP,(sem marca no nome - segue individual),202603,1.7877076e+07
51489318,COOPERATIVA DE ECONOMIA E CRÉDITO MÚTUO DOS MAGISTRADOS DE SÃO PAULO - MAGISCRED,b3S,SP,(sem marca no nome - segue individual),202603,1.7665202e+07
67341487,COOPERATIVA DE ECONOMIA E CRÉDITO MÚTUO DOS FUNCIONÁRIOS DA TETRA PAK,b3S,SP,(sem marca no nome - segue individual),202603,1.7631404e+07
57563728,COOPERATIVA DE ECONOMIA E CRÉDITO MÚTUO DOS EMPREGADOS DAS EMPRESAS DO GRUPO ECONÔMICO RHODIA - CREDIRHODIA,b3S,SP,(sem marca no nome - segue individual),202603,1.6657783e+07
53505681,COOPERATIVA DE ECONOMIA E CRÉDITO MÚTUO DOS EMPREGADOS DAS EMPRESAS METALÚRGICAS DE MATÃO - METALCOOPERCRED,b3S,SP,(sem marca no nome - segue individual),202603,1.6462818e+07
53184438,COOPERATIVA DE ECONOMIA E CRÉDITO MÚTUO DOS COLABORADORES DA CEBRACE,b3S,SP,(sem marca no nome - segue individual),202603,1.6344306e+07
53776852,COOPERATIVA DE CRÉDITO CREDICENTRO,b3S,SP,(sem marca no nome - segue individual),202603,1.4986092e+07
18310649,COOPERATIVA DE ECONOMIA E CRÉDITO MÚTUO DOS SERVIDORES PÚBLICOS MUNICIPAIS EM JOÃO MONLEVADE LTDA. - COPREMON,b3S,MG,(sem marca no nome - segue individual),202603,1.4936182e+07
7564184,COOPERATIVA DE CRÉDITO RURAL ASCOOB SERTÕES - ASCOOB SERTÕES,b3S,AL,(sem marca no nome - segue individual),202309,1.4038255e+07
4998845,COOPERATIVA DE CRÉDITO DOS EMPREGADOS DA MINERAÇÃO RIO DO NORTE,b3S,PA,(sem marca no nome - segue individual),202603,1.3754442e+07
59620708,COOPERATIVA DE ECONOMIA E CRÉDÍTO MÚTUO DOS FUNCIONÁRIOS DA MWM TUPY DO BRASIL,b3S,SP,(sem marca no nome - segue individual),202603,1.3739498e+07
48718183,COOPERATIVA DE ECONOMIA E CRÉDITO MÚTUO DOS FUNCIONÁRIOS DA ERICSSON - COOPERICSSON,b3S,SP,(sem marca no nome - segue individual),202603,1.3494248e+07
88325113,COOPERATIVA    DE    ECONOMIA    E    CRÉDITO   MÚTUO  MINUANO,b3S,RS,(sem marca no nome - segue individual),202603,1.34682e+07
20833976,COOPERATIVA DE CRÉDITO DOS SERVIDORES PÚBLICOS MUNICIPAIS DE TIMÓTEO LTDA. - COOPERTIM,b3S,MG,(sem marca no nome - segue individual),202603,1.343605e+07
2115870,COOPERATIVA DE ECONOMIA E CRÉDITO MÚTUO DOS FUNCIONÁRIOS PÚBLICOS MUNICIPAIS DE ITAPIRA - CREDITA,b3S,SP,(sem marca no nome - segue individual),202603,1.3294608e+07
68969625,COOPERATIVA DE ECONOMIA E CRÉDITO MÚTUO DOS EMPREGADOS DAS EMPRESAS CONTROLADAS E COLIGADAS DA USINA SANTA ADELIA - USAGRO,b3S,SP,(sem marca no nome - segue individual),202603,1.313906e+07
41791005,COOPERATIVA DE ECONOMIA E CRÉDITO MÚTUO DOS SERVIDORES MUNICIPAIS DE POÇOS DE CALDAS LTDA. - COOPOÇOS,b3S,MG,(sem marca no nome - segue individual),202603,1.2944614e+07
2232228,COOPERATIVA DE ECONOMIA E CRÉDITO MÚTUO DOS EMPREGADOS DO GRUPO SBF LTDA. - COOPER ATIVA SBF,b3S,SP,(sem marca no nome - segue individual),202603,1.2921672e+07
1235921,COOPERATIVA DE CRÉDITO DOS SERVIDORES PÚBLICOS MUNICIPAIS DA GRANDE VITÓRIA/ES,b3S,ES,(sem marca no nome - segue individual),202603,1.2870525e+07
43730498,COOPERATIVA DE CRÉDITO DOS EMPREGADOS DE ELEVADORES ATLAS,b3S,SP,(sem marca no nome - segue individual),202603,1.2500985e+07
5097757,COOPERATIVA DE CRÉDITO E SERVIÇOS FINANCEIROS DE CURITIBA E REGIÃO METROPOLITANA,b3S,PR,(sem marca no nome - segue individual),202603,1.243449e+07
20062766,COOPERATIVA DE ECONOMIA E CRÉDITO MÚTUO DOS COLABORADORES DO GRUPO EMPRESARIAL A COSTA LTDA.,b3S,MG,(sem marca no nome - segue individual),202603,1.242176e+07
3930587,"COOPERATIVA DE ECONOMIA E CRÉDITO MÚTUO DOS SECURITARIOS, DOS CORRETORES DE SEGUROS E DE CAPITALIZACAO DO RIO DE JANEIRO LTDA.",b3S,RJ,(sem marca no nome - segue individual),202012,1.2408447e+07
12272183,COOPERATIVA DE CRÉDITO RURAL DOS PLANTADORES DE CANA DE ALAGOAS,b3S,AL,(sem marca no nome - segue individual),202603,1.1979681e+07
2814832,COOPERATIVA DE CRÉDITO COOPHARMA,b3S,SP,(sem marca no nome - segue individual),202603,1.1457964e+07
42107706,COOPERATIVA DE ECONOMIA E CREDITO MUTUO DOS EMPREGADOS DE ELEVADORES ATLAS SCHINDLER LTDA.,b3S,RJ,(sem marca no nome - segue individual),202603,1.1144517e+07
26758433,COOPERATIVA DE ECONOMIA E CRÉDITO MÚTUO DOS PETROLEIROS NO ESTADO DE MINAS GERAIS LTDA. - COPETRO,b3S,MG,(sem marca no nome - segue individual),202603,1.0935754e+07
1288797,COOPERATIVA DE ECONOMIA E CRÉDITO MÚTUO DOS FUNCIONÁRIOS DA ASTRAZENECA DO BRASIL,b3S,SP,(sem marca no nome - segue individual),202603,1.0617602e+07
92675578,COOPERATIVA DE ECONOMIA E CRÉDITO MÚTUO DOS EMPREGADOS DO SISTEMA FIERGS - CRESUL,b3S,RS,(sem marca no nome - segue individual),202603,1.0449671e+07
57038408,COOPERATIVA DE ECONOMIA E CRÉDITO MÚTUO DOS FUNCIONÁRIOS DA BOMBRIL,b3S,SP,(sem marca no nome - segue individual),202603,1.0422501e+07
2083914,COOPERATIVA DE CRÉDITO MÚTUO DOS POLICIAIS FEDERAIS E SERVIDORES PÚBLICOS NO ESPÍRITO SANTO - CREDFEDERAL,b3S,ES,(sem marca no nome - segue individual),202603,1.0332569e+07
54335401,COOPERATIVA DE ECONOMIA E CRÉDITO MÚTUO DOS EMPREGADOS DA COMPANHIA BRASILEIRA DE ALUMÍNIO,b3S,SP,(sem marca no nome - segue individual),202603,1.0265468e+07
2588819,"COOPERATIVA DE ECONOMIA E CRÉDITO MÚTUO DOS EMPREGADOS DA UNIÃO MARISTA DO BRASIL E SUAS ASSOCIADAS, PROVÍNCIA MARISTA BRASIL CENTRO-NORTE E UNIÃO BRASILEIRA DE EDUCAÇÃO CATÓLICA.",b3S,MG,(sem marca no nome - segue individual),202603,9.756399e+06
4608925,CREDJUST - COOPERATIVA DE CRÉDITO MÚTUO DOS INTEGRANTES DA JUSTIÇA DO TRABALHO DA 13- REGIÃO LTDA.,b3S,PB,(sem marca no nome - segue individual),202603,9.474064e+06
23241540,CREBEL - COOPERATIVA DE ECONOMIA E CRÉDITO MÚTUO DOS COLABORADORES DAS EMPRESAS BELGO BEKAERT - CREBEL LTDA.,b3S,MG,(sem marca no nome - segue individual),202603,9.288637e+06
57259525,COOPERATIVA DE ECONOMIA E CRÉDITO MÚTUO DOS FUNCIONÁRIOS DA FACULDADE DE CIÊNCIAS AGRÁRIAS E VETERINÁRIAS - CAMPUS DE JABOTICABAL/SP - COOPERFAC,b3S,SP,(sem marca no nome - segue individual),202603,9.054487e+06
43268960,COOPERATIVA DE ECONOMIA E CRÉDITO MÚTUO DOS FUNCIONÁRIOS DO GRUPO AVIBRAS - COOPER AVIBRAS,b3S,SP,(sem marca no nome - segue individual),202603,8.97321e+06
59305565,COOPERATIVA DE ECONOMIA E CRÉDITO MÚTUO DOS EMPREGADOS DA CONFAB,b3S,SP,(sem marca no nome - segue individual),202603,8.9494e+06
2475222,COOPERATIVA DE ECONOMIA E CREDITO MUTUO DOS SERVIDORES ESTATUTARIOS DA ADMINISTRAÇÃO DIRETA DO ESTADO DO ESPIRITO SANTO - COOPSERVIDOR ES,b3S,ES,(sem marca no nome - segue individual),202603,8.903448e+06
57545436,COOPERATIVA DE ECONOMIA E CRÉDITO MÚTUO DOS EMPREGADOS DA NOVELIS,b3S,SP,(sem marca no nome - segue individual),202603,8.809287e+06
67915868,COOPERATIVA DE ECONOMIA E CRÉDITO MÚTUO DOS TRABALHADORES DA CIA. DE PROCESSAMENTO DE DADOS DO ESTADO DE SÃO PAULO - CREDIPRODESP,b3S,SP,(sem marca no nome - segue individual),202603,8.730206e+06
731320,COOPERATIVA DE ECONOMIA E CRÉDITO MÚTUO DOS FUNCIONÁRIOS DA MORLAN - CRED MORLAN,b3S,SP,(sem marca no nome - segue individual),202603,7.9520055e+06
30949267,COOPERATIVA DE ECONOMIA E CREDITO MUTUO DOS EMPREGADOS DE CHOCOLATES GAROTO LTDA. - CREDI-GAROTO,b3S,ES,(sem marca no nome - segue individual),202603,7.8555305e+06
58022195,COPERCRED - COOPERATIVA DE ECONOMIA E CRÉDITO MÚTUO DOS EMPREGADOS DAS EMPRESAS ZILLO LORENZETTI,b3S,SP,(sem marca no nome - segue individual),202603,7.8026795e+06
778858,COOPERATIVA DE ECONOMIA E CRÉDITO MÚTUO DOS SERVIDORES DO DISTRITO FEDERAL LTDA. - COOSERVCRED,b3S,DF,(sem marca no nome - segue individual),202603,7.7961005e+06
2159014,COOPERATIVA DE ECONOMIA E CRÉDITO MÚTUO DOS MÉDICOS DE JABOTICABAL - COPERMED JABOTICABAL,b3S,SP,(sem marca no nome - segue individual),201906,7.7508635e+06
2104058,COOPERATIVA DE CRÉDITO MÚTUO DOS EMPREGADOS DA PILKINGTON BRASIL,b3S,SP,(sem marca no nome - segue individual),202603,7.723759e+06
73631483,COOPERATIVA DE ECONOMIA E CRÉDITO MÚTUO DOS EMPREGADOS DO GRUPO BAYER E EMPRESAS QUÍMICAS E FARMACÊUTICAS DO ESTADO DO RIO DE JANEIRO LTDA.,b3S,RJ,(sem marca no nome - segue individual),202603,7.4248435e+06
20622809,COOPERATIVA DE ECONOMIA E CRÉDITO MÚTUO DOS EMPREGADOS DA SAMARCO MINERAÇÃO S.A. LTDA - CREDISAM,b3S,MG,(sem marca no nome - segue individual),202603,7.3889145e+06
49091119,COOPERATIVA DE CRÉDITO MÚTUO DOS EMPREGADOS DA SKF E COLIGADAS,b3S,SP,(sem marca no nome - segue individual),202603,7.237865e+06
45214947,COOPERATIVA DE ECONOMIA E CRÉDITO MÚTUO DOS FUNCIONÁRIOS DE PARKER HANNIFIN,b3S,SP,(sem marca no nome - segue individual),201909,6.945171e+06
71384697,COOPERATIVA DE ECONOMIA E CRÉDITO MÚTUO DOS TRABALHADORES NAS INDÚSTRIAS DE EXTRAÇÃO DE FERRO E METAIS BÁSICOS DA REGIÃO DE CONGONHAS LTDA. - COOFERSE,b3S,MG,(sem marca no nome - segue individual),202603,6.617751e+06
47196084,COOPERATIVA DE ECONOMIA E CRÉDITO MÚTUO DOS FUNCIONÁRIOS DO GRUPO COMOLATTI - SÃO PAULO,b3S,SP,(sem marca no nome - segue individual),202603,6.613499e+06
5841967,COOPERATIVA DE ECONOMIA E CRÉDITO MÚTUO DOS FABRICANTES DE CALÇADOS DE SAPIRANGA LTDA.,b3S,RS,(sem marca no nome - segue individual),202603,6.575524e+06
17314501,COOPERATIVA DE CRÉDITO COOPAÇO LTDA.,b3S,MG,(sem marca no nome - segue individual),202603,6.5350665e+06
43182278,COOPERATIVA DE ECONOMIA E CRÉDITO MÚTUO DOS FUNCIONÁRIOS DO GRUPO OWENS-ILLINOIS DO BRASIL,b3S,SP,(sem marca no nome - segue individual),202603,6.510843e+06
4306351,INDEPENDÊNCIA COOPERATIVA DE CRÉDITO E INVESTIMENTO - INDEPENDÊNCIA COOPERATIVA DE CRÉDITO,b3S,SP,(sem marca no nome - segue individual),202603,6.4447825e+06
52623311,COOPERATIVA DE CRÉDITO RURAL DOS PLANTADORES DE CANA DA REGIÃO DE IGARAPAVA,b3S,SP,(sem marca no nome - segue individual),202603,6.431989e+06
8227676,COOPERATIVA DE CRÉDITO MÚTUO DOS TRABALHADORES DO SETOR AEROESPACIAL DE SÃO JOSE DOS CAMPOS - COSAE,b3S,SP,(sem marca no nome - segue individual),201909,6.426426e+06
96409263,COOPERATIVA DE ECONOMIA E CRÉDITO MÚTUO DOS SERVIDORES DA FACULDADE DE ENGENHARIA DE ILHA SOLTEIRA - COOPERFEIS,b3S,SP,(sem marca no nome - segue individual),202603,6.4245925e+06
91018408,COOPERATIVA DE ECONOMIA E CRÉDITO MÚTUO DOS FUNCIONÁRIOS DAS EMPRESAS DO GRUPO DANA - COOPDANA,b3S,RS,(sem marca no nome - segue individual),202603,6.34399e+06
45045671,COOPERATIVA DE ECONOMIA E CRÉDITO MÚTUO DOS FUNCIONÁRIOS DA ELGIN,b3S,SP,(sem marca no nome - segue individual),202603,6.3177155e+06
2853045,COOPERATIVA DE ECONOMIA E CREDITO MUTUO DOS MEDICOS E DEMAIS PROFISSIONAIS DA SAUDE DE JOACABA,b3S,SC,(sem marca no nome - segue individual),202603,6.275005e+06
2999687,COOPERATIVA DE ECONOMIA E CRÉDITO MÚTUO DOS CORRETORES DE SEGUROS DO RIO GRANDE DO SUL - CREDICOR,b3S,RS,(sem marca no nome - segue individual),202103,6.203626e+06
52935442,COOPERATIVA DE ECONOMIA E CRÉDITO MÚTUO ALIANÇA - COOPERNITRO,b3S,SP,(sem marca no nome - segue individual),202603,6.084489e+06
42123000,"COOPERATIVA DE ECONOMIA E CREDITO MUTUO DOS FUNCIONARIOS DE PRODUTOS ROCHE QUIMICOS E FARMACEUTICOS S.A., LTDA",b3S,RJ,(sem marca no nome - segue individual),201903,6.0811655e+06
71965313,COOPERATIVA DE ECONOMIA E CRÉDITO MÚTUO DOS FUNCIONÁRIOS DO FLEURY,b3S,SP,(sem marca no nome - segue individual),202603,6.06636e+06
44588366,COOPERATIVA DE ECONOMIA E CRÉDITO MÚTUO DOS FUNCIONÁRIOS DO HOSPITAL VERA CRUZ E VERA CRUZ ASSOCIAÇÃO DE SAÚDE,b3S,SP,(sem marca no nome - segue individual),201912,5.90042e+06
3639902,COOPERATIVA DE ECONOMIA E CRÉDITO MÚTUO DOS SERVIDORES PÚBLICOS DOS PODERES EXECUTIVOS NO ESTADO DO ESPÍRITO SANTO,b3S,ES,(sem marca no nome - segue individual),202603,5.846264e+06
4478231,COOPERATIVA DE ECONOMIA E CRÉDITO MÚTUO DOS MEMBROS DO MINISTÉRIO PÚBLICO DE SÃO PAULO - PROMOCRED,b3S,SP,(sem marca no nome - segue individual),202603,5.4997405e+06
32422628,COOPERATIVA DE CREDITO RURAL DE GUACUI - CREDIGUAÇUÍ,b3S,ES,(sem marca no nome - segue individual),202603,5.482425e+06
59133793,COOPERATIVA DE ECONOMIA E CRÉDITO MÚTUO DOS EMPREGADOS DA MONSANTO,b3S,SP,(sem marca no nome - segue individual),201906,5.3642125e+06
50848910,COOPERATIVA DE CRÉDITO DOS PLANTADORES DE CANA DA REGIÃO DE LENÇÓIS PAULISTA,b3S,SP,(sem marca no nome - segue individual),202103,5.2981545e+06
5548335,COOPERATIVA DE ECONOMIA E CRÉDITO MÚTUO DOS FUNCIONÁRIOS DO GRUPO JAL LTDA.,b3S,RJ,(sem marca no nome - segue individual),202603,5.25438e+06
57598120,COOPERATIVA DE ECONOMIA E CRÉDITO MÚTUO DOS EMPREGADOS DO GRUPO TELEFÔNICA,b3S,SP,(sem marca no nome - segue individual),202603,5.199699e+06
4546162,COOPERATIVA DE CRÉDITO MÚTUO DE SERVIDORES PÚBLICOS DO ESTADO DE SÃO PAULO - CREDIFISCO,b3S,SP,(sem marca no nome - segue individual),202309,5.1081525e+06
49204605,NOSSA TERRA BRASIL COOPERATIVA DE CRÉDITO,b3S,SP,(sem marca no nome - segue individual),202603,4.9140325e+06
4249235,COOPERATIVA DE ECONOMIA E CRÉDITO MÚTUO DOS  EMPREGADOS DA TUPY MINAS GERAIS LTDA. E NEMAK ALUMÍNIO DO BRASIL LTDA.,b3S,MG,(sem marca no nome - segue individual),202603,4.8950675e+06
512839,COOPERATIVA DE CRÉDITO DOS SERVIDORES DO MUNICIPIO DE SANTO ANDRÉ - SP - CECRESA,b3S,SP,(sem marca no nome - segue individual),202603,4.594096e+06
48140925,COOPERATIVA DE ECONOMIA E CRÉDITO MÚTUO DOS EMPREGADOS DA SAINT-GOBAIN DO BRASIL PRODUTOS INDUSTRIAIS E PARA CONSTRUÇÃO - DIVISÃO VIDRO PLANO,b3S,SP,(sem marca no nome - segue individual),202603,4.461063e+06
73077398,COOPERATIVA DE ECONOMIA E CRÉDITO MÚTUO DOS EMPREGADOS DA EATON,b3S,SP,(sem marca no nome - segue individual),202603,4.39836e+06
44223196,COOPERATIVA DE ECONOMIA E CRÉDITO MÚTUO DOS EMPREGADOS DA RECKITT BENCKISER,b3S,SP,(sem marca no nome - segue individual),202603,4.2936525e+06
60219045,COOPERATIVA DE ECONOMIA E CRÉDITO MÚTUO DOS FUNCIONÁRIOS DA GERDAU S.A. - UNIDADE PINDAMONHANGABA,b3S,SP,(sem marca no nome - segue individual),201912,4.1842718e+06
19495266,COOPERATIVA DE CRÉDITO DOS EMPREGADOS DA COMPANHIA INDUSTRIAL CATAGUASES E DA BAUMINAS LTDA. - COOPECIC,b3S,MG,(sem marca no nome - segue individual),202603,4.13207e+06
1918144,COOPERATIVA DE ECONOMIA E CRÉDITO MÚTUO DOS TRABALHADORES DA UNIVERSIDADE FEDERAL DE MINAS GERAIS LTDA. - COOPECREMT-UFMG,b3S,MG,(sem marca no nome - segue individual),202203,4.0778308e+06
41219353,"COOPSEBRAE - COOPERATIVA DE CRÉDITO MÚTUO DOS EMPREGADOS DO SEBRAE/PB, SEBRAE/RN, SESC/PB, SENAC/PB, SENAR/PB E FAEPA/PB",b3S,PB,(sem marca no nome - segue individual),202603,4.0444075e+06
5746715,COOPERATIVA DE ECONOMIA E CRÉDITO MÚTUO DOS SERVIDORES DA SECRETARIA DE DEFESA SOCIAL DO ESTADO DE MINAS GERAIS LTDA. - COOPSESP,b3S,MG,(sem marca no nome - segue individual),202603,3.9261782e+06
53932869,COOPERATIVA DE CRÉDITO MÚTUO DOS FUNCIONÁRIOS DAS EMPRESAS FERROVIÁRIAS NO ESTADO DE SÃO PAULO,b3S,SP,(sem marca no nome - segue individual),202603,3.9025138e+06
2541707,COOPERATIVA DE ECONOMIA E CRÉDITO MÚTUO DOS FUNCIONÁRIOS DAS EMPRESAS DE CERÂMICA - COOPASPACER,b3S,SP,(sem marca no nome - segue individual),202603,3.8953678e+06
30304919,"COOPERATIVA DE ECONOMIA E CRÉDITO MÚTUO DOS EMPREGADOS DA CNC, SESC E SENAC ADMINISTRAÇÕES NACIONAIS LTDA.",b3S,RJ,(sem marca no nome - segue individual),202603,3.8209005e+06
31746993,COOPERATIVA DE ECONOMIA E CREDITO MUTUO DOS EMPREGADOS DE ESTABELECIMENTOS HOSPITALARES DO SUL DO ESTADO DO ESPIRITO SANTO - SULCRED,b3S,ES,(sem marca no nome - segue individual),202603,3.8148762e+06
43553049,COOPERATIVA DE ECONOMIA E CRÉDITO MÚTUO DOS EMPREGADOS DA EATON LTDA.,b3S,SP,(sem marca no nome - segue individual),201906,3.7404485e+06
5728016,COOPERATIVA DE CRÉDITO MÚTUO DOS SERVIDORES DO MINISTÉRIO DA SAÚDE EM MACEIÓ - SAUDECRED,b3S,AL,(sem marca no nome - segue individual),201912,3.5860098e+06
5165103,COOPERATIVA DE CRÉDITO MÚTUO DOS FUNCIONÁRIOS DA CAMDA-COCREALPA - CREDI-CAMDA,b3S,SP,(sem marca no nome - segue individual),202009,3.5037655e+06
53272365,COOPERATIVA DE ECONOMIA E CRÉDITO MÚTUO DOS EMPREGADOS DAS INDÚSTRIAS UNILEVER DO BRASIL,b3S,SP,(sem marca no nome - segue individual),202603,3.4921328e+06
57440521,COOPERATIVA DE ECONOMIA E CRÉDITO MÚTUO DOS FUNCIONÁRIOS DA TICKET SERVIÇOS COMÉRCIO E ADMINISTRAÇÃO,b3S,SP,(sem marca no nome - segue individual),202603,3.3755762e+06
17607375,COOPERATIVA DE ECONOMIA E CRÉDITO MÚTUO DOS EMPREGADOS DA MOSAIC FERTILIZANTES DE UBERABA - COPERURA LTDA.,b3S,MG,(sem marca no nome - segue individual),202603,3.3121588e+06
55319370,COOPERATIVA DE CRÉDITO MÚTUO DOS EMPREGADOS DA FIAÇÃO ALPINA - COOPERALPINA,b3S,SP,(sem marca no nome - segue individual),202603,3.1983122e+06
4804353,COOPERATIVA DE CRÉDITO MÚTUO DOS SERVIDORES DA SEGURANÇA PÚBLICA DE SÃO PAULO - CREDIAFAM,b3S,SP,(sem marca no nome - segue individual),202603,3.1948408e+06
3990888,COOPERATIVA DE ECONOMIA E CREDITO MUTUO DOS SERVIDORES PUBLICOS MUNICIPAIS DE PORTO ALEGRE,b3S,RS,(sem marca no nome - segue individual),202603,3.1796288e+06
1551820,COOPERATIVA DE ECONOMIA E CREDITO MUTUO DOS FUNCIONARIOS DO EXPRESSO PRINCESA DOS CAMPOS,b3S,PR,(sem marca no nome - segue individual),202603,3.083372e+06
30586895,COOPERATIVA DE ECONOMIA E CREDITO MUTUO DOS EMPREGADOS DOS LABORATORIOS B.BRAUN LTDA,b3S,RJ,(sem marca no nome - segue individual),202603,3.0526302e+06
48172860,A COOPERATIVA DE ECONOMIA E CRÉDITO MÚTUO DOS FUNCIONÁRIOS DA BRAZIL GR LTDA.,b3S,SP,(sem marca no nome - segue individual),202603,3.002023e+06
6077760,COOPERATIVA DE CRÉDITO MÚTUO DOS FUNCIONÁRIOS DA RICLAN,b3S,SP,(sem marca no nome - segue individual),202603,2.984322e+06
4899135,CREDEXTRA - COOPERATIVA DE ECONOMIA E CRÉDITO MÚTUO DOS EMPREGADOS DA REALMAR DISTRIBUIDORA LTDA,b3S,ES,(sem marca no nome - segue individual),202206,2.803972e+06
548980,COOPERATIVA DE ECONOMIA E CRÉDITO MÚTUO DOS FUNCIONÁRIOS DO GRUPO SUGGAR LTDA.,b3S,MG,(sem marca no nome - segue individual),202603,2.7918498e+06
1504952,COOPERATIVA DE ECONOMIA E CRÉDITO MÚTUO DOS FUNCIONÁRIOS DAS EMPRESAS MELHORAMENTOS DE SÃO PAULO - COOPERMEL,b3S,SP,(sem marca no nome - segue individual),202603,2.7859138e+06
64761471,COOPERATIVA DE ECONOMIA E CRÉDITO MÚTUO DOS FUNCIONÁRIOS DA ANDORINHA - COFASA,b3S,SP,(sem marca no nome - segue individual),201912,2.7749e+06
9244973,COOPERATIVA DE CRÉDITO RURAL ASCOOB COOPEC - ASCOOB COOPEC,b3S,SE,(sem marca no nome - segue individual),202109,2.749205e+06
1819799,COOPERATIVA DE ECONOMIA E CREDITO MUTUO DOS SERVIDORES MUNICIPAIS DO SUL FLUMINENSE LTDA.,b3S,RJ,(sem marca no nome - segue individual),202603,2.6843692e+06
45068632,COOPERATIVA DE ECONOMIA E CRÉDITO MÚTUO DOS FUNCIONÁRIOS DA ACUMENT BRASIL,b3S,SP,(sem marca no nome - segue individual),202603,2.5118108e+06
72952138,COOPERATIVA DE ECONOMIA E CRÉDITO MÚTUO DOS FUNCIONÁRIOS DA SELENE,b3S,SP,(sem marca no nome - segue individual),202603,2.4819995e+06
44905255,COOPERATIVA DE ECONOMIA E CRÉDITO MÚTUO DOS FUNCIONÁRIOS DO GRUPO LORENZETTI,b3S,SP,(sem marca no nome - segue individual),202603,2.4152402e+06
3422007,COOPERATIVA DE CRÉDITO DOS BANCÁRIOS DE SÃO PAULO E MUNICÍPIOS LIMÍTROFES,b3S,SP,(sem marca no nome - segue individual),202603,2.2192905e+06
69136075,COOPERATIVA DE ECONOMIA E CRÉDITO MÚTUO DOS SERVIDORES DA UNESP - COOPUNESP,b3S,SP,(sem marca no nome - segue individual),202603,2.2129662e+06
28885036,COOPERATIVA DE ECONOMIA E CREDITO MUTUO DOS SERVIDORES DA UERJ LTDA. - COOPUERJ,b3S,RJ,(sem marca no nome - segue individual),202603,2.1891665e+06
881829,COOPERATIVA DE CRÉDITO MÚTUO DOS SERVIDORES PÚBLICOS MUNICIPAIS DE JABOTICABAL - COOPERSERV,b3S,SP,(sem marca no nome - segue individual),202409,2.1614215e+06
57996878,COOPERATIVA DE CRÉDITO DOS EMPREGADOS DO GRUPO AKZO NOBEL BRASIL - COOP AKZONOBEL,b3S,SP,(sem marca no nome - segue individual),202603,2.0966478e+06
2723075,COOPSERJ - COOPERATIVA DE CRÉDITO MÚTUO DOS SERVIDORES PÚBLICOS DO PODER EXECUTIVO DO ESTADO DO RIO DE JANEIRO LTDA.,b3S,RJ,(sem marca no nome - segue individual),202603,2.0940169e+06
53800488,COOPERATIVA DE CRÉDITO MÚTUO DOS SERVIDORES DE ÓRGAOS GESTORES DE RECURSOS HÍDRICOS DO ESTADO DE SÃO PAULO - COOPERHIDRO,b3S,SP,(sem marca no nome - segue individual),202603,1.9860345e+06
29341260,COOPERATIVA DE ECONOMIA E CREDITO MUTUO DOS SERVIDORES DA COMLURB LTDA,b3S,RJ,(sem marca no nome - segue individual),202603,1.919677e+06
88952130,COOPERATIVA DE ECONOMIA E CRÉDITO MÚTUO DOS FUNCIONÁRIOS DO GRUPO GERDAU - AÇOS FINOS PIRATINI,b3S,RS,(sem marca no nome - segue individual),202603,1.8816791e+06
141155,COOPERATIVA DE ECONOMIA E CREDITO MUTUO DOS EMPREGADOS DAS EMPRESAS DE TRANSPORTES COLETIVOS RODOVIÁRIOS DE PASSAGEIROS DO GRANDE RIO LTDA,b3S,RJ,(sem marca no nome - segue individual),202603,1.8425225e+06
28145589,CRETOVALE - COOPERATIVA DE ECONOMIA E CRÉDITO MÚTUO DOS TRABALHADORES DA VALE,b3S,ES,(sem marca no nome - segue individual),202603,1.7747638e+06
68314921,COOPERATIVA DE ECONOMIA E CRÉDITO MÚTUO DOS EMPREGADOS DAS EMPRESAS DE DIVERSÕES DO ESTADO DE SÃO PAULO,b3S,SP,(sem marca no nome - segue individual),202603,1.7054408e+06
913314,COOPERATIVA DE ECONOMIA E CRÉDITO MÚTUO DOS EMPREGADOS DA MAGNESITA REFRATÁRIOS S.A. LTDA. - CECREM,b3S,MG,(sem marca no nome - segue individual),202603,1.6984666e+06
41790809,COOPERATIVA DE ECONOMIA E CRÉDITO MÚTUO DOS EMPREGADOS DA HELIBRAS - HELICOOP,b3S,MG,(sem marca no nome - segue individual),201903,1.6910105e+06
19551787,COOPERATIVA DE ECONOMIA E CRÉDITO MÚTUO DOS SERVENTUÁRIOS DA CIMENTO TUPI S.A. E EMPRESAS COLIGADAS LTDA. - TUPICRED,b3S,MG,(sem marca no nome - segue individual),202306,1.6794944e+06
87956355,"COOPERATIVA DE ECONOMIA E CRÉDITO MÚTUO DOS FUNCIONÁRIOS DOS CORREIOS NOS ESTADOS DO RIO GRANDE DO SUL, SANTA CATARINA E PARANÁ - CREDCORREIOS",b3S,RS,(sem marca no nome - segue individual),202106,1.6149034e+06
90278987,COOPERATIVA DE ECONOMIA E CREDITO MUTUO DOS SERVIDORES DA ASCAR/EMATER-RS LTDA-CRESAL,b3S,RS,(sem marca no nome - segue individual),202603,1.5744644e+06
3071386,COOPERATIVA DE CRÉDITO RURAL ASCOOB SUDOESTE,b3S,BA,(sem marca no nome - segue individual),201903,1.5619155e+06
3400651,COOPERATIVA DE ECONOMIA E CRÉDITO MÚTUO DOS EMPREGADOS DA EMPRESA SUPERMERCADOS JAU SERVE - COOPERJS,b3S,SP,(sem marca no nome - segue individual),202603,1.5431716e+06
2230138,COOPERATIVA DE ECONOMIA E CRÉDITO MÚTUO DOS EMPREGADOS DE KYN COMÉRCIO VAREJISTA E ATACADISTA - COOPER KYN,b3S,SP,(sem marca no nome - segue individual),202603,1.5082038e+06
9128022,COOPERATIVA DE ECONOMIA E CRÉDITO MÚTUO DOS FUNCIONÁRIOS DA NAKATA,b3S,SP,(sem marca no nome - segue individual),202512,1.4894492e+06
2414044,COOPERATIVA DE ECONOMIA E CRÉDITO MÚTUO DOS EMPREGADOS DAS INSTITUIÇÕES DE ENSINO SUPERIOR DO SUL DE MINAS LTDA. - CREDFENAS,b3S,MG,(sem marca no nome - segue individual),202012,1.4812309e+06
2869663,COOPERATIVA DE ECONOMIA E CRÉDITO MUTUO DOS FUNCIONÁRIOS DE INSTITUIÇÕES FINANCEIRAS PUBLICAS E PRIVADAS NO TERRITÓRIO NACIONAL - CREDBRASIL,b3S,ES,(sem marca no nome - segue individual),202603,1.4751738e+06
2738981,COOPERATIVA DE ECONOMIA E CRÉDITO MÚTUO DOS EMPREGADOS DA FUNDAÇÃO ARTHUR BERNARDES LTDA. - COOFAB,b3S,MG,(sem marca no nome - segue individual),202603,1.4596522e+06
52137361,COOPERATIVA DE ECONOMIA E CRÉDITO MÚTUO DOS SERVIDORES DA PREFEITURA MUNICIPAL DE VOTORANTIM,b3S,SP,(sem marca no nome - segue individual),202603,1.4351605e+06
43446335,COOPERATIVA DE ECONOMIA E CRÉDITO MÚTUO DOS FUNCIONÁRIOS DAS EMPRESAS ITAÚ,b3S,MG,(sem marca no nome - segue individual),202603,1.3978416e+06
24235459,"COOPERATIVA DE ECONOMIA E CRÉDITO MÚTUO DOS EMPREGADOS DAS EMPRESAS SIDERÚRGICAS, METALÚRGICAS E ELETRO-MECÂNICAS DE JOÃO MONLEVADE LTDA. - CREDIBELGO",b3S,MG,(sem marca no nome - segue individual),202603,1.3688475e+06
2910387,COOPERATIVA DE ECONOMIA E CREDITO MUTUO DOS SERVIDORES DO COLEGIO PEDRO II,b3S,RJ,(sem marca no nome - segue individual),202603,1.3493189e+06
88043187,COOPERATIVA DE ECONOMIA E CRÉDITO MÚTUO DOS EMPREGADOS DA PROLEC GE BRASIL TRANSMISSÃO DE ENERGIA S.A.,b3S,RS,(sem marca no nome - segue individual),202603,1.3438554e+06
43438662,COOPERATIVA DE ECONOMIA E CRÉDITO MÚTUO DOS FUNCIONÁRIOS DA EDUCAÇÃO E COMUNICAÇÃO,b3S,SP,(sem marca no nome - segue individual),202603,1.3173338e+06
10548608,COOPERATIVA DE CRÉDITO DE SERVIDORES DA UESC - UESCOOP,b3S,BA,(sem marca no nome - segue individual),202603,1.314883e+06
18340695,COOPERATIVA DE ECONOMIA E CRÉDITO MÚTUO DOS EMPREGADOS DA INDÚSTRIA DE PAPÉIS SUDESTE LTDA . - CREDESTE,b3S,MG,(sem marca no nome - segue individual),202603,1.3099629e+06
21597133,"COOPERATIVA DE ECONOMIA E CRÉDITO MÚTUO DOS EMPREGADOS DA BECTON DICKINSON INDÚSTRIAS CIRÚRGICAS LTDA., LTDA.",b3S,MG,(sem marca no nome - segue individual),202603,1.284374e+06
5747018,"COOPERATIVA DE CRÉDITO MÚTUO DOS FUNCIONÁRIOS DA FIEPB, SESI, SENAI, IEL E DO CONDOMÍNIO EDIFÍCIO AGOSTINHO VELLOSO DA SILVEIRA (CEAVS  - CREDFISP LTDA.",b3S,PB,(sem marca no nome - segue individual),202603,1.2552476e+06
42445122,COOPERATIVA DE ECONOMIA E CRÉDITO MÚTUO DOS EMPREGADOS DA PONTIFÍCIA UNIVERSIDADE CATÓLICA DO RIO DE JANEIRO E EMPREGADOS EM ESTABELECIMENTOS PRIVADOS DE ENSINO DO MUNICÍPIO DO RIO DE JANEIRO LTDA.,b3S,RJ,(sem marca no nome - segue individual),202603,1.2470204e+06
62605290,COOPERATIVA DE CRÉDITO DOS EMPREGADOS DAS EMPRESAS DO GRUPO INDORAMA NO BRASIL,b3S,MG,(sem marca no nome - segue individual),202603,1.2262411e+06
5048575,COOPERATIVA DE ECONOMIA E CRÉDITO MÚTUO DOS FUNCIONÁRIOS DO GRUPO MAUÁ E EMPRESAS COLIGADAS LTDA. - COOPMAUÁ,b3S,RJ,(sem marca no nome - segue individual),202603,1.2209035e+06
17411307,COOPERATIVA DE ECONOMIA E CRÉDITO MÚTUO DOS EMPREGADOS DAS EMPRESAS PLASCAR,b3S,SP,(sem marca no nome - segue individual),202512,1.2191152e+06
2192115,COOPERATIVA DE ECONOMIA E CREDITO MUTUO DOS FUNCIONARIOS DA VIACAO NOSSA SENHORA DO AMPARO LTDA. - COPERFAMP,b3S,RJ,(sem marca no nome - segue individual),202603,1.2031596e+06
6369729,"COOPERATIVA DE CRÉDITO MÚTUO DOS EMPREGADOS DAS INDÚSTRIAS DO PAPEL, PAPELÃO E CORTIÇA DE OTACÍLIO COSTA, LAGES E CORREA PINTO - PAPELCREDI",b3S,SC,(sem marca no nome - segue individual),202603,1.1483834e+06
52218849,COOPERATIVA DE ECONOMIA E CRÉDITO MÚTUO DOS FUNCIONÁRIOS DE ZANETTINI BAROSSI,b3S,SP,(sem marca no nome - segue individual),201912,1.1347592e+06
2850075,COOPERATIVA DE ECONOMIA E CREDITO MUTUO DOS TRABALHADORES EM CONSELHOS DE FISCALIZACAO PROFISSIONAL NO MUNICIPIO DO RIO DE JANEIRO LTDA.,b3S,RJ,(sem marca no nome - segue individual),202603,1.1277086e+06
4152107,COOPERATIVA DE ECONOMIA E CRÉDITO MÚTUO DOS SERVIDORES DA POLÍCIA MILITAR DO ESTADO DE SÃO PAULO DA REGIÃO CENTRO-OESTE PAULISTA - CREDMIL,b3S,SP,(sem marca no nome - segue individual),202603,1.0930229e+06
42100982,COOPERATIVA DE ECONOMIA E CREDITO MUTUO DOS SERVIDORES DA EMPRESA BRASILEIRA DE CORREIOS E TELEGRAFOS LTDA,b3S,RJ,(sem marca no nome - segue individual),202603,1.0882966e+06
5292849,COOPERATIVA DE CRÉDITO MÚTUO DOS EMPREGADOS EM EMPRESAS ADMINISTRADORAS DE AEROPORTOS - AEROCRED,b3S,SP,(sem marca no nome - segue individual),202403,1.0836042e+06
3674133,COOPERATIVA DE CRÉDITO MÚTUO DOS EMPREGADOS EM INSTITUIÇÕES DO SISTEMA FINANCEIRO NAS REGIÕES DE SÃO PAULO E CAMPINAS (SP) - CREDISCOOP,b3S,SP,(sem marca no nome - segue individual),202603,1.0624226e+06
28435685,COOPERATIVA DE CRÉDITO DE CAPITAL E EMPRÉSTIMO DOS TRABALHADORES NAS EMPRESAS DE TECNOLOGIA E INFORMÁTICA DE BELO HORIZONTE E CIDADES LIMÍTROFES LTDA - COOPERINFOR,b3S,MG,(sem marca no nome - segue individual),202603,1.0520778e+06
28244622,COOPERATIVA DE ECONOMIA E CRÉDITO MÚTUO DOS EMPREGADOS DA JOLIMODE ROUPAS E EMPRESAS COLIGADAS LTDA,b3S,RJ,(sem marca no nome - segue individual),202603,988117.9
42258376,COOPERATIVA DE ECONOMIA E CREDITO MUTUO DOS FUNCIONARIOS DA FMC LTDA,b3S,RJ,(sem marca no nome - segue individual),202603,972977.2
30138226,COOPERATIVA DE ECONOMIA E CREDITO MUTUO DOS EMPREGADOS DA CIA DE ELETRICIDADE DO ESTADO DO RJ CREDICERJ LTDA,b3S,RJ,(sem marca no nome - segue individual),202603,964908.5
1107759,COOPERATIVA DE ECONOMIA E CRÉDITO MÚTUO DOS FUNCIONÁRIOS DA USINA SANTA MARIA - PILONCRED,b3S,SP,(sem marca no nome - segue individual),202603,951560.0
2321862,COOPSEBRAM - COOPERATIVA DE ECONOMIA E CRÉDITO LTDA.,b3S,AM,(sem marca no nome - segue individual),202103,949140.0
5419025,COOPERATIVA DE ECONOMIA E CREDITO MÚTUO DOS PROFESSORES ESTADUAIS DA REGIÃO METROPOLITANA DE PORTO ALEGRE - EDUCREDI,b3S,RS,(sem marca no nome - segue individual),202603,916732.5
20177390,COOPERATIVA DE ECONOMIA E CREDITO MUTUO DOS TRABALHADORES DO GRUPO EMPRESARIAL ITATIAIA LTDA. - COOPERITA,b3S,MG,(sem marca no nome - segue individual),202603,904122.9
21130869,COOPERATIVA DE ECONOMIA E CRÉDITO MÚTUO DOS COLABORADORES DA COOPEDER LTDA - COOPCREDER,b3S,MG,(sem marca no nome - segue individual),202603,872152.4
50654300,COOPERATIVA DE ECONOMIA E CRÉDITO MÚTUO DOS FUNCIONÁRIOS DA DANA,b3S,SP,(sem marca no nome - segue individual),202006,860204.44
5658367,COOPERATIVA DE ECONOMIA E CRÉDITO MÚTUO DOS EMPREGADOS DO SEBRAE BAHIA LTDA.,b3S,BA,(sem marca no nome - segue individual),202603,812933.8
5591437,"COOPERATIVA DE ECONOMIA E CRÉDITO MÚTUO SERVIDORES PÚBLICOS ATIVOS, INATIVOS E PENSIONISTAS DA ADMINISTRAÇÃO DIRETA, INDIRETA E ASSEMBLÉIA LEGISLATIVA DO ESTADO DO RIO GRANDE SUL - COOPSERGS",b3S,RS,(sem marca no nome - segue individual),202603,778462.5
1499278,COOPERATIVA DE ECONOMIA E CRÉDITO MÚTUO DOS FUNCIONÁRIOS DO GRUPO GARDÊNIA LTDA. - COOPERGARDÊNIA,b3S,MG,(sem marca no nome - segue individual),202009,766217.5
90560434,COOPERATIVA DE ECONOMIA E CRÉDITO MÚTUO DOS TRABALHADORES DAS INDÚSTRIAS METALÚRGICAS DE PORTO ALEGRE E GRANDE PORTO ALEGRE,b3S,RS,(sem marca no nome - segue individual),202603,721484.06
52575206,COOPERATIVA DE ECONOMIA E CRÉDITO MÚTUO DOS FUNCIONÁRIOS DA GERDAU S/A-UNIDADE MOGI DAS CRUZES,b3S,SP,(sem marca no nome - segue individual),202109,714910.8
2330334,"COOPERATIVA DE ECONOMIA E CRÉDITO MÚTUO DOS COMERCIANTES DO VESTUÁRIO, CONFECÇÕES E ROCHAS ORNAMENTAIS - CREDSUL.",b3S,ES,(sem marca no nome - segue individual),202009,711219.6
3685335,COOPERATIVA DE ECONOMIA E CRÉDITO MÚTUO DOS EMPREGADOS DA UNIFI - CREDIUNIFI,b3S,MG,(sem marca no nome - segue individual),202512,707663.3
6942423,COOPERATIVA DE CRÉDITO MÚTUO DOS TRABALHADORES DO SISTEMA FINANCEIRO DE CURITIBA E REGIÃO - COOPCREFI,b3S,PR,(sem marca no nome - segue individual),202603,694307.8
8931800,"COOPERATIVA DE CRÉDITO DOS EMPREGADOS DA CBA ITAPISSUMA E EMPREGADOS DE EMPRESAS PRESTADORA DE SERVIÇOS INDUSTRIAIS, NO ESTADO DE PERNAMBUCO - CREDCOOPE",b3S,PE,(sem marca no nome - segue individual),202603,605568.06
71502181,COOPERATIVA DE ECONOMIA E CRÉDITO MÚTUO DOS BANCÁRIOS DE BELO HORIZONTE E REGIÃO METROPOLITANA LTDA. - COOPEB,b3S,MG,(sem marca no nome - segue individual),202603,601332.0
968834,COOPERATIVA DE ECONOMIA E CRÉDITO MÚTUO DOS EMPREGADOS DA MOSAIC FERTILIZANTES DO BRASIL - COCRESGO LTDA.,b3S,GO,(sem marca no nome - segue individual),202603,591651.2
57987273,COOPERATIVA DE CRÉDITO DE CAPITAL E EMPRÉSTIMO DOS EMPREGADOS CELETISTAS DE COOPERATIVAS DOS ESTADOS DE SÃO PAULO E MINAS GERAIS - COCREUNI,b3S,SP,(sem marca no nome - segue individual),202603,572795.7
88183173,COOPERATIVA DE ECONOMIA E CRÉDITO MÚTUO DOS EMPREGADOS DO GRUPO PARAMOUNT,b3S,RS,(sem marca no nome - segue individual),202506,568104.5
29985421,COOPERATIVA DE CRÉDITO DOS EMPREGADOS DO GRUPO NEFFA E DEMAIS ESTABELECIMENTOS DO SETOR DE ALIMENTOS DA GRANDE VITÓRIA.,b3S,ES,(sem marca no nome - segue individual),202603,553032.75
1530136,COOPERATIVA DE ECONOMIA E CRÉDITO MÚTUO DOS FUNCIONÁRIOS DA COMPANHIA PAULISTA DE TRENS METROPOLITANOS - COOPERTREM,b3S,SP,(sem marca no nome - segue individual),202309,501670.2
68848563,COOPESA-COOPERATIVA DE ECONOMIA E CREDITO MUTUO DOS FUNCIONARIOS DA COESA TRANSPORTES E EMPRESAS COLIGADAS LTDA,b3S,RJ,(sem marca no nome - segue individual),202212,479983.56
16348005,COOPERATIVA DE CRÉDITO RURAL ILHÉUS LTDA,b3S,BA,(sem marca no nome - segue individual),201909,437403.1
3657230,COOPERATIVA DE CRÉDITO DOS FUNCIONÁRIOS DO GRUPO PPG,b3S,SP,(sem marca no nome - segue individual),202603,433471.12
2447184,COOPERATIVA DE ECONOMIA E CREDITO MUTUO DOS EMPREGADOS DO COLEGIO SANTO INACIO - COESI,b3S,RJ,(sem marca no nome - segue individual),202603,417103.28
2786691,COOPERATIVA DE ECONOMIA E CREDITO MUTUO DOS FUNCIONARIOS DO GRUPO HELIO ALONSO-COOPERHA-LTDA,b3S,RJ,(sem marca no nome - segue individual),202106,369659.97
4158581,COOPERATIVA DE ECONOMIA E CRÉDITO MÚTUO DOS BANCÁRIOS DE JUIZ DE FORA LTDA. - COCBAN,b3S,MG,(sem marca no nome - segue individual),202603,332558.22
3165497,COOPERATIVA DE ECONOMIA E CREDITO MUTUO DOS FUNCIONARIOS DA SANEPAR - CREDISANEPAR,b3S,PR,(sem marca no nome - segue individual),202603,320057.8
5424088,"COOPERATIVA DE ECONOMIA E CREDITO MUTUO DOS EMPREGADOS NAS INDUSTRIAS QUIMICAS, FARMACEUTICAS E SIMILARES DA REGIAO METROPOLITANA DO RIO DE JANEIRO LTDA",b3S,RJ,(sem marca no nome - segue individual),202603,305115.22
44958981,COOPERATIVA DE ECONOMIA E CRÉDITO MÚTUO DOS FUNCIONÁRIOS DA CIA AÇUCAREIRA VALE DO ROSÁRIO - COOPERVALE,b3S,SP,(sem marca no nome - segue individual),202209,291416.44
62035456,COOPERATIVA DE ECONOMIA E CRÉDITO MÚTUO DOS EMPREGADOS DAS EMPRESAS DE REDUTORES DE TRANSMISSÃO DO ESTADO DE SÃO PAULO - COOPER-PTI,b3S,SP,(sem marca no nome - segue individual),202103,265354.94
34503581,COOPERATIVA DE CRÉDITO DE CAPITAL E EMPRÉSTIMO DOS FUNCIONÁRIOS DA SAÚDE DO SETOR PRIVADO DE MANAUS LTDA - COOPCRESP MANAUS,b3S,AM,(sem marca no nome - segue individual),202106,212678.11
45421856,COOPERATIVA DE CRÉDITO MÚTUO DOS FUNCIONÁRIOS DA FÁBRICA DE CIMENTO VOTORAN,b3S,SP,(sem marca no nome - segue individual),202212,207774.81
3219207,COOPERATIVA DE ECONOMIA E CRÉDITO MÚTUO DOS FUNCIONÁRIOS DO BANESPA DE BOTUCATU E CIDADES LIMÍTROFES,b3S,SP,(sem marca no nome - segue individual),202603,189711.89
83347294,COOPERATIVA DE CRÉDITO DA REGIÃO METROPOLITANA DE BELÉM,b3S,PA,(sem marca no nome - segue individual),201912,185948.58
71491609,COOPERATIVA DE ECONOMIA E CRÉDITO MÚTUO DOS BANCÁRIOS DE SOROCABA E REGIÃO,b3S,SP,(sem marca no nome - segue individual),202603,151374.0
5331882,COOPERATIVA DE ECONOMIA E CREDITO MUTUO DOS FUNCIONARIOS DA GKN DO BRASIL LTDA,b3S,RS,(sem marca no nome - segue individual),202603,151037.88
1301541,COOPERATIVA DE ECONOMIA E CRÉDITO MÚTUO DOS BANCÁRIOS DO TRIÂNGULO LTDA.,b3S,MG,(sem marca no nome - segue individual),202603,131804.06
47944277,COOPERATIVA DE ECONOMIA E CRÉDITO MÚTUO DOS EMPREGADOS DA JOYSON SAFETY SYSTEMS - COOPERJSS,b3S,SP,(sem marca no nome - segue individual),202603,112239.05
83332700,COOPERATIVA DE ECONOMIA E CRÉDITO MÚTUO DOS SERVIDORES DO PODER JUDICIÁRIO FEDERAL E MINISTÉRIO PÚBLICO DA UNIÃO NO ESTADO DO PARÁ - COOPERJUS-PA,b3S,PA,(sem marca no nome - segue individual),201903,80013.445
27140946,COOPERATIVA DE ECONOMIA E CREDITO MUTUO DOS EMPREGADOS DO GRUPO USINA PAINEIRAS LTDA - CRED-PAN,b3S,ES,(sem marca no nome - segue individual),202206,36675.18
33916883,COOPERATIVA DE ECONOMIA E CREDITO MUTUO DOS EMPREGADOS DO GRUPO BEZERRA DE MELLO LTDA,b3S,RJ,(sem marca no nome - segue individual),202006,35075.594
5740092,COOPERATIVA DE CRÉDITO DOS METALÚRGICOS DO ABC - CREDABC,b3S,SP,(sem marca no nome - segue individual),202603,30275.45
27669753,COOPERATIVA DE ECONOMIA E CREDITO MUTUO DOS EMPREGADOS DA TEADIT E OUTRAS EMPRESAS ASSOCIADAS LTDA,b3S,RJ,(sem marca no nome - segue individual),202106,20833.908
129753,COOPERATIVA DE ECONOMIA E CRÉDITO MÚTUO DOS EMPREGADOS DAS EMPRESAS SOMART LTDA.,b3S,MG,(sem marca no nome - segue individual),202603,16496.5
3618104,"CENTRAL DAS COOPERATIVAS DE CRÉDITO MÚTUO DO RIO GRANDE DO SUL, SANTA CATARINA E PARANÁ - CECRESUL",b3C,RS,(sem marca no nome - segue individual),202103,0.0
7814673,COOPERATIVA DE CRÉDITO MÚTUO DOS EMPREGADOS NA CAIXA ECONÔMICA FEDERAL NO ESTADO DE SÃO PAULO - APCEFCREDI-SP,b3S,SP,(sem marca no nome - segue individual),202103,0.0
5296712,COOPERASA - COOPERATIVA DE ECONOMIA E CRÉDITO MÚTUO DOS FUNCIONARIOS DAS EMPRESAS DA AGUIA PARTICIPAÇÕES,b3S,PR,(sem marca no nome - segue individual),202212,0.0
2966385,COOPERATIVA DE ECONOMIA E CREDITO MUTUO DOS SERVIDORES DOS ORGAOS DO MINISTERIO DA SAUDE NO ESTADO DO RIO DE JANEIRO - CREDISAU,b3S,RJ,(sem marca no nome - segue individual),201903,
42240382,COOPERATIVA DE ECONOMIA E CREDITO MUTUO DOS EMPREGADOS DA FABRIMAR S.A. INDUSTRIA E COMERCIO LTDA,b3S,RJ,(sem marca no nome - segue individual),201906,
29283884,"COOPERATIVA DE ECONOMIA E CRÉDITO MÚTUO DOS SERVIDORES DA UNIVERSIDADE FEDERAL FLUMINENSE E DOS SERVIDORES PÚBLICOS DA EDUCAÇÃO, SAÚDE E CULTURA NOS MUNICÍPIOS DO RIO DE JANEIRO E NITERÓI LTDA.",b3S,RJ,(sem marca no nome - segue individual),202003,
67087569,COOPERATIVA DE ECONOMIA E CRÉDITO MÚTUO CECREB,b3S,SP,(sem marca no nome - segue individual),202012,
8202793,COOPERATIVA DE CRÉDITO RURAL DO AGRESTE CENTRAL ALAGOANO LTDA. - COOPCRAL,b3S,AL,(sem marca no nome - segue individual),202103,
4464352,COOPERATIVA DE ECONOMIA E CRÉDITO MÚTUO DOS TRABALHADORES DA COOPER STANDARD AUTOMOTIVE BRASIL SEALING LTDA. E FLUID SYSTEMS LTDA.,b3S,MG,(sem marca no nome - segue individual),202109,
42153585,COOPERATIVA DE CRÉDITO DOS EMPREGADOS DO IRB-BRASIL RE LTDA.,b3S,RJ,(sem marca no nome - segue individual),202112,
10719496,"COOPERATIVA DE ECONOMIA E CRÉDITO MÚTUO DOS TRABALHADORES NAS INDÚSTRIAS METALÚRGICAS, MECÂNICA E MATERIAL ELÉTRICO DE SÃO LEOPOLDO E REGIÃO - COOPERMETAL",b3S,RS,(sem marca no nome - segue individual),202206,
2931166,COOPERATIVA DE ECONOMIA E CREDITO MUTUO DOS FUNCIONARIOS DO GRUPO PROGRESSO LTDA - PROCRED,b3S,RJ,(sem marca no nome - segue individual),202212,
50334234,COOPERATIVA DE CRÉDITO RURAL DOS AGROPECUARISTAS DA REGIÃO DE PORTO FELIZ,b3S,SP,(sem marca no nome - segue individual),202212,
5790149,CENTRAL COOPERATIVA DE CRÉDITO NO ESTADO DO ESPÍRITO SANTO - CECOOP,b3C,ES,(sem marca no nome - segue individual),202303,
3973743,COOPERATIVA DE ECONOMIA E CREDITO MUTUO DOS EMPREGADOS IND.ALIMENTACAO REG.GRDE.VITORIA EST.ES-CREDI-ALIMENTO,b3S,ES,(sem marca no nome - segue individual),202306,
977212,COOPERATIVA DE CRÉDITO UNICOPER,b3S,SP,(sem marca no nome - segue individual),202309,
3139644,COOPERATIVA DE ECONOMIA E CRÉDITO MÚTUO DOS SERVIDORES PÚBLICOS DO ESTADO DE SÃO PAULO - CREDIPAULISTA,b3S,SP,(sem marca no nome - segue individual),202603,
92825397,COOPERATIVA DE ECONOMIA E CRÉDITO MÚTUO DOS ELETRICITÁRIOS E DOS TRABALHADORES DAS EMPRESAS DO SETOR DE ENERGIA - COOPCRECE,b3S,RS,(sem marca no nome - segue individual),202603,
33735192,COOPERATIVA DE ECONOMIA E CREDITO MUTUO JOHN F. KENNEDY LTDA,b3S,RJ,(sem marca no nome - segue individual),202603,
27302181,COOPERATIVA DE CRÉDITO DOS SERVIDORES DA UNIVERSIDADE FEDERAL DO ESPIRITO SANTO,b3S,ES,(sem marca no nome - segue individual),202603,
3844699,COOPERATIVA DE ECONOMIA E CREDITO MUTUO DOS TRABALHADORES PORTUARIOS DA GRANDE VITORIA - CREDESTIVA.,b3S,ES,(sem marca no nome - segue individual),202603,
41146382,COOPERATIVA DE ECONOMIA E CRÉDITO MÚTUO DOS FUNCIONÁRIOS DA ASSEMBLÉIA LEGISLATIVA DO ESTADO DA PARAÍBA LTDA. -  COOPERLEGIS,b3S,PB,(sem marca no nome - segue individual),202603,
4995006,COOPESTADO - COOPERATIVA DE ECONOMIA E CRÉDITO MÚTUO DOS SERVIDORES PÚBLICOS NA REGIÃO METROPOLITANA DO ESTADO DO RIO DE JANEIRO LIMITADA,b3S,RJ,(sem marca no nome - segue individual),202603,
53841911,COOPERATIVA DE CRÉDITO E INVESTIMENTO UNINDÚSTRIA,b3S,SC,(sem marca no nome - segue individual),202603,
5491616,"COOPERATIVA DE CRÉDITO, POUPANÇA E SERVIÇOS FINANCEIROS - EM LIQUIDAÇÃO EXTRAJUDICIAL",b3S,GO,(sem marca no nome - segue individual),202603,
5969937,COOPERATIVA DE CRÉDITO MÚTUO DOS SERVIDORES MUNICIPAIS DE BEBEDOURO - COOCRESB.,b3S,SP,(sem marca no nome - segue individual),202603,
20833992,COOPERATIVA DE CRÉDITO MÚTUO DOS EMPREGADOS DO CENTRO UNIVERSITÁRIO NEWTON PAIVA LTDA. - CREDIPAIVA,b3S,MG,(sem marca no nome - segue individual),202603,
62223733,COOPERATIVA DE CRÉDITO DE SERVIDORES DO PODER JUDICIÁRIO DA BAHIA LTDA. - COOPEJUS BAHIA,b3S,BA,(sem marca no nome - segue individual),202603,
204963,COOPERATIVA DE CREDITO RURAL SEARA - CREDISEARA,b3S,SC,(sem marca no nome - segue individual),202603,
67031757,COOPERATIVA DE ECONOMIA E CRÉDITO MÚTUO DOS EMPREGADOS DA PRODAM/SP - CREDIPRODAM,b3S,SP,(sem marca no nome - segue individual),202603,
75174953,COOPERATIVA DE ECONOMIA E CRÉDITO MÚTUO DOS FUNCIONÁRIOS DO GRUPO VOTORANTIM LIMITADA.,b3S,PR,(sem marca no nome - segue individual),202603,
7651495,COOPERATIVA DE ECONOMIA E CRÉDITO MÚTUO DOS FUNCIONÁRIOS DO PODER JUDICIÁRIO E SERVIDORES PÚBLICOS DO ESTADO DE SÃO PAULO - SPCRED,b3S,SP,(sem marca no nome - segue individual),202603,
11356599,"COOPERATIVA DE CRÉDITO DOS FUNCIONÁRIOS DA PERPART, DO IPA E DA ADAGRO - COOPEMATER",b3S,PE,(sem marca no nome - segue individual),202603,
8482873,COOPERATIVA DE CRÉDITO RURAL DO AGRESTE ALAGOANO - COOPERAGRE,b3S,AL,(sem marca no nome - segue individual),202603,
5463212,COOPERATIVA CENTRAL DE CRÉDITO - AILOS,b3C,SC,Ailos,202603,8.055414e+08
26563270,CREDISIS PRIMACREDI COOPERATIVA DE CRÉDITO,b3S,MT,Credisis,202603,1.3206584e+09
3222753,CREDISIS CREDIARI - COOPERATIVA DE CRÉDITO LTDA.,b3S,RO,Credisis,202603,7.5190554e+08
2309070,CREDISIS JICRED - COOPERATIVA DE CRÉDITO DE LIVRE ADMISSÃO JICRED,b3S,RO,Credisis,202603,7.12331e+08
3985375,CREDISIS SUDOESTE/RO - COOPERATIVA DE CRÉDITO E INVESTIMENTO DO SUDOESTE DE RONDÔNIA,b3S,RO,Credisis,202603,1.3845416e+08
5597773,CREDISIS CREDIBRÁS COOPERATIVA DE CRÉDITO E INVESTIMENTO DE LIVRE ADMISSÃO DO OESTE DE RONDÔNIA,b3S,RO,Credisis,202603,1.2372662e+08
97259253,COOPERATIVA E ECONOMIA E CRÉDITO MÚTUO DOS MÉDICOS DO PLANALTO MÉDIO DO RIO GRANDE DO SUL LTDA. - CREDISIS/CREDIPLAN,b3S,RS,Credisis,202603,1.00447224e+08
4632856,CREDISIS - CENTRAL DE COOPERATIVAS DE CRÉDITO LTDA.,b3C,RO,Credisis,202603,9.43898e+07
5439425,CREDISIS CAPITALCREDI - COOPERATIVA DE CRÉDITO DE LIVRE ADMISSÃO DO ACRE LTDA,b3S,AC,Credisis,202603,6.890107e+07
4985665,CREDISIS OESTE - COOPERATIVA DE CRÉDITO E INVESTIMENTO DO OESTE,b3S,RO,Credisis,202603,5.587166e+07
7494300,CREDISIS/CREDISUL COOPERATIVA DE CRÉDITO,b3S,RS,Credisis,202603,4.535077e+07
83325811,CREDISIS COOPERUFPA - COOPERATIVA DE ECONOMIA E CRÉDITO MÚTUO DOS SERVIDORES PÚBLICOS FEDERAIS E ESTADUAIS E DAS ENTIDADES DE ENSINO COM SEUS RESPECTIVOS FUNCIONÁRIOS NO ESTADO DO PARÁ,b3S,PA,Credisis,202603,2.1395112e+07
4831810,CRESERV CREDISIS - COOPERATIVA DE ECONOMIA E CRÉDITO MÚTUO DOS SERVIDORES PÚBLICOS DE PINHÃO,b3S,PR,Credisis,202603,1.9803692e+07
6975532,CREDISIS COOPESA - COOPERATIVA DE ECONOMIA E CRÉDITO,b3S,RS,Credisis,202603,1.0612821e+07
991739,COOPERATIVA DE ECONOMIA E CRÉDITO MÚTUO DOS SERVIDORES PÚBLICOS DA REGIÃO METROPOLITANA DE BELÉM - CREDISIS CREDBEM METROPOLITANA,b3S,PA,Credisis,202603,9.094281e+06
1330387,"COOPERATIVA DE CRÉDITO, POUPANÇA E SERVIÇOS FINANCEIROS DE AGRICULTORES E AEROPORTUÁRIOS DO BRASIL - CREHNOR",b3S,PR,Crehnor,202603,2.8484716e+07
5879577,COOPERATIVA CENTRAL DE CREDITO RURAL HORIZONTES NOVOS - CREHNOR CENTRAL,b3C,RS,Crehnor,201903,
971300,COOPERATIVA DE CREDITO E INVESTIMENTO COM INTERACAO SOLIDARIA PIONEIRA - CRESOL PIONEIRA,b3S,PR,Cresol,202603,2.797815e+09
5276770,COOPERATIVA DE CRÉDITO E INVESTIMENTO COM INTERAÇÃO SOLIDÁRIA FRONTEIRAS PR/SC/SP/ES - CRESOL FRONTEIRAS PR/SC/SP/ES,b3S,PR,Cresol,202603,2.1967186e+09
17343510,COOPERATIVA DE CRÉDITO E INVESTIMENTO COM INTERAÇÃO SOLIDÁRIA RAIZ - CRESOL RAIZ,b3S,RS,Cresol,202603,2.1810734e+09
4350225,COOPERATIVA DE CRÉDITO E INVESTIMENTO COM INTERAÇÃO SOLIDÁRIA TRADIÇÃO - CRESOL TRADIÇÃO,b3S,PR,Cresol,202603,1.8668076e+09
2663426,COOPERATIVA DE CRÉDITO E ECONOMIA COM INTERAÇÃO SOLIDÁRIA - CRESOL NOROESTE,b3S,RS,Cresol,202603,1.7787163e+09
5231945,COOPERATIVA DE CRÉDITO E INVESTIMENTO COM INTERAÇÃO SOLIDÁRIA UNIÃO DOS VALES - CRESOL UNIÃO DOS VALES,b3S,PR,Cresol,202603,1.7361882e+09
2910987,COOPERATIVA DE CRÉDITO E INVESTIMENTO COM INTERAÇÃO SOLIDÁRIA CENTRO SUL - CRESOL CENTRO SUL,b3S,RS,Cresol,202603,1.631761e+09
7512780,COOPERATIVA DE CRÉDITO E INVESTIMENTO COM INTERAÇÃO SOLIDÁRIA DO VALE EUROPEU - CRESOL VALE EUROPEU,b3S,SC,Cresol,202603,1.5720042e+09
2446089,COOPERATIVA DE CRÉDITO E INVESTIMENTO COM INTERAÇÃO SOLIDÁRIA UNIÃO - CRESOL UNIÃO,b3S,PR,Cresol,202603,1.3994045e+09
10520232,COOPERATIVA DE CRÉDITO E INVESTIMENTO COM INTERAÇÃO SOLIDÁRIA DA AMAZÔNIA - CRESOL AMAZÔNIA,b3S,RO,Cresol,202603,1.242175e+09
7268499,COOPERATIVA DE CRÉDITO E INVESTIMENTO COM INTERAÇÃO SOLIDÁRIA INTEGRAÇÃO - CRESOL INTEGRAÇÃO,b3S,PR,Cresol,202603,1.2278938e+09
3965737,COOPERATIVA DE CRÉDITO E INVESTIMENTO COM INTERAÇÃO SOLIDÁRIA VANGUARDA - CRESOL VANGUARDA,b3S,SC,Cresol,202603,1.1913755e+09
5863726,COOPERATIVA DE CRÉDITO E ECONOMIA COM INTERAÇÃO SOLIDÁRIA DO PLANALTO SERRA SUL DO RIO GRANDE DO SUL - CRESOL PLANALTO SERRA SUL,b3S,RS,Cresol,202603,1.0735558e+09
8560508,COOPERATIVA DE CRÉDITO E INVESTIMENTO COM INTERAÇÃO SOLIDÁRIA TRIUNFO - CRESOL TRIUNFO,b3S,PR,Cresol,202603,9.871577e+08
8624548,COOPERATIVA DE CRÉDITO E INVESTIMENTO COM INTERAÇÃO SOLIDÁRIA DE MINAS GERAIS - CRESOL MINAS GERAIS,b3S,MG,Cresol,202603,9.76247e+08
2448310,COOPERATIVA DE CRÉDITO E INVESTIMENTO COM INTERAÇÃO SOLIDÁRIA PROGRESSO - CRESOL PROGRESSO,b3S,PR,Cresol,202603,9.1677805e+08
6031727,COOPERATIVA DE CRÉDITO E INVESTIMENTO COM INTERAÇÃO SOLIDÁRIA ESSÊNCIA - CRESOL ESSÊNCIA,b3S,RS,Cresol,202603,9.072044e+08
7925729,COOPERATIVA DE CRÉDITO E INVESTIMENTO COM INTERAÇÃO SOLIDÁRIA NORTE PARANAENSE - CRESOL NORTE PARANAENSE,b3S,PR,Cresol,202603,8.5346675e+08
2934201,COOPERATIVA DE CRÉDITO E INVESTIMENTO COM INTERAÇÃO SOLIDÁRIA LIDERANÇA - CRESOL LIDERANÇA,b3S,PR,Cresol,202603,8.438072e+08
6126780,COOPERATIVA DE CRÉDITO E INVESTIMENTO COM INTERAÇÃO SOLIDÁRIA GRANDES LAGOS PR/SP - CRESOL GRANDES LAGOS PR/SP,b3S,PR,Cresol,202603,8.344268e+08
6139650,COOPERATIVA DE CRÉDITO E INVESTIMENTO COM INTERAÇÃO SOLIDÁRIA DO RIO GRANDE DO SUL - CRESOL RIO GRANDE DO SUL,b3S,RS,Cresol,202603,8.250574e+08
5220243,COOPERATIVA DE CRÉDITO E INVESTIMENTO COM INTERAÇÃO SOLIDÁRIA ORIGENS - CRESOL ORIGENS,b3S,RS,Cresol,202603,8.1034144e+08
5277312,COOPERATIVA DE CRÉDITO E INVESTIMENTO COM INTERAÇÃO SOLIDÁRIA HORIZONTE - CRESOL HORIZONTE,b3S,PR,Cresol,202603,8.0360275e+08
11969853,COOPERATIVA DE CRÉDITO E INVESTIMENTO COM INTERAÇÃO SOLIDÁRIA CONEXÃO - CRESOL CONEXÃO,b3S,PR,Cresol,202603,7.013561e+08
7946451,COOPERATIVA DE CRÉDITO E INVESTIMENTO COM INTERAÇÃO SOLIDÁRIA ATIVA - CRESOL ATIVA,b3S,SC,Cresol,202603,5.987782e+08
7465539,COOPERATIVA DE CRÉDITO E INVESTIMENTO COM INTERAÇÃO SOLIDÁRIA ALTO VALE - CRESOL ALTO VALE,b3S,SC,Cresol,202603,5.8369325e+08
5983995,COOPERATIVA DE CRÉDITO E INVESTIMENTO COM INTERAÇÃO SOLIDÁRIA COOPERAR - CRESOL COOPERAR,b3S,RS,Cresol,202603,5.800811e+08
4663561,COOPERATIVA DE CRÉDITO E INVESTIMENTO COM INTERAÇÃO SOLIDÁRIA VALE DAS ÁGUAS PR/MG - CRESOL VALE DAS ÁGUAS PR/MG,b3S,PR,Cresol,202603,5.699846e+08
4261151,COOPERATIVA DE CRÉDITO E INVESTIMENTO COM INTERAÇÃO SOLIDÁRIA TRANSFORMAÇÃO - CRESOL TRANSFORMAÇÃO,b3S,SC,Cresol,202603,5.614287e+08
2844024,COOPERATIVA DE CRÉDITO E ECONOMIA COM INTERAÇÃO SOLIDÁRIA CRESOL EVOLUÇÃO,b3S,SC,Cresol,202603,5.1885475e+08
2766672,COOPERATIVA DE CRÉDITO E INVESTIMENTO COM INTERAÇÃO SOLIDÁRIA PLANALTO SUL - CRESOL PLANALTO SUL,b3S,SC,Cresol,202603,5.0338973e+08
7252614,COOPERATIVA DE CRÉDITO E INVESTIMENTO COM INTERAÇÃO SOLIDÁRIA CONFIANÇA - CRESOL CONFIANÇA,b3S,RS,Cresol,202603,4.7507606e+08
4490531,COOPERATIVA DE CRÉDITO E INVESTIMENTO COM INTERAÇÃO SOLIDÁRIA DE GOIÁS - CRESOL GOIÁS,b3S,GO,Cresol,202603,4.653522e+08
7412987,COOPERATIVA DE CRÉDITO E ECONOMIA COM INTERAÇÃO SOLIDÁRIA - CRESOL ALIANÇA,b3S,SC,Cresol,202603,4.6348554e+08
8055016,COOPERATIVA DE CRÉDITO E ECONOMIA COM INTERAÇÃO SOLIDÁRIA - CRESOL INTERAÇÃO,b3S,SC,Cresol,202603,4.3542218e+08
4622657,COOPERATIVA DE CRÉDITO E INVESTIMENTO COM INTERAÇÃO SOLIDÁRIA GERAÇÕES - CRESOL GERAÇÕES,b3S,RS,Cresol,202312,4.1229078e+08
5494591,COOPERATIVA DE CRÉDITO E INVESTIMENTO COM INTERAÇÃO SOLIDÁRIA NASCENTE - CRESOL NASCENTE,b3S,SC,Cresol,202603,3.96943e+08
8488377,COOPERATIVA DE CRÉDITO E INVESTIMENTO COM INTERAÇÃO SOLIDÁRIA MISSÕES FRONTEIRA RS - CRESOL MISSÕES FRONTEIRA RS,b3S,RS,Cresol,202603,3.9131418e+08
2904125,COOPERATIVA DE CRÉDITO E ECONOMIA COM INTERAÇÃO SOLIDÁRIA DE JACUTINGA - CRESOL JACUTINGA,b3S,RS,Cresol,202603,3.4063702e+08
7215632,COOPERATIVA DE CRÉDITO E INVESTIMENTO COM INTERAÇÃO SOLIDÁRIA ALTERNATIVA - CRESOL ALTERNATIVA,b3S,SC,Cresol,202603,3.3399827e+08
1155801,COOPERATIVA DE CRÉDITO E INVESTIMENTO COM INTERAÇÃO SOLIDÁRIA CENTRO SERRA - CRESOL CENTRO SERRA,b3S,SC,Cresol,202603,3.2295178e+08
3485130,COOPERATIVA DE CRÉDITO E ECONOMIA COM INTERAÇÃO SOLIDÁRIA - CRESOL ENCOSTAS DA SERRA GERAL,b3S,SC,Cresol,202603,2.9872563e+08
5211129,COOPERATIVA DE CRÉDITO E INVESTIMENTO COM INTERAÇÃO SOLIDÁRIA CENTRO NORTE - CRESOL CENTRO NORTE,b3S,RS,Cresol,202509,2.9115424e+08
7320890,COOPERATIVA DE CRÉDITO E ECONOMIA COM INTERAÇÃO SOLIDÁRIA CRESOL VALE,b3S,SC,Cresol,202603,2.7228627e+08
50735161,COOPERATIVA DE CRÉDITO E INVESTIMENTO COM INTERAÇÃO SOLIDÁRIA DE NOVA MUTUM E REGIÃO - CRESOL MATO GROSSO,b3S,MT,Cresol,202603,2.4291586e+08
4565791,COOPERATIVA DE CRÉDITO E ECONOMIA COM INTERAÇÃO SOLIDÁRIA DE ARATIBA - CRESOL ARATIBA,b3S,RS,Cresol,202603,2.38535e+08
5425526,COOPERATIVA DE CRÉDITO E ECONOMIA COM INTERAÇÃO SOLIDÁRIA - CRESOL DESENVOLVIMENTO,b3S,SC,Cresol,202603,2.3308067e+08
5269976,COOPERATIVA DE CRÉDITO E ECONOMIA COM INTERAÇÃO SOLIDÁRIA - CRESOL MAIS,b3S,SC,Cresol,202603,2.225321e+08
5070112,COOPERATIVA DE CRÉDITO E ECONOMIA COM INTERAÇÃO SOLIDÁRIA - CRESOL INOVAÇÃO,b3S,SC,Cresol,202603,2.1320312e+08
5241145,COOPERATIVA DE CRÉDITO RURAL E ECONOMIA COM INTERAÇÃO SOLIDÁRIA DE GETÚLIO VARGAS - CRESOL GETÚLIO VARGAS,b3S,RS,Cresol,202603,2.0989267e+08
3015152,COOPERATIVA DE CRÉDITO E ECONOMIA COM INTERAÇÃO SOLIDÁRIA DE SÃO VALENTIM - CRESOL SÃO VALENTIM,b3S,RS,Cresol,202603,2.085074e+08
7509426,COOPERATIVA DE CRÉDITO E ECONOMIA COM INTERAÇÃO SOLIDÁRIA - CRESOL XANXERÊ,b3S,SC,Cresol,202603,1.8773918e+08
24431221,COOPERATIVA DE CRÉDITO E INVESTIMENTO COM INTERAÇÃO SOLIDÁRIA TRANSAMAZÔNICA - CRESOL TRANSAMAZÔNICA,b3S,PA,Cresol,202603,1.8208554e+08
4281182,COOPERATIVA DE CREDITO E ECONOMIA COM INTERACAO SOLIDARIA DE CHAPECO - CRESOL CHAPECO,b3S,SC,Cresol,202309,1.7357318e+08
2025743,COOPERATIVA DE CRÉDITO E INVESTIMENTO COM INTERAÇÃO SOLIDÁRIA NORDESTE - CRESOL NORDESTE,b3S,BA,Cresol,202403,1.6513973e+08
7958405,COOPERATIVA DE CREDITO E ECONOMIA COM INTERAÇÃO SOLIDÁRIA - CRESOL SERRA MAR,b3S,SC,Cresol,202603,1.6022822e+08
5410056,COOPERATIVA DE CREDITO E ECONOMIA COM INTERAÇÃO SOLIDARIA - CRESOL LITORAL,b3S,SC,Cresol,202603,1.4790157e+08
7208637,COOPERATIVA DE CREDITO RURAL COM INTERAÇÃO SOLIDARIA DA ZONA DA MATA - CRESOL ZONA DA MATA,b3S,MG,Cresol,202006,1.2614149e+08
9433005,COOPERATIVA DE CRÉDITO RURAL COM INTERAÇÃO SOLIDÁRIA VALE DO CONTESTADO - CRESOL VALE DO CONTESTADO,b3S,SC,Cresol,202303,1.19839784e+08
5135542,COOPERATIVA DE CRÉDITO RURAL COM INTERAÇÃO SOLIDÁRIA VALE DO COTEGIPE - CRESOL VALE DO COTEGIPE,b3S,PR,Cresol,201903,1.1827966e+08
4973378,COOPERATIVA DE CREDITO RURAL COM INTERACAO SOLIDARIA DE ITAPEJARA D`OESTE - CRESOL ITAPEJARA D`OESTE,b3S,PR,Cresol,201906,1.125613e+08
10453077,COOPERATIVA DE CRÉDITO RURAL COM INTERAÇÃO SOLIDÁRIA REALIZA - CRESOL REALIZA,b3S,SC,Cresol,202303,1.0914031e+08
3348165,COOPERATIVA DE CREDITO RURAL COM INTERACAO SOLIDARIA DE VERE - CRESOL VERE,b3S,PR,Cresol,201903,1.0164092e+08
9463721,COOPERATIVA DE CREDITO E ECONOMIA COM INTERAÇÃO SOLIDÁRIA - CRESOL JACINTO MACHADO,b3S,SC,Cresol,202603,9.686831e+07
1401771,COOPERATIVA CENTRAL DE CRÉDITO COM INTERAÇÃO SOLIDÁRIA - CENTRAL CRESOL BASER,b3C,PR,Cresol,202603,9.4876104e+07
2904138,COOPERATIVA DE CRÉDITO RURAL E ECONOMIA COM INTERAÇÃO SOLIDÁRIA DE ÁUREA - CRESOL ÁUREA,b3S,RS,Cresol,202603,9.349901e+07
7475376,COOPERATIVA DE CRÉDITO RURAL COM INTERAÇÃO SOLIDÁRIA DO ESPÍRITO SANTO - CRESOL ESPÍRITO SANTO,b3S,ES,Cresol,202003,9.229541e+07
5220232,COOPERATIVA DE CREDITO RURAL COM INTERACAO SOLIDARIA CONEXÕES -CRESOL CONEXÕES,b3S,RS,Cresol,202209,9.0816824e+07
9488496,COOPERATIVA DE CRÉDITO E ECONOMIA COM INTERAÇÃO SOLIDÁRIA - CRESOL COOPERACRED,b3S,SC,Cresol,202603,9.0371896e+07
9330158,COOPERATIVA DE CREDITO E ECONOMIA COM INTERAÇÃO SOLIDÁRIA - CRESOL TREZE DE MAIO,b3S,SC,Cresol,202603,8.455295e+07
73254757,COOPERATIVA DE CREDITO E ECONOMIA COM INTERAÇÃO SOLIDARIA DE QUILOMBO - CRESOL QUILOMBO,b3S,SC,Cresol,202306,8.275011e+07
10398952,CONFEDERAÇÃO NACIONAL DAS COOPERATIVAS CENTRAIS DE CRÉDITO E ECONOMIA FAMILIAR E SOLIDÁRIA - CRESOL CONFEDERAÇÃO,b3C,PR,Cresol,202603,7.798877e+07
5442759,COOPERATIVA DE CRÉDITO E ECONOMIA COM INTERAÇÃO SOLIDARIA DE PORTO XAVIER - CRESOL PORTO XAVIER,b3S,RS,Cresol,202206,7.269613e+07
8805562,COOPERATIVA DE CRÉDITO RURAL COM INTERAÇÃO SOLIDÁRIA DE TIRADENTES DO SUL - CRESOL TIRADENTES DO SUL,b3S,RS,Cresol,202103,7.112673e+07
5326643,COOPERATIVA DE CRÉDITO RURAL COM INTERAÇÃO SOLIDÁRIA LESTE PARANAENSE - CRESOL LESTE PARANAENSE,b3S,PR,Cresol,201906,6.82784e+07
2961072,COOPERATIVA DE CREDITO RURAL COM INTERACAO SOLIDARIA DE MANGUEIRINHA - CRESOL MANGUEIRINHA,b3S,PR,Cresol,201903,6.334054e+07
5132104,COOPERATIVA DE CREDITO RURAL COM INTERAÇÃO SOLIDARIA DE CANGUÇU - CRESOL SUL,b3S,RS,Cresol,202003,5.8212316e+07
8647473,COOPERATIVA DE CRÉDITO E ECONOMIA COM INTERAÇÃO SOLIDÁRIA DE CORONEL FREITAS - CRESOL CORONEL FREITAS,b3S,SC,Cresol,202306,5.5977772e+07
9476168,COOPERATIVA DE CRÉDITO RURAL COM INTERAÇÃO SOLIDÁRIA SERRANA - CRESOL SERRANA,b3S,SP,Cresol,201903,3.788616e+07
7202627,COOPERATIVA CENTRAL DE CRÉDITO E ECONOMIA COM INTERAÇÃO SOLIDÁRIA - CRESOL CENTRAL BRASIL,b3C,SC,Cresol,202603,3.676769e+07
1201006,COOPERATIVA DE CRÉDITO RURAL COM INTERAÇÃO SOLIDÁRIA DE CAPANEMA - CRESOL CAPANEMA,b3S,PR,Cresol,201903,3.5168856e+07
5400634,COOPERATIVA DE CRÉDITO E ECONOMIA COM INTERAÇÃO SOLIDÁRIA DE GUARACIABA - CRESOL GUARACIABA,b3S,SC,Cresol,202012,3.042055e+07
5745533,COOPERATIVA DE CRÉDITO E ECONOMIA COM INTERAÇÃO SOLIDÁRIA DE ITATIBA DO SUL - CRESOL ITATIBA DO SUL,b3S,RS,Cresol,202306,3.0310586e+07
23256599,COOPERATIVA DE CRÉDITO RURAL COM INTERAÇÃO SOLIDÁRIA DO MATO GROSSO DO SUL - CRESOL MS,b3S,MS,Cresol,202006,2.5859214e+07
8652872,COOPERATIVA DE CRÉDITO E ECONOMIA COM INTERAÇÃO SOLIDÁRIA DE SANTA TEREZINHA DO PROGRESSO - CRESOL SANTA TEREZINHA DO PROGRESSO,b3S,SC,Cresol,202206,2.5014698e+07
5427501,COOPERATIVA DE CRÉDITO RURAL E ECONOMIA COM INTERAÇÃO SOLIDÁRIA DE IPUMIRIM - CRESOL IPUMIRIM,b3S,SC,Cresol,201909,2.489192e+07
21198087,COOPERATIVA CENTRAL DE CRÉDITO E INVESTIMENTO COM INTERAÇÃO SOLIDÁRIA - CENTRAL CRESOL SICOPER,b3C,RS,Cresol,202603,2.0529196e+07
10512171,COOPERATIVA DE CRÉDITO RURAL COM INTERAÇÃO SOLIDÁRIA DE RIO BRANCO DO SUL - CRESOL RIO BRANCO DO SUL,b3S,PR,Cresol,201906,1.6151742e+07
53575491,COOPERATIVA DE CRÉDITO E INVESTIMENTO COM INTERAÇÃO SOLIDÁRIA DE TOLEDO E REGIÃO - CRESOL PRIMATO CREDI,b3S,PR,Cresol,202603,689118.25
10013534,COOPERATIVA CENTRAL DE CRÉDITO COM INTERAÇÃO SOLIDÁRIA - CENTRAL CRESOL NORDESTE,b3C,BA,Cresol,202406,
5428587,COOPERATIVA DE CREDITO E ECONOMIA COM INTERAÇÃO SOLIDARIA - CRESOL OLIVEIRA DOS BREJINHOS,b3S,BA,Cresol,202509,
32430233,COOPERATIVA DE CRÉDITO CONEXÃO - SICOOB CONEXÃO,b3S,ES,Sicoob,202603,8.2774287e+09
71328769,SICOOB COCRED COOPERATIVA DE CRÉDITO,b3S,SP,Sicoob,202603,7.6578806e+09
78825270,COOPERATIVA DE CRÉDITO DE LIVRE ADMISSÃO DE ASSOCIADOS - SICOOB MAXICRÉDITO,b3S,SC,Sicoob,202603,7.48756e+09
3632872,COOPERATIVA DE CRÉDITO E INVESTIMENTO DO SUDOESTE  DA AMAZÔNIA LTDA - SICOOB CREDISUL,b3S,RO,Sicoob,202603,5.197288e+09
42898825,SICOOB CREDICOM - COOPERATIVA DE ECONOMIA E CREDITO MUTUO DOS MEDICOS E PROFISSIONAIS DA AREA DE SAUDE DO BRASIL LTDA.,b3S,MG,Sicoob,202603,4.791714e+09
81607046,COOPERATIVA DE CRÉDITO DE LIVRE ADMISSÃO DE ASSOCIADOS SÃO MIGUEL DO OESTE - SICOOB SÃO MIGUEL SC/PR/RS,b3S,SC,Sicoob,202603,4.6585124e+09
3320525,COOPERATIVA DE CRÉDITO ARACOOP LTDA. - SICOOB ARACOOP,b3S,MG,Sicoob,202603,4.3861775e+09
3459850,COOPERATIVA DE CRÉDITO SICOOB METROPOLITANO,b3S,PR,Sicoob,202603,3.7743916e+09
78834975,COOPERATIVA DE CRÉDITO DE LIVRE ADMISSÃO DE ASSOCIADOS DO VALE DO CANOINHAS - SICOOB CREDICANOINHAS/SC,b3S,SC,Sicoob,202603,3.75543e+09
2015588,COOPERATIVA DE CRÉDITO DE LIVRE ADMISSÃO DO CENTRO SUL RONDONIENSE - SICOOB CREDIP.,b3S,RO,Sicoob,202603,2.8042583e+09
71297899,COOPERATIVA DE CRÉDITO DE LIVRE ADMISSÃO DO OESTE MINEIRO LTDA. - SICOOB CREDICOPA,b3S,MG,Sicoob,202603,2.4505774e+09
31804966,COOPERATIVA DE CRÉDITO COOPERMAIS - SICOOB COOPERMAIS,b3S,ES,Sicoob,202603,2.292185e+09
32467086,COOPERATIVA DE CRÉDITO SUL DO ESPÍRITO SANTO - SICOOB SUL,b3S,ES,Sicoob,202603,2.282922e+09
78840071,COOPERATIVA DE CRÉDITO DE LIVRE ADMISSÃO DE ASSOCIADOS DO ALTO URUGUAI CATARINENSE - SICOOB CREDIAUC,b3S,SC,Sicoob,202603,2.1418364e+09
26178533,COOPERATIVA DE CRÉDITO DE LIVRE ADMISSÃO DO PONTAL DO TRIANGULO LTDA - SICOOB CREDIPONTAL,b3S,MG,Sicoob,202603,2.1391813e+09
2466552,COOPERATIVA DE CRÉDITO SICOOB VALE SUL,b3S,PR,Sicoob,202603,2.0081636e+09
4388688,COOPERATIVA DE CRÉDITO SICOOB ENGECRED LTDA.,b3S,GO,Sicoob,202603,1.9890962e+09
5888589,COOPERATIVA DE CRÉDITO SUL - SICOOB SUL,b3S,PR,Sicoob,202603,1.9636223e+09
1644264,"COOPERATIVA DE CRÉDITO DE LIVRE ADMISSÃO DO MÉDIO PIRACICABA, CIRCUITO DO OURO, GRANDE BH E RIO GRANDE DO NORTE LTDA. -  SICOOB CREDIMEPI",b3S,MG,Sicoob,202603,1.9094834e+09
5241619,COOPERATIVA DE CRÉDITO SICOOB PRIMAVERA - SICOOB PRIMAVERA,b3S,MT,Sicoob,202603,1.8964111e+09
5582619,COOPERATIVA DE CRÉDITO SICOOB OURO VERDE,b3S,PR,Sicoob,202603,1.886318e+09
81014060,COOPERATIVA DE CREDITO DE LIVRE ADMISSÃO DE ASSOCIADOS ITAIPU SICOOB CREDITAIPU,b3S,SC,Sicoob,202603,1.8025155e+09
25798596,COOPERATIVA DE CRÉDITO CREDIVAR LTDA. - SICOOB CREDIVAR,b3S,MG,Sicoob,202603,1.7464687e+09
3358914,COOPERATIVA DE CREDITO CREDIROCHAS - SICOOB CREDIROCHAS,b3S,ES,Sicoob,202603,1.6163272e+09
4247370,COOPERATIVA DE CRÉDITO DE EMPRESÁRIOS - SICOOB/TRANSCREDI,b3S,SC,Sicoob,202603,1.4882899e+09
81016131,COOPERATIVA DE CRÉDITO DE LIVRE ADMISSÃO DE ASSOCIADOS DO VALE DO VINHO - SICOOB VALE DO VINHO,b3S,SC,Sicoob,202603,1.477957e+09
86829827,COOPERATIVA DE CRÉDITO DE LIVRE ADMISSÃO DO VALE - SICOOB CREDIVALE/SC,b3S,SC,Sicoob,202603,1.4240714e+09
5392810,COOPERATIVA DE CRÉDITO DA REGIÃO MERIDIONAL DO BRASIL - SICOOB UNICOOB MERIDIONAL,b3S,PR,Sicoob,202603,1.3877676e+09
1389651,COOPERATIVA DE CRÉDITO DE LIVRE ADMISSÃO DE ASSOCIADOS DO PLANALTO CATARINENSE SICOOB CREDIPLANALTO SC/RS,b3S,SC,Sicoob,202603,1.3357684e+09
2335109,COOPERATIVA DE CRÉDITO DE LIVRE ADMISSÃO DA ZONA DA MATA LTDA   SICOOB COOPEMATA,b3S,MG,Sicoob,202603,1.3202044e+09
81367880,COOPERATIVA DE CRÉDITO DE LIVRE ADMISSÃO DE ASSOCIADOS SUL CATARINENSE - SICOOB CREDISULCA SC,b3S,SC,Sicoob,202603,1.3171621e+09
71698674,SICOOB MANTIQUEIRA - COOPERATIVA DE CRÉDITO DE LIVRE ADMISSÃO,b3S,SP,Sicoob,202603,1.3002514e+09
5203605,COOPERATIVA DE CRÉDITO DA AMAZÔNIA - SICOOB AMAZÔNIA,b3S,RO,Sicoob,202603,1.2979418e+09
698609,COOPERATIVA DE CRÉDITO DO NORTE E NOROESTE DE MINAS GERAIS LTDA. - SICOOB CREDIGERAIS,b3S,MG,Sicoob,202503,1.2566833e+09
25387671,COOPERATIVA DE CREDITO DO ALTO PARANAIBA E REGIÃO LTDA. - SICOOB CREDIPATOS,b3S,MG,Sicoob,202509,1.2424493e+09
81011686,COOPERATIVA DE CRÉDITO DO NORTE CATARINENSE E SUL PARANAENSE - SICOOB CREDINORTE,b3S,SC,Sicoob,202603,1.2349152e+09
31815293,COOPERATIVA DE CRÉDITO NORTE DO ESPÍRITO SANTO - SICOOB NORTE,b3S,ES,Sicoob,202303,1.2163571e+09
1604998,COOPERATIVA DE CREDITO DE LIVRE ADMISSÃO DO SUL DE MINAS LTDA - SICOOB CREDIVASS,b3S,MG,Sicoob,202603,1.1194652e+09
41697103,COOPERATIVA DE CRÉDITO CREDILIVRE LTDA. - SICOOB CREDILIVRE,b3S,MG,Sicoob,202603,1.1126642e+09
65229254,COOPERATIVA DE CRÉDITO COOPACREDI LTDA. - SICOOB COOPACREDI,b3S,MG,Sicoob,202603,1.0452699e+09
694389,COOPERATIVA DE CRÉDITO DE LIVRE ADMISSÃO DE ASSOCIADOS - SICOOB CREDICARU SC/RS,b3S,SC,Sicoob,202603,1.0439956e+09
1060307,COOPERATIVA DE CRÉDITO DE LIVRE ADMISSÃO DA UNIÃO DOS VALES DO PIRANGA E MATIPÓ LTDA. - SICOOB UNIÃO DOS VALES,b3S,MG,Sicoob,202603,1.0402114e+09
11907520,COOPERATIVA DE CRÉDITO DE LIVRE ADMISSÃO DA PARAÍBA - SICOOB PARAÍBA,b3S,PB,Sicoob,202603,1.03386234e+09
2232383,COOPERATIVA DE CRÉDITO DE LIVRE ADMISSÃO DA REGIÃO DO CIRCUITO CAMPOS DAS VERTENTES LTDA - SICOOB COPERMEC,b3S,MG,Sicoob,202603,1.0161523e+09
3326437,COOPERATIVA DE CRÉDITO DE LIVRE ADMISSÃO DO CENTRO NORTE DOS ESTADOS DE MATO GROSSO E MATO GROSSO DO SUL - SICOOB UNIÃO MT/MS,b3S,MT,Sicoob,202603,1.01096794e+09
78858107,COOPERATIVA DE CRÉDITO DE LIVRE ADMISSÃO DE ASSOCIADOS AURIVERDE -  SICOOB - CREDIAL SC/RS,b3S,SC,Sicoob,202603,9.969816e+08
23623636,COOPERATIVA DE CRÉDITO DE LIVRE ADMISSÃO DO NORTE DE MATO GROSSO - SICOOB NORTE MT,b3S,MT,Sicoob,202603,9.901966e+08
4529074,"COOPERATIVA DE CRÉDITO, CAPTAÇÃO, POUPANÇA E SOLUÇÕES FINANCEIRAS SICOOB CREDICAPITAL",b3S,PR,Sicoob,202603,9.814116e+08
966246,COOPERATIVA DE CREDITO CREDICERIPA - SICOOB CREDICERIPA,b3S,SP,Sicoob,202603,9.799216e+08
80959612,COOPERATIVA DE CRÉDITO ALTO VALE DO ITAJAÍ - SICOOB ALTO VALE,b3S,SC,Sicoob,202603,9.573242e+08
7122321,COOPERATIVA DE CRÉDITO INTEGRADO - SICOOB INTEGRADO,b3S,PR,Sicoob,202603,9.456193e+08
7026923,COOPERATIVA DE CRÉDITO DE LIVRE ADMISSÃO SICOOB ARENITO PARANÁ / SÃO PAULO,b3S,PR,Sicoob,202603,9.360907e+08
2090126,COOPERATIVA DE CRÉDITO DE LIVRE ADMISSÃO DE ASSOCIADOS VALE DO CHAPECOZINHO - SICOOB VALCREDI SUL,b3S,SC,Sicoob,202603,9.228774e+08
1736516,COOPERATIVA DE CRÉDITO DE LIVRE ADMISSÃO DA REGIÃO CENTRAL E OESTE MINEIRO LTDA. - SICOOB DIVICRED,b3S,MG,Sicoob,202603,9.1912723e+08
24048910,COOPERATIVA DE CRÉDITO CREDINTER LTDA. - SICOOB CREDINTER,b3S,MG,Sicoob,202603,9.0780576e+08
8044854,COOPERATIVA DE CRÉDITO E INVESTIMENTO SICOOB CENTRO,b3S,RO,Sicoob,202603,8.7217414e+08
3732359,COOPERATIVA DE CRÉDITO DE LIVRE ADMISSÃO DE PERNAMBUCO - SICOOB PERNAMBUCO,b3S,PE,Sicoob,202603,8.455943e+08
4876393,COOPERATIVA DE CRÉDITO DE LIVRE ADMISSÃO TRÊS FRONTEIRAS - SICOOB TRÊS FRONTEIRAS,b3S,PR,Sicoob,202603,8.442391e+08
78483310,COOPERATIVA DE CRÉDITO DE LIVRE ADMISSÃO DE ASSOCIADOS ITAPIRANGA - SICOOB CREDITAPIRANGA SC/RS,b3S,SC,Sicoob,202603,8.334657e+08
42873828,COOPERATIVA DE CRÉDITO AGROCREDI LTDA. - SICOOB AGROCREDI,b3S,MG,Sicoob,202603,8.2839123e+08
8742188,COOPERATIVA DE CRÉDITO DE LIVRE ADMISSÃO UNIÃO E NEGÓCIOS - SICOOB INTEGRAÇÃO,b3S,MT,Sicoob,202603,8.154376e+08
309024,CENTRAL DAS COOPERATIVAS DE ECONOMIA E CREDITO DO ESTADO DE MINAS GERAIS LTDA. - SICOOB CENTRAL CECREMGE,b3C,MG,Sicoob,202603,8.1496045e+08
10262276,COOPERATIVA DE CRÉDITO DE LIVRE ADMISSÃO DO ESTADO DE SÃO PAULO - SICOOB PAULISTA,b3S,SP,Sicoob,202603,8.148449e+08
66463407,COOPERATIVA DE CRÉDITO DE LIVRE ADMISSÃO DE ITAÚNA E REGIÃO LTDA - SICOOB CENTRO-OESTE,b3S,MG,Sicoob,202603,8.0758163e+08
67960229,COOPERATIVA DE CRÉDITO CREDIGUAÇU - SICOOB CREDIGUAÇU,b3S,SP,Sicoob,202603,7.9897594e+08
69346856,COOPERATIVA DE ECONOMIA E CRÉDITO MÚTUO DOS PROFISSIONAIS DA SAÚDE DA REGIÃO DA ALTA MOGIANA - SICOOB CREDIMOGIANA,b3S,SP,Sicoob,202603,7.905668e+08
71419600,COOPERATIVA DE CRÉDITO DE LIVRE ADMISSÃO DA REGIÃO DE FRUTAL LTDA.   SICOOB FRUTAL,b3S,MG,Sicoob,202603,7.8829824e+08
86564051,COOPERATIVA DE CRÉDITO NOROESTE DE MINAS LTDA. - SICOOB NOROESTE DE MINAS,b3S,MG,Sicoob,202603,7.774146e+08
25395435,COOPERATIVA DE CRÉDITO CREDICAF LTDA - SICOOB CREDICAF,b3S,MG,Sicoob,202603,7.596434e+08
259231,SICOOB UNIMAIS METROPOLITANA - COOPERATIVA DE CRÉDITO DE LIVRE ADMISSÃO,b3S,SP,Sicoob,202603,7.340474e+08
3645752,COOPERATIVA DE CRÉDITO CREDISG LTDA. - SICOOB CREDISG,b3S,MG,Sicoob,202603,7.262451e+08
2641969,COOPERATIVA DE CRÉDITO DE LIVRE ADMISSÃO DE ASSOCIADOS NOVA TRENTO   SICOOB TRENTOCREDI SC,b3S,SC,Sicoob,202603,7.1536045e+08
21866694,COOPERATIVA DE CRÉDITO CREDINOR LTDA - SICOOB CREDINOR,b3S,MG,Sicoob,202603,6.963941e+08
22656789,COOPERATIVA DE CREDITO CREDISUDESTE LTDA. - SICOOB CREDISUDESTE,b3S,MG,Sicoob,202603,6.9615514e+08
22760839,COOPERATIVA DE CRÉDITO NOSSOCRÉDITO LTDA - SICOOB NOSSOCRÉDITO,b3S,MG,Sicoob,202603,6.7567034e+08
23949522,COOPERATIVA DE CRÉDITO CREDICARPA LTDA. - SICOOB CREDICARPA,b3S,MG,Sicoob,202603,6.7e+08
9403026,COOPERATIVA DE CRÉDITO CENTRO LESTE NORTE MARANHENSE - SICOOB CENTROLESTE,b3S,MA,Sicoob,202603,6.585711e+08
19449602,COOPERATIVA DE CRÉDITO CREDCOOPER LTDA - SICOOB CREDCOOPER,b3S,MG,Sicoob,202603,6.4128826e+08
7789195,COOPERATIVA DE CRÉDITO DE LIVRE ADMISSÃO E DOS TRANSPORTADORES RODOVIÁRIOS DE VEÍCULOS - SICOOB CREDCEG,b3S,SP,Sicoob,202603,6.405489e+08
22724710,COOPERATIVA DE CRÉDITO CREDIVERTENTES LTDA. - SICOOB CREDIVERTENTES,b3S,MG,Sicoob,202603,6.32258e+08
1259518,COOPERATIVA DE CRÉDITO DE LIVRE ADMISSÃO SICOOB UNIMAIS CENTRO LESTE PAULISTA - SICOOB UNIMAIS CENTRO LESTE PAULISTA,b3S,SP,Sicoob,202603,6.258262e+08
78865995,COOPERATIVA DE CRÉDITO DE LIVRE ADMISSÃO DE ASSOCIADOS VALE DO RIO DO PEIXE - SICOOB CREDIRIO SC,b3S,SC,Sicoob,202603,5.9913197e+08
5158093,COOPERATIVA DE CRÉDITO DE LIVRE ADMISSÃO DA REGIÃO LESTE DA BACIA DO RIO DOCE LTDA   SICOOB CREDILESTE,b3S,MG,Sicoob,202603,5.9873594e+08
3047549,COOPERATIVA DE CRÉDITO E CAPTAÇÃO SICOOB UNICIDADES,b3S,GO,Sicoob,202603,5.9461344e+08
53923116,COOPERATIVA DE CREDITO - SICOOB CREDICOONAI,b3S,SP,Sicoob,202009,5.888544e+08
78862083,COOPERATIVA DE CRÉDITO DE LIVRE ADMISSÃO DE ASSOCIADOS NOVOS CAMPOS - SICOOB NOVOS CAMPOS,b3S,SC,Sicoob,202603,5.710064e+08
64237530,COOPERATIVA DE CRÉDITO CREDIUNA LTDA - SICOOB CREDIUNA,b3S,MG,Sicoob,202603,5.5119456e+08
1760242,COOPERATIVA DE CRÉDITO DE LIVRE ADMISSÃO DE BELO HORIZONTE E CIDADES POLO DO ESTADO DE MINAS GERAIS LTDA. - SICOOB NOSSACOOP,b3S,MG,Sicoob,202603,5.5116454e+08
81292278,COOPERATIVA DE CRÉDITO ORIGINAL - SICOOB ORIGINAL,b3S,SC,Sicoob,202603,5.4479296e+08
46642294,COOPERATIVA DE CRÉDITO MÚTUO DOS EMPREGADOS DA EMBRAER- SICOOB COOPEREMB,b3S,SP,Sicoob,202603,5.2635984e+08
4013172,COOPERATIVA DE CRÉDITO SICOOB 3 COLINAS,b3S,SP,Sicoob,202603,5.2237018e+08
3612764,COOPERATIVA DE CRÉDITO  DE FRONTEIRAS  LTDA. - SICOOB FRONTEIRAS,b3S,RO,Sicoob,202603,4.8798378e+08
66398496,COOPERATIVA DE CRÉDITO CREDIARA LTDA - SICOOB CREDIARA,b3S,MG,Sicoob,202603,4.872866e+08
1739375,COOPERATIVA DE CRÉDITO DE LIVRE ADMISSÃO DE  LAGOA DA PRATA E REGIÃO LTDA.   SICOOB LAGOACRED GERAIS,b3S,MG,Sicoob,202603,4.772139e+08
7318874,COOPERATIVA DE CRÉDITO SICOOB MÉDIO OESTE,b3S,PR,Sicoob,202603,4.672402e+08
21670187,COOPERATIVA DE CRÉDITO CREDIBOM LTDA. - SICOOB CREDIBOM,b3S,MG,Sicoob,202603,4.6260243e+08
25606237,COOPERATIVA DE POUPANÇA E CRÉDITO DO VALE DO RIO DOCE LTDA - SICOOB CREDIRIODOCE,b3S,MG,Sicoob,202603,4.6129856e+08
22753982,COOPERATIVA DE CRÉDITO CREDISETE LTDA. - SICOOB CREDISETE,b3S,MG,Sicoob,202603,4.5697984e+08
59869560,COOPERATIVA DE CREDITO NOSSO - SICOOB NOSSO,b3S,SP,Sicoob,202603,4.5012195e+08
41707258,COOPERATIVA DE CRÉDITO DE LIVRE ADMISSÃO DE SANTO ANTÔNIO DO MONTE LTDA.   SICOOB CREDIMONTE,b3S,MG,Sicoob,202603,4.4997507e+08
6174009,COOPERATIVA DE CRÉDITO SICOOB ALIANÇA,b3S,PR,Sicoob,202603,4.2752186e+08
68987,COOPERATIVA DE CRÉDITO ARACREDI LTDA. - SICOOB ARACREDI,b3S,MG,Sicoob,202603,4.248434e+08
41931445,COOPERATIVA DE CRÉDITO CREDIFOR LTDA - SICOOB CREDIFOR,b3S,MG,Sicoob,202603,4.2432266e+08
3412878,COOPERATIVA DE CRÉDITO CREDIRAMA LTDA - SICOOB CREDIRAMA,b3S,MG,Sicoob,202603,4.207558e+08
2935307,COOPERATIVA DE CRÉDITO SICOOB CREDSEGURO LTDA.,b3S,GO,Sicoob,202603,4.1371622e+08
25536764,COOPERATIVA DE CRÉDITO CREDPLUS LTDA. - SICOOB CREDPLUS,b3S,MG,Sicoob,202603,4.0053642e+08
86389236,COOPERATIVA DE CRÉDITO SICOOB UNI SUDESTE,b3S,MG,Sicoob,202603,3.9341642e+08
25683475,COOPERATIVA DE CRÉDITO DE LIVRE ADMISSÃO DO VALE DO RIO GRANDE LTDA. - SICOOB UBERABA,b3S,MG,Sicoob,202603,3.9190077e+08
25387713,COOPERATIVA DE CRÉDITO DE LIVRE ADMISSÃO DA REGIÃO DE  PARÁ DE MINAS LTDA - SICOOB CREDIRURAL,b3S,MG,Sicoob,202603,3.884438e+08
71238232,COOPERATIVA DE CRÉDITO DO CENTRO SUL MINEIRO LTDA. - SICOOB CENTRO SUL MINEIRO,b3S,MG,Sicoob,202603,3.8462838e+08
2173447,COOPERATIVA DE CREDITO DE LIVRE ADMISSAO DO CENTRO NORDESTE MINEIRO LTDA - SICOOB CREDICENM,b3S,MG,Sicoob,202603,3.8449075e+08
2057584,COOPERATIVA DE CRÉDITO SICOOB SERTÃO LTDA,b3S,BA,Sicoob,202603,3.8139968e+08
1692448,COOPERATIVA DE CRÉDITO DE LIVRE ADMISSÃO DE ASSOCIADOS DO PLANALTO SERRANO - SICOOB CREDISERRA SC,b3S,SC,Sicoob,202603,3.776268e+08
2144899,COOPERATIVA DE CRÉDITO DE LIVRE ADMISSÃO DA REGIÃO CENTRAL DE RONDÔNIA   SICOOB OUROCREDI,b3S,RO,Sicoob,202603,3.5938902e+08
66262643,COOPERATIVA DE CRÉDITO CREDIPEU LTDA.  - SICOOB CREDIPEU,b3S,MG,Sicoob,202603,3.5784653e+08
25387655,COOPERATIVA DE CRÉDITO CREDIVALE LTDA - SICOOB CREDIVALE,b3S,MG,Sicoob,202603,3.5360742e+08
2931668,COOPERATIVA DE CRÉDITO DE LIVRE ADMISSÃO DO ESTADO DO RIO DE JANEIRO - SICOOB FLUMINENSE,b3S,RJ,Sicoob,202603,3.5270102e+08
25353939,COOPERATIVA DE CRÉDITO CREDIALP LTDA - SICOOB CREDIALP,b3S,MG,Sicoob,202603,3.5210858e+08
38588174,COOPERATIVA DE CRÉDITO CREDICOPE LTDA. - SICOOB CREDICOPE,b3S,MG,Sicoob,202603,3.4629283e+08
21661202,COOPERATIVA DE CRÉDITO CREDICAMPO LTDA.- SICOOB CREDICAMPO,b3S,MG,Sicoob,202603,3.455789e+08
1667766,COOPERATIVA DE CRÉDITO DE LIVRE ADMISSÃO CREDINOVA LTDA. - SICOOB CREDINOVA,b3S,MG,Sicoob,202603,3.4548323e+08
26178111,COOPERATIVA DE CRÉDITO UNIÃO CENTRO OESTE LTDA. - SICOOB UNIÃO CENTRO OESTE,b3S,MG,Sicoob,202603,3.437881e+08
2447120,COOPERATIVA DE CRÉDITO SICOOB EXTREMO SUL LTDA.,b3S,BA,Sicoob,202603,3.4129507e+08
5247312,COOPERATIVA DE CRÉDITO DE LIVRE ADMISSÃO BURITIS - SICOOB BURITIS,b3S,MT,Sicoob,202603,3.31054e+08
1152097,COOPERATIVA DE CRÉDITO CREDIMATA LTDA. - SICOOB CREDIMATA,b3S,MG,Sicoob,202603,3.3082285e+08
5222094,COOPERATIVA DE CRÉDITO DE LIVRE ADMISSÃO DE PIRACANJUBA LTDA. - SICOOB CERRADO,b3S,GO,Sicoob,202603,3.2826512e+08
4544165,COOPERATIVA DE CRÉDITO DE LIVRE ADMISSÃO DO VALE MADEIRA-MAMORÉ - SICOOB PORTOCREDI,b3S,RO,Sicoob,201912,3.1282157e+08
37255049,SICOOB CREDIGOIÁS COOPERATIVA DE CRÉDITO LTDA.,b3S,GO,Sicoob,202603,3.0933283e+08
429890,COOPERATIVA DE CREDITO CREDIAGRO LTDA. - SICOOB CREDIAGRO,b3S,MG,Sicoob,202603,3.014714e+08
1559914,SICOOB AC CREDI - COOPERATIVA DE CRÉDITO DE LIVRE ADMISSÃO DO LESTE E NORDESTE MINEIRO LTDA.,b3S,MG,Sicoob,202603,3.006877e+08
3033469,COOPERATIVA DE CREDITO DO PLANALTO SUL - SICOOB CREDISSERRANA,b3S,SC,Sicoob,202603,2.985956e+08
19869338,COOPERATIVA DE CREDITO DE LIVRE ADMISSAO DO VALE DO AÇO LTDA - SICOOB VALE DO AÇO,b3S,MG,Sicoob,202603,2.9679603e+08
8795285,COOPERATIVA DE CRÉDITO DE LIVRE ADMISSÃO SICOOB CREDIACIL,b3S,SP,Sicoob,202603,2.9539853e+08
71154256,COOPERATIVA DE CRÉDITO SACRAMENTO LTDA - SICOOB SACRAMENTO,b3S,MG,Sicoob,202603,2.9498378e+08
41753500,COOPERATIVA DE CRÉDITO CARLOS CHAGAS LTDA. - SICOOB CARLOS CHAGAS,b3S,MG,Sicoob,202603,2.9300794e+08
80160260,COOPERATIVA CENTRAL DE CRÉDITO DE SANTA CATARINA E RIO GRANDE DO SUL - SICOOB CENTRAL SC/RS,b3C,SC,Sicoob,202603,2.8861405e+08
41669227,COOPERATIVA DE CRÉDITO DE PRODUTORES RURAIS E DE LIVRE ADMISSÃO DO TRIÂNGULO LTDA    SICOOB CREDITRIL,b3S,MG,Sicoob,202603,2.8665584e+08
64276058,COOPERATIVA DE CRÉDITO CREDINORTE LTDA. - SICOOB CREDINORTE,b3S,MG,Sicoob,202603,2.8405066e+08
71392047,COOPERATIVA DE CRÉDITO MONTECREDI LTDA. - SICOOB MONTECREDI,b3S,MG,Sicoob,202603,2.827637e+08
80959638,COOPERATIVA DE CRÉDITO DE LIVRE ADMISSÃO DE ASSOCIADOS DO MEIO OESTE CATARINENSE - SICOOB CREDIMOC SC,b3S,SC,Sicoob,202603,2.8210054e+08
82133182,COOPERATIVA DE CRÉDITO DO VALE EUROPEU - SICOOB EURO VALE,b3S,SC,Sicoob,202603,2.7946547e+08
1205736,COOPERATIVA DE CRÉDITO SICOOB COSTA DO DESCOBRIMENTO LTDA.,b3S,BA,Sicoob,202603,2.7904566e+08
2883398,COOPERATIVA DE CRÉDITO DO VALE DO ITAJAÍ E VALE DO ITAPOCÚ - SICOOB MULTICREDI,b3S,SC,Sicoob,202603,2.7607613e+08
66788142,COOPERATIVA DE CREDITO CREDIMOTA   SICOOB CREDIMOTA,b3S,SP,Sicoob,202603,2.7522698e+08
17361536,COOPERATIVA DE CRÉDITO DA REGIÃO E COLAR METROPOLITANO DO VALE DO AÇO LTDA. - SICOOB COSMIPA,b3S,MG,Sicoob,202603,2.713808e+08
5772229,COOPERATIVA DE CRÉDITO UNICOOB OURO BRANCO - SICOOB UNICOOB OURO BRANCO,b3S,PR,Sicoob,202009,2.6820859e+08
2197569,COOPERATIVA DE CRÉDITO CREDSAOPAULO - SICOOB CREDSAOPAULO,b3S,SP,Sicoob,202603,2.6778597e+08
25528753,COOPERATIVA DE CRÉDITO CREDIVERDE LTDA. - SICOOB CREDIVERDE,b3S,MG,Sicoob,202603,2.6271562e+08
18966739,COOPERATIVA DE CRÉDITO COPERSUL LTDA - SICOOB COPERSUL,b3S,MG,Sicoob,202603,2.6251685e+08
71243034,COOPERATIVA DE CRÉDITO CREDIJEQUITINHONHA LTDA. - SICOOB CREDIJEQUITINHONHA,b3S,MG,Sicoob,202603,2.6101077e+08
42880617,COOPERATIVA DE CRÉDITO DE TIROS E MATUTINA LTDA.- SICOOB CREDITIROS,b3S,MG,Sicoob,202603,2.6087317e+08
37079720,COOPERATIVA DE CRÉDITO DE LIVRE ADMISSÃO LTDA. - SICOOB CREDIJUSTRA,b3S,DF,Sicoob,202603,2.5982554e+08
7469260,COOPERATIVA DE CRÉDITO CREDIFIEMG LTDA. - SICOOB CREDIFIEMG,b3S,MG,Sicoob,202603,2.5891941e+08
2493000,"COOPERATIVA DE ECONOMIA E CRÉDITO MÚTUO NOS ESTADOS DE ALAGOAS, SERGIPE E BAHIA - SICOOB LESTE",b3S,AL,Sicoob,202603,2.58184e+08
4181542,COOPERATIVA DE CREDITO DE LIVRE ADMISSAO DE PITANGUI E REGIAO LTDA. - SICOOB CREDPIT,b3S,MG,Sicoob,202603,2.5741733e+08
2587492,COOPERATIVA DE CRÉDITO DE LIVRE ADMISSÃO DE ASSOCIADOS URUBICI - SICOOB CREDIARAUCÁRIA/SC,b3S,SC,Sicoob,202603,2.5436165e+08
73398646,SOCIEDADE COOPERATIVA DE CRÉDITO COOPERE LTDA.  - SICOOB COOPERE,b3S,BA,Sicoob,202603,2.4961718e+08
3419786,COOPERATIVA DE CRÉDITO NOSSA SENHORA DO DESTERRO - SICOOB CREDISC,b3S,SC,Sicoob,202603,2.492387e+08
3269540,"COOPERATIVA DE CRÉDITO DOS SERVIDORES MILITARES, DA POLÍCIA CIVIL, DA SECRETARIA DE EDUCAÇÃO DO ESTADO DE MINAS GERAIS E DE LIVRE ADMISSÃO LTDA - SICOOB COOPEMG",b3S,MG,Sicoob,202603,2.4897238e+08
10319386,COOPERATIVA DE CRÉDITO DE LIVRE ADMISSÃO DO CENTRO SUL DE MATO GROSSO DO SUL - SICOOB CENTRO SUL MS,b3S,MS,Sicoob,202603,2.4505312e+08
1009908,COOPERATIVA DE CREDITO DE LIVRE ADMISSAO DE PARA DE MINAS LTDA - SICOOB ASCICRED,b3S,MG,Sicoob,202603,2.3181938e+08
25420696,COOPERATIVA DE CRÉDITO CREDINACIONAL LTDA. - SICOOB CREDINACIONAL,b3S,MG,Sicoob,202603,2.3156456e+08
71154876,COOPERATIVA DE CRÉDITO DE LIVRE ADMISSÃO DO NOROESTE DE MINAS GERAIS LTDA.   SICOOB CREDIPINHO,b3S,MG,Sicoob,202603,2.2821456e+08
2876918,COOPERATIVA DE CRÉDITO SICOOB NORTE SUL LTDA,b3S,BA,Sicoob,202603,2.2742024e+08
4138455,COOPERATIVA DE CRÉDITO DO RIO GRANDE DO NORTE - SICOOB RIO GRANDE DO NORTE,b3S,RN,Sicoob,202312,2.1622438e+08
3519240,COOPERATIVA DE CRÉDITO DOS INTEGRANTES DO PODER JUDICIÁRIO E DO MINISTÉRIO PÚBLICO DO ESTADO DE MINAS GERAIS LTDA. - SICOOB JUS-MP,b3S,MG,Sicoob,202603,2.1547131e+08
1609345,COOPERATIVA DE CRÉDITO CREDICAMPINA LTDA. - SICOOB CREDICAMPINA,b3S,MG,Sicoob,202603,2.1143435e+08
7097064,COOPERATIVA DE CRÉDITO SICOOB CONFIANÇA,b3S,PR,Sicoob,202603,2.1082856e+08
41931221,COOPERATIVA DE CRÉDITO CREDICOOP LTDA - SICOOB CREDICOOP,b3S,MG,Sicoob,202603,2.1004038e+08
4321309,COOPERATIVA DE CRÉDITO DOS SERVIDORES PÚBLICOS NO ESTADO DA BAHIA LTDA. - SICOOB INOVA,b3S,BA,Sicoob,202603,2.0935325e+08
2480577,COOPERATIVA DE CRÉDITO DE LIVRE ADMISSÃO E DOS ADVOGADOS LTDA. - SICOOB CREDIJUR,b3S,GO,Sicoob,202603,2.0463893e+08
71237184,COOPERATIVA DE CRÉDITO CREDIBELO LTDA. - SICOOB CREDIBELO,b3S,MG,Sicoob,202603,1.9755891e+08
869687,COOPERATIVA DE CRÉDITO DE LIVRE ADMISSÃO DE BOA ESPERANÇA LTDA. - SICOOB BELCREDI,b3S,MG,Sicoob,202603,1.970352e+08
1667352,COOPERATIVA DE CRÉDITO DE LIVRE ADMISSÃO SICOOB CREDMISSÃO LTDA. - SICOOB CREDMISSÃO,b3S,MG,Sicoob,202603,1.9464592e+08
26014175,COOPERATIVA DE CRÉDITO GUARANICREDI LTDA. - SICOOB GUARANICREDI,b3S,MG,Sicoob,202603,1.8735893e+08
1703620,COOPERATIVA DE CRÉDITO DE LIVRE ADMISSÃO UNIÃO DO CENTRO OESTE DE MINAS LTDA - SICOOB CREDESP,b3S,MG,Sicoob,202603,1.8361248e+08
86791837,COOPERATIVA DE CRÉDITO DO VALE DOS PINHAIS - SICOOB VALE DOS PINHAIS,b3S,SC,Sicoob,202603,1.8284557e+08
62673470,COOPERATIVA DE CRÉDITO SICOOB COOPMIL,b3S,SP,Sicoob,202603,1.7683445e+08
65239402,COOPERATIVA DE CRÉDITO UNIÃO DO CENTRO OESTE DE MINAS LTDA. - SICOOB CENTRO UNIÃO,b3S,MG,Sicoob,202603,1.7222363e+08
692214,CENTRAL DAS COOPERATIVAS DE ECONOMIA E CRÉDITO DO PLANALTO CENTRAL LTDA - SICOOB PLANALTO CENTRAL,b3C,DF,Sicoob,202209,1.7141221e+08
14046512,COOPERATIVA DE CRÉDITO DE LIVRE ADMISSÃO DA MARGEM ESQUERDA DO URUCUIA E SÃO FRANCISCO LTDA - SICOOB CREDICHAPADA,b3S,MG,Sicoob,202603,1.6790062e+08
71146450,COOPERATIVA DE CRÉDITO DE LIVRE ADMISSÃO DE CAMPOS GERAIS E CAMPO DO MEIO LTDA - SICOOB CREDCAM,b3S,MG,Sicoob,202603,1.6637176e+08
25743311,COOPERATIVA DE CRÉDITO DE LIVRE ADMISSÃO DE CARMO DO RIO CLARO LTDA - SICOOB CREDICARMO,b3S,MG,Sicoob,202603,1.66312e+08
22749014,COOPERATIVA DE CRÉDITO DA REGIÃO CENTRAL DE MINAS LTDA. - SICOOB UNIÃO CENTRAL,b3S,MG,Sicoob,202603,1.6574776e+08
3428338,COOPERATIVA DE CRÉDITO - SICOOB CREDUNI,b3S,PB,Sicoob,202603,1.621434e+08
26072728,COOPERATIVA DE CRÉDITO UNIÃO CENTRO OESTE LTDA. - SICOOB UNIÃO CENTRO OESTE,b3S,MG,Sicoob,202203,1.6107837e+08
8071414,COOPERATIVA DE ECONOMIA E CRÉDITO MÚTUO - SICOOB COOPERAC,b3S,SP,Sicoob,202603,1.608293e+08
54190525,SICOOB CRESSEM - COOPERATIVA DE ECNONOMIA E CRÉDITO MUTUO DOS SERVIDORES MUNICIPAIS DA REGIÃO METROPOLITANA DO VALE DO PARAIBA E LITORAL NORTE,b3S,SP,Sicoob,202603,1.569471e+08
71441406,COOPERATIVA DE CRÉDITO DE LIVRE ADMISSÃO DE PEDRO LEOPOLDO LTDA - SICOOB CREDIPEL,b3S,MG,Sicoob,202603,1.5676656e+08
7194313,COOPERATIVA DE CRÉDITO HORIZONTE - SICOOB HORIZONTE,b3S,PR,Sicoob,202603,1.5585938e+08
25683434,COOPERATIVA CENTRAL DE CRÉDITO DE MINAS GERAIS LTDA. - SICOOB CENTRAL CREDIMINAS,b3C,MG,Sicoob,202603,1.53827e+08
803287,COOPERATIVA DE CRÉDITO CREDIVAZ LTDA. - SICOOB CREDIVAZ,b3S,MG,Sicoob,202603,1.509873e+08
71207740,COOPERATIVA DE CRÉDITO RURAL DE IRAÍ DE MINAS LTDA -SICOOB CREDIMIL,b3S,MG,Sicoob,202603,1.4497274e+08
2282165,COOPERATIVA DE CRÉDITO DO SUDOESTE BAIANO LTDA - SICOOB CREDICONQUISTA,b3S,BA,Sicoob,202603,1.447995e+08
694877,COOPERATIVA DE CRÉDITO DE LIVRE ADMISSÃO DO BRASIL CENTRAL LTDA. - SICOOB EXECUTIVO,b3S,DF,Sicoob,202603,1.4347589e+08
33370115,COOPERATIVA DE ECONOMIA E CRÉDITO MÚTUO DOS EMPREGADOS DE FURNAS E DAS DEMAIS EMPRESAS DO SISTEMA ELETROBRÁS LTDA. - SICOOB CECREMEF,b3S,RJ,Sicoob,202603,1.4287352e+08
707903,COOPERATIVA DE CRÉDITO VALE DO CANOAS - SICOOB/SC CREDICANOAS,b3S,SC,Sicoob,202603,1.4134834e+08
4694278,COOPERATIVA DE ECONOMIA E CRÉDITO MÚTUO DOS INTEGRANTES DO MINISTÉRIO PÚBLICO E DA DEFENSORIA PÚBLICA NO ESTADO DO RIO DE JANEIRO LIMITADA. - SICOOB COMPERJ,b3S,RJ,Sicoob,202603,1.3559077e+08
4243780,CENTRAL SICOOB UNI DE COOPERATIVAS DE CRÉDITO,b3C,GO,Sicoob,202603,1.33077416e+08
37076205,COOPERATIVA DE CRÉDITO DE LIVRE ADMISSÃO DE ASSOCIADOS LTDA. - SICOOB JUDICIÁRIO,b3S,DF,Sicoob,202603,1.3030335e+08
33416108,"COOPERATIVA CENTRAL DE CRÉDITO DE GOIÁS, DISTRITO FEDERAL E TOCANTINS LTDA. - SICOOB NOVA CENTRAL",b3C,GO,Sicoob,202603,1.2971811e+08
66259110,COOPERATIVA DE CRÉDITO CREDIBAM LTDA. - SICOOB CREDIBAM,b3S,MG,Sicoob,202603,1.2747499e+08
86585049,COOPERATIVA DE CRÉDITO DA REGIÃO DO VALE DO RIO GRANDE LTDA. - SICOOB CREDILEITE,b3S,MG,Sicoob,202603,1.255646e+08
2382755,COOPERATIVA DE CREDITO POTIGUAR - SICOOB POTIGUAR,b3S,RN,Sicoob,202603,1.2519635e+08
14913919,COOPERATIVA DE CREDITO DO MERCADO IMOBILIÁRIO - SICOOB IMOB.VC,b3S,MG,Sicoob,202603,1.2488046e+08
32428294,COOPERATIVA CENTRAL DE CREDITO DO ESPIRITO SANTO - SICOOB CENTRAL ES,b3C,ES,Sicoob,202603,1.2482686e+08
4079285,COOPERATIVA DE CRÉDITO DE LIVRE ADMISSÃO DE ITAJUBÁ LTDA - SICOOB SUDESTE MAIS,b3S,MG,Sicoob,202603,1.24825256e+08
24610065,COOPERATIVA DE CRÉDITO SICOOB IPÊ - SICOOB IPÊ,b3S,MS,Sicoob,202603,1.239862e+08
26359745,COOPERATIVA DE CRÉDITO SICOOBMAIS  LTDA. - SICOOBMAIS,b3S,MG,Sicoob,202403,1.2381532e+08
952415,COOPERATIVA DE CRÉDITO DE LIVRE ADMISSÃO CREDFAZ LTDA. - SICOOB CREDFAZ,b3S,DF,Sicoob,202603,1.231717e+08
71506513,COOPERATIVA DE CRÉDITO SICOOB ITAPAGIPE LTDA - SICOOB ITAPAGIPE,b3S,MG,Sicoob,202603,1.2086313e+08
9424988,COOPERATIVA DE CRÉDITO DE LIVRE ADMISSÃO DO OESTE MARANHENSE - SICOOB OESTE MARANHENSE,b3S,MA,Sicoob,202603,1.1965437e+08
5856736,COOPERATIVA DE ECONOMIA E CRÉDITO DE LIVRE ADMISSÃO LTDA. - SICOOB EMPRESARIAL,b3S,DF,Sicoob,202603,1.1870157e+08
2448839,COOPERATIVA DE CRÉDITO DE RIO RUFINO - SICOOB CREDIUNIÃO,b3S,SC,Sicoob,202603,1.1678238e+08
3620772,COOPERATIVA DE CRÉDITO MÚTUO DO CEARÁ - SICOOB CEARÁ,b3S,CE,Sicoob,202603,1.1668171e+08
2338666,COOPERATIVA DE CRÉDITO DE LIVRE ADMISSÃO CREDIEMBRAPA LTDA - SICOOB.,b3S,DF,Sicoob,202603,1.14172984e+08
25404542,COOPERATIVA DE CRÉDITO CREDIVAG LTDA - SICOOB CREDIVAG,b3S,MG,Sicoob,202603,1.1403729e+08
1657678,COOPERATIVA DE CRÉDITO DE LIVRE ADMISSÃO DA REGIÃO DE SÃO SEBASTIÃO DO PARAÍSO LTDA. - SICOOB PARAÍSOCRED,b3S,MG,Sicoob,202603,1.1315249e+08
9552111,"COOPERATIVA DE CRÉDITO DOS MAGISTRADOS, SERVIDORES DA JUSTIÇA DO ESTADO DE GOIÁS E EMPREGADOS DA CELG LTDA. - SICOOB JURISCRED",b3S,GO,Sicoob,202603,1.1269375e+08
25363615,COOPERATIVA DE CRÉDITO DE LIVRE ADMISSÃO SICOOB COOPJUS LTDA.,b3S,MG,Sicoob,202603,1.12430776e+08
73326449,COOPERATIVA DE CRÉDITO DE LIVRE ADMISSÃO DE ASSOCIADOS - SICOOB CRUZ ALTA,b3S,RS,Sicoob,202603,1.1236982e+08
4649337,COOPERATIVA DE CRÉDITO DE LIVRE ADMISSÃO BRMIL LTDA. - SICOOB BRMIL,b3S,DF,Sicoob,202603,1.11970344e+08
804046,COOPERATIVA DE CRÉDITO CREDICAPI LTDA - SICOOB CREDICAPI,b3S,MG,Sicoob,202603,1.0867295e+08
1699652,COOPERATIVA DE CRÉDITO DE LIVRE ADMISSÃO DA REGIÃO DE GUAXUPÉ LTDA. - SICOOB ACICREDI,b3S,MG,Sicoob,202603,1.04533624e+08
2528151,COOPERATIVA DE CRÉDITO SICOOB CREDCOOP LTDA.,b3S,BA,Sicoob,202603,1.04259096e+08
4833655,COOPERATIVA DE ECONOMIA E CRÉDITO MÚTUO SICOOB METALCRED,b3S,SP,Sicoob,202603,1.0398351e+08
84156470,COOPERATIVA DE CRÉDITO DOS INTEGRANTES DO MINISTÉRIO PÚBLICO E DO PODER JUDICIÁRIO NOS ESTADOS DO AMAPÁ E CEARÁ E LIVRE ADMISSÃO NO ESTADO DO PARÁ - SICOOB COIMPPA,b3S,PA,Sicoob,202603,1.0340493e+08
83836114,COOPERATIVA DE CRÉDITO DE LIVRE ADMISSÃO DO ESTADO DO PARÁ - SICOOB COOESA,b3S,PA,Sicoob,202603,9.9472264e+07
68512748,COOPERATIVA DE CRÉDITO CREDIESMERALDAS LTDA. - SICOOB CREDIESMERALDAS,b3S,MG,Sicoob,202603,9.039059e+07
1374196,COOPERATIVA DE CRÉDITO DE SÃO FRANCISCO DE SALES LTDA. - SICOOB CREDISALES,b3S,MG,Sicoob,202603,9.033066e+07
16721078,COOPERATIVA DE ECONOMIA E CRÉDITO MÚTUO DOS FUNCIONÁRIOS DA SECRETARIA DE ESTADO DA FAZENDA  DO ESTADO DE MINAS GERAIS E DE LIVRE ADMISSÃO LTDA - SICOOB COOPSEF,b3S,MG,Sicoob,202603,8.623982e+07
71230338,COOPERATIVA DE CRÉDITO DE LIVRE ADMISSÃO DE ARCOS LTDA. - SICOOB ARCOMCREDI,b3S,MG,Sicoob,202603,8.588561e+07
2179673,COOPERATIVA DE CRÉDITO LIVRE ADMISSÃO SICOOB OURICRED,b3S,SP,Sicoob,202603,8.5581896e+07
4174720,COOPERATIVA DE CRÉDITO SICOOB COOPEMAR LTDA,b3S,BA,Sicoob,202603,8.52229e+07
37554441,COOPERATIVA DE CRÉDITO SICOOB UNI SUL MS,b3S,MS,Sicoob,202603,8.28403e+07
915950,COOPERATIVA DE ECONOMIA E CREDITO MUTUO SICOOB COOPERCREDI - SP,b3S,SP,Sicoob,202206,8.209556e+07
4120633,COOPERATIVA DE CREDITO CLASSICA DO ESTADO DO RIO DE JANEIRO - SICOOB EMPRESAS RJ,b3S,RJ,Sicoob,202603,8.147606e+07
3603683,COOPERATIVA DE ECONOMIA E CRÉDITO MÚTUO DOS SERVIDORES PÚBLICOS - SICOOB COOPERPLAN CREDSEF,b3S,DF,Sicoob,202603,7.9846456e+07
5477038,COOPERATIVA DE CRÉDITO NO PIAUÍ - SICOOB PIAUÍ,b3S,PI,Sicoob,202603,7.9392504e+07
42887133,COOPERATIVA DE CRÉDITO CREDISUCESSO LTDA.- SICOOB CREDISUCESSO,b3S,MG,Sicoob,202603,7.845772e+07
4751713,COOPERATIVA DE CRÉDITO E INVESTIMENTOS DE RONDÔNIA - SICOOB CREDJURD,b3S,RO,Sicoob,202603,7.826993e+07
1042487,COOPERATIVA DE CRÉDITO SICOOB UNIDAS,b3S,PA,Sicoob,202309,7.821198e+07
3941182,COOPERATIVA DE CRÉDITO DE LIVRE ADMISSÃO DO CIRCUITO DAS ÁGUAS - SICOOB CIRCUITO DAS ÁGUAS,b3S,SP,Sicoob,202603,7.587381e+07
21797311,COOPERATIVA DE CRÉDITO DOS SERVIDORES DOS PODERES LEGISLATIVOS DO ESTADO DE MINAS GERAIS E DO SEU ÓRGÃO AUXILIAR E DE LIVRE ADMISSÃO LTDA. - SICOOB COFAL,b3S,MG,Sicoob,202603,7.5497464e+07
54603022,COOPERATIVA DE CREDITO CECRES - SICOOB CECRES,b3S,SP,Sicoob,202403,7.382491e+07
71069587,COOPERATIVA DE CRÉDITO CREDPLUS LTDA. - SICOOB CREDPLUS,b3S,MG,Sicoob,202309,7.242826e+07
26526166,COOPERATIVA DE CRÉDITO DE LIVRE ADMISSÃO SUL MARANHENSE - SICOOB SUL MARANHENSE,b3S,MA,Sicoob,202603,7.0137096e+07
7946216,COOPERATIVA DE CRÉDITO DE LIVRE ADMISSÃO SICOOB UNIÃO SUDESTE,b3S,SP,Sicoob,202603,6.4893652e+07
53236808,COOPERATIVA DE ECONOMIA E CRÉDITO MÚTUO DE LIVRE ADMISSÃO DE ARARAQUARA E REGIÃO - SICOOB,b3S,SP,Sicoob,202512,6.4731276e+07
12384953,COOPERATIVA DE CRÉDITO DE LIVRE ADMISSÃO DE ASSOCIADOS DE JARAGUÁ DO SUL E REGIÃO - SICOOB CEJASCRED,b3S,SC,Sicoob,202503,6.4089936e+07
2031139,SICOOB CREDIMONTES - COOPERATIVA DE CRÉDITO DE LIVRE ADMISSÃO REGIONAL DE MONTES CLAROS LTDA,b3S,MG,Sicoob,202603,6.383674e+07
64480833,COOPERATIVA DE CRÉDITO CREDIMAC LTDA - SICOOB CREDIMAC,b3S,MG,Sicoob,202603,6.2824504e+07
2606305,"COOPERATIVA DE ECONOMIA E CRÉDITO MÚTUO DOS PROFISSIONAIS DAS ÁREAS DE TECNOLOGIA, DE ENGENHARIA E DE ARQUITETURA DE MINAS GERAIS LTDA - SICOOB ENGECRED - MG",b3S,MG,Sicoob,201909,5.9244748e+07
3862898,COOPERATIVA DE ECONOMIA E CRÉDITO DE LIVRE ADMISSÃO DOS EMPREGADOS DOS CORREIOS LTDA. - SICOOB COOPERCORREIOS,b3S,MG,Sicoob,202603,5.9121704e+07
3102185,COOPERATIVA DE CRÉDITO DE LIVRE ADMISSÃO CENTRO NORDESTE - SICOOB CENTRO NORDESTE,b3S,PB,Sicoob,202603,5.8507064e+07
6324872,COOPERATIVA DE CRÉDITO CREDINOSSO LTDA - SICOOB CREDINOSSO,b3S,MG,Sicoob,202603,5.711677e+07
86476199,COOPERATIVA DE CREDITO DO SUDESTE MINEIRO LTDA. - SICOOB CREDISAVI,b3S,MG,Sicoob,201906,5.481114e+07
3528402,COOPERATIVA DE CRÉDITO E INVESTIMENTOS DO ACRE - SICOOB ACRE,b3S,AC,Sicoob,202209,5.4535424e+07
10808037,COOPERATIVA DE CRÉDITO DOS EMPRESÁRIOS DE MANAUS - SICOOB CREDEMPRESAS-AM,b3S,AM,Sicoob,202603,5.4522024e+07
71261184,COOPERATIVA DE CRÉDITO DE LIVRE ADMISSÃO DA REGIÃO DO CAPARAÓ LTDA. - SICOOB SAÚDE,b3S,MG,Sicoob,202403,5.4345556e+07
19875244,COOPERATIVA DE CRÉDITO DE LIVRE ADMISSÃO - SICOOB COPESITA,b3S,MG,Sicoob,202603,5.328862e+07
4894460,COOPERATIVA DE ECONOMIA E CRÉDITO MÚTUO DOS SERVIDORES DA JUSTIÇA DO ESTADO DE MINAS GERAIS LTDA. - SICOOB CREDJUS,b3S,MG,Sicoob,202603,5.2405096e+07
3329154,COOPERATIVA DE CRÉDITO DE LIVRE ADMISSÃO LEGISLATIVO LTDA.– SICOOB LEGISLATIVO,b3S,DF,Sicoob,202206,5.2089372e+07
47074323,SICOOB CREDICONSUMO - COOPERATIVA DE CRÉDITO,b3S,SP,Sicoob,202603,5.200249e+07
2794761,COOPERATIVA DE ECONOMIA E CRÉDITO MÚTUO DE LIVRE ADMISSÃO DOS SERVIDORES DA UNIVERSIDADE FEDERAL DE VIÇOSA LTDA. - SICOOB UFVCREDI,b3S,MG,Sicoob,202603,5.1347092e+07
7440317,COOPERATIVA DE CRÉDITO DOS MEDICOS E DEMAIS PROFISSIONAIS DE NIVEL SUPERIOR DA AREA DE SAUDE DE SALVADOR E REGIAO METROPOLITANA LTDA - SICOOB CREDMED,b3S,BA,Sicoob,202012,5.094163e+07
2254376,COOPERATIVA DE CRÉDITO DE LIVRE ADMISSÃO DE ASSOCIADOS DE DORES DO INDAIÁ LTDA - SICOOB COOPCREDI,b3S,MG,Sicoob,202603,4.900968e+07
71336432,SICOOB CREDIMED - COOPERATIVA DE CRÉDITO DE LIVRE ADMISSÃO DA CIDADE DE UBERABA LTDA.,b3S,MG,Sicoob,202603,4.8767656e+07
9527069,COOPERATIVA DE ECONOMIA E CRÉDITO MÚTUO DE RIO CLARO - SICOOB CREDIACIRC,b3S,SP,Sicoob,201909,4.7742104e+07
64739121,SICOOB CRED COPERCANA COOPERATIVA DE CRÉDITO,b3S,SP,Sicoob,202603,4.6725132e+07
14568725,COOPERATIVA CENTRAL DE ECONOMIA E CRÉDITO SICOOB UNIMAIS RIO LTDA.,b3C,RJ,Sicoob,202603,4.6354216e+07
10175348,COOPERATIVA DE CRÉDITO MÚTUO DE LIVRE ADMISSÃO DA REGIÃO ADMINISTRATIVA DE SOROCABA - SICOOB COOPERASO,b3S,SP,Sicoob,202603,4.516456e+07
5463934,COOPERATIVA DE CREDITO CREDLIDER - SICOOB CREDLIDER,b3S,SP,Sicoob,202603,4.4212852e+07
71378426,COOPERATIVA DE CRÉDITO DE LIVRE ADMISSÃO DE ARAXÁ LTDA - SICOOB COOCREZ,b3S,MG,Sicoob,202203,4.3462064e+07
4715685,COOPERATIVA DE CRÉDITO MÚTUO DOS DESPACHANTES DE TRÂNSITO DE SANTA CATARINA E RIO GRANDE DO SUL - SICOOB CREDITRAN,b3S,SC,Sicoob,202603,4.217649e+07
9579249,"COOPERATIVA DE ECONOMIA E CRÉDITO MÚTUO DOS EMPRESÁRIOS DE AMERICANA, LIMEIRA E REGIÃO - SICOOB ACICRED",b3S,SP,Sicoob,202603,4.0517196e+07
32615247,COOPERATIVA DE CREDITO SICOOB COOPEC LTDA.,b3S,BA,Sicoob,202603,3.9547428e+07
65560658,COOPERATIVA DE ECONOMIA E CRÉDITO MÚTUO SICOOB SANTA,b3S,SP,Sicoob,202109,3.6852724e+07
19402130,"COOPERATIVA DE ECONOMIA E CRÉDITO MÚTUO DOS SERVIDORES DA FUNDAÇÃO HOSPITALAR E EMPREGADOS DOS ESTABELECIMENTOS HOSPITALARES DE BELO HORIZONTE, REGIÃO METROPOLITANA E ZONA DA MATA LTDA.- SICOOB CECREF",b3S,MG,Sicoob,202603,3.6014336e+07
74026998,COOPERATIVA DE CRÉDITO SICOOB COOPERBOM LTDA,b3S,BA,Sicoob,202109,3.546229e+07
73085573,COOPERATIVA CENTRAL DE ECONOMIA E CRÉDITO MÚTUO  - SICOOB UNIMAIS,b3C,SP,Sicoob,202209,3.4776716e+07
20961629,COOPERATIVA DE ECONOMIA E CRÉDITO MÚTUO DOS COLABORADORES DA VALE S.A LTDA. - SICOOB CREDIVALE,b3S,MG,Sicoob,202503,3.3216172e+07
71009237,COOPERATIVA DE CRÉDITO DE GUAPÉ LTDA - SICOOB CREDIGUAPÉ,b3S,MG,Sicoob,202106,3.3050062e+07
2674113,COOPERATIVA DE CRÉDITO DE SERVIDORES PÚBLICOS COOPERPLAN LTDA. - SICOOB COOPERPLAN,b3S,DF,Sicoob,202303,3.2170558e+07
1864151,COOPERATIVA  ECONOMIA CRÉDITO MÚTUO  SERVS E EMPREGADOS PÚBLICOS MUNIC DE BELO HORIZONTE BETIM BRUMADINHO CONTAGEM IBIRITÉ NOVA LIMA RIBEIRÃO DAS NEVES SABARÁ SANTA LUZIA E VESPASIANO SICOOB CREDISERV,b3S,MG,Sicoob,202603,3.2001954e+07
3453295,COOPERATIVA DE CRÉDITO DOS SERVIDORES DO PODER JUDICIÁRIO NO RIO GRANDE DO SUL E DE LIVRE ADMISSÃO EM PORTO ALEGRE - SICOOB PORTO ALEGRE,b3S,RS,Sicoob,201903,3.1165688e+07
33924028,COOPERATIVA DE CRÉDITO CLÁSSICA DOS EMPREGADOS DA VALE S/A E ENTIDADES VINCULADAS LTDA. - SICOOB COOPVALE,b3S,RJ,Sicoob,202603,3.0775666e+07
3373150,"COOPERATIVA DE ECONOMIA E CRÉDITO MÚTUO DOS EMPRESÁRIOS DA REGIÃO METROPOLITANA DE JOÃO PESSOA, LITORAL  PARAIBANO E  DOS SERVIDORES PÚBLICOS ESTADUAIS DA PARAÍBA - SICOOB UNIÃO PARAIBANA",b3S,PB,Sicoob,201906,2.750719e+07
7669921,COOPERATIVA DE CRÉDITO MÚTUO - SICOOB CREDIACISC,b3S,SP,Sicoob,202603,2.7361598e+07
42934794,COOPERATIVA DE CRÉDITO CREDIPIMENTA LTDA. - SICOOB CREDIPIMENTA,b3S,MG,Sicoob,202603,2.5138924e+07
2275781,COOPERATIVA DE CRÉDITO MÚTUO DOS SERVIDORES FEDERAIS NA PARAÍBA - SICOOB COOPERCRET,b3S,PB,Sicoob,202603,2.5011414e+07
9004796,COOPERATIVA DE ECONOMIA E CRÉDITO MÚTUO SICOOB CRED-ACILPA,b3S,SP,Sicoob,202603,2.118572e+07
2072790,COOPERATIVA DE ECONOMIA CRÉDITO MÚTUO - SICOOB CREDSAÚDE,b3S,SP,Sicoob,202603,2.0970078e+07
4219215,"COOPERATIVA DE CREDITO MUTUO DOS SERVIDORES PÚBLICOS ESTADUAIS CIVIS,MILITARES E PENSIONISTAS EM ARARAQUARA E REGIÃO, SERVIDORES E MAGISTRADOS  JUDICIÁRIO FEDERAL NO ESTADO DE SÃO PAULO-SICOOB COOPARA",b3S,SP,Sicoob,201903,2.0447402e+07
71437123,COOPERATIVA DE CRÉDITO RURAL DE ALTEROSA LTDA - SICOOB COOPEROSA,b3S,MG,Sicoob,202109,1.8635362e+07
34148882,COOPERATIVA CENTRAL DE CRÉDITO DA BAHIA LTDA - SICOOB CENTRAL BA,b3C,BA,Sicoob,202603,1.838813e+07
62795257,COOPERATIVA DE ECONOMIA E CRÉDITO MÚTUO DOS EMPREGADOS DA MONDELEZ BRASIL E PHILIP MORRIS BRASIL - SICOOB COOPMOND,b3S,SP,Sicoob,202603,1.3469078e+07
3535065,COOPERATIVA DE CRÉDITO SICOOB CREDMETAL,b3S,SP,Sicoob,202603,1.3439574e+07
49069990,COOPERATIVA DE ECONOMIA E CRÉDITO DE LIVRE ADMISSÃO DA SERRA DA CANTAREIRA - SICOOB CANTAREIRA,b3S,SP,Sicoob,201903,1.2425456e+07
41683228,COOPERATIVA DE CREDITO DE LIVRE ADMISSÃO DE SAO GONÇALO DO PARA LTDA - SICOOB CREDISAOGONÇALO,b3S,MG,Sicoob,201906,1.194647e+07
16651002,COOPERATIVA DE ECONOMIA E CRÉDITO MÚTUO DOS SERVIDORES MUNICIPAIS DE ITABIRA LTDA. - SICOOB COSEMI,b3S,MG,Sicoob,202603,1.1076171e+07
16564240,"COOPERATIVA DE ECONOMIA E CRÉDITO MÚTUO DOS APOSENTADOS, PENSIONISTAS E IDOSOS - SICOOB COOPERNAPI",b3S,SP,Sicoob,202603,1.1006466e+07
74220948,SICOOB UNISP - COOPERATIVA DE CRÉDITO,b3S,SP,Sicoob,202509,1.041923e+07
9639338,COOPERATIVA DE ECONOMIA E CRÉDITO MÚTUO DE PRAIA GRANDE E REGIÃO - SICOOB COOPERACE,b3S,SP,Sicoob,202212,9.140878e+06
8844074,COOPERATIVA DE CRÉDITO DE ITAPETININGA - SICOOB CRED-ACI,b3S,SP,Sicoob,202603,8.793616e+06
1296040,COOPERATIVA DE ECONOMIA E CRÉDITO MÚTUO DOS EMPREGADOS DO GRUPO ALGAR E EMPREENDEDORES DO TRIÂNGULO MINEIRO LTDA - SICOOB TRIÂNGULO,b3S,MG,Sicoob,202109,8.252327e+06
17502881,COOPERATIVA DE ECONOMIA E CRÉDITO MÚTUO DOS EMPREGADOS DA CEMIG E DAS INDÚSTRIAS METALÚRGICAS E DE MATERIAL ELÉTRICO E DOS SERVIDORES PÚBLICOS MUNICIPAIS DE JUIZ DE FORA LTDA. - SICOOB CECREMEC,b3S,MG,Sicoob,202603,7.676452e+06
70116611,CENTRAL DAS COOPERATIVAS DE CRÉDITO DO NORDESTE - SICOOB CENTRAL NE,b3C,PB,Sicoob,202603,7.5259975e+06
66555665,COOPERATIVA DE CRÉDITO E INVESTIMENTO DOS EMPREGADOS E SERVIDORES DA SECRETARIA ESTADUAL DE LOGÍSTICA E TRANSPORTES E ÓRGÃOS SUBORDINADOS DO ESTADO DE SÃO PAULO - SICOOB COOPTRANSP,b3S,SP,Sicoob,202106,6.789313e+06
62931522,CENTRAL DAS COOPERATIVAS DE CRÉDITO DO ESTADO DE SÃO PAULO - SICOOB CENTRAL CECRESP,b3C,SP,Sicoob,202603,6.574744e+06
2217068,"COOPERATIVA DE CRÉDITO DOS CONTADORES, ADMINISTRADORES DE EMPRESAS, ECONOMISTAS E CORRETORES DE SEGUROS LTDA. - SICOOB CREDITABIL",b3S,MG,Sicoob,202603,5.7157575e+06
8030602,COOPERATIVA DE CRÉDITO MÚTUO DOS CORRETORES DE SEGUROS DO ESTADO DE SÃO PAULO - SICOOB CREDICOR/SP,b3S,SP,Sicoob,202603,4.6677825e+06
4317316,COOPERATIVA DE CRÉDITO RURAL SENHOR DO BONFIM LTDA. - SICOOB BONFIM,b3S,BA,Sicoob,201903,4.371375e+06
106180,"CENTRAL DAS COOPERATIVAS DE CRÉDITO DOS ESTADOS DE MATO GROSSO, MATO GROSSO DO SUL E DO MUNICÍPIO DE CACOAL/RO - SICOOB CENTRAL RONDON",b3C,MT,Sicoob,202603,3.9591865e+06
86784089,COOPERATIVA DE CRÉDITO DOS EMPREGADOS DA COELBA E DA CHESF LTDA. - SICOOB COPELBA,b3S,BA,Sicoob,201909,2.139618e+06
7753938,COOPERATIVA DE CRÉDITO MÚTUO DOS DISTRIBUIDORES DE BEBIDAS DO ESTADO DE SÃO PAULO - SICOOB CREDIBESP,b3S,SP,Sicoob,202206,54589.24
3502131,COOPERATIVA CENTRAL DE CRÉDITO DO NORTE DO BRASIL - SICOOB NORTE,b3C,RO,Sicoob,202603,0.0
4891850,CONFEDERACAO NACIONAL DAS COOPERATIVAS DO SICOOB LTDA,b3C,DF,Sicoob,202603,0.0
5036532,CENTRAL DAS COOPERATIVAS DE CREDITO UNICOOB - SICOOB CENTRAL UNICOOB,b3C,PR,Sicoob,202603,0.0
63917579,COOPERATIVA CENTRAL DE CRÉDITO DO ESTADO DE SÃO PAULO - SICOOB SÃO PAULO,b3C,SP,Sicoob,202603,0.0
11565109,COOPERATIVA DE CRÉDITO DE LIVRE ADMISSÃO DE ASSOCIADOS SICOOB ECOCREDI,b3S,RS,Sicoob,202012,
21110927,COOPERATIVA DE CRÉDITO CLÁSSICA DOS FUNCIONÁRIOS E PRESTADORES DE SERVIÇOS DAS EMPRESAS LIGADAS AO GRUPO EUCATUR LTDA. - SICOOB EUCRED,b3S,RO,Sicoob,202509,
79342069,"COOPERATIVA DE CRÉDITO, POUPANÇA E INVESTIMENTO DEXIS - SICREDI DEXIS",b3S,PR,Sicredi,202603,8.968643e+09
26529420,"COOPERATIVA DE CRÉDITO, POUPANÇA E INVESTIMENTO OURO VERDE DO MATO GROSSO - SICREDI OURO VERDE MT",b3S,MT,Sicredi,202603,8.105163e+09
81099491,"COOPERATIVA DE CRÉDITO, POUPANÇA E INVESTIMENTO VALE DO PIQUIRI ABCD - SICREDI VALE DO PIQUIRI ABCD PR/SP",b3S,PR,Sicredi,202603,7.616526e+09
81466286,"COOPERATIVA DE CRÉDITO, POUPANÇA E INVESTIMENTO CAMPOS GERAIS, GRANDE CURITIBA, VALE DO RIBEIRA E FORÇA DOS VENTOS - SICREDI CAMPOS GERAIS E GRANDE CURITIBA PR/SP",b3S,PR,Sicredi,202603,7.484059e+09
78414067,"COOPERATIVA DE CRÉDITO, POUPANÇA E INVESTIMENTO VANGUARDA - SICREDI VANGUARDA PR/SP/RJ",b3S,PR,Sicredi,202603,7.0158157e+09
88894548,"COOPERATIVA DE CRÉDITO, POUPANÇA E INVESTIMENTO UNIÃO - SICREDI UNIAO RS/ES",b3S,RS,Sicredi,202603,6.2747756e+09
26408161,"COOPERATIVA DE CRÉDITO, POUPANÇA E INVESTIMENTO DO CENTRO SUL DO MATO GROSSO DO SUL E BAHIA - SICREDI CENTRO-SUL MS/BA",b3S,MS,Sicredi,202603,6.239051e+09
90608712,COOPERATIVA DE CRÉDITO SICREDI SERRANA RS/ES,b3S,RS,Sicredi,202603,6.194352e+09
91586982,"COOPERATIVA DE CRÉDITO, POUPANÇA E INVESTIMENTO SICREDI PIONEIRA RS - SICREDI PIONEIRA RS",b3S,RS,Sicredi,202603,5.9556936e+09
24654881,"COOPERATIVA DE CRÉDITO, POUPANÇA E INVESTIMENTO UNIÃO DOS ESTADOS DE MATO GROSSO DO SUL, TOCANTINS E OESTE DA BAHIA - SICREDI UNIÃO MS/TO E OESTE DA BA",b3S,MS,Sicredi,202603,5.4598784e+09
88038260,"COOPERATIVA DE CRÉDITO, POUPANÇA E INVESTIMENTO PLANALTO - SICREDI PLANALTO RS/MG",b3S,RS,Sicredi,202603,5.3072886e+09
32995755,"COOPERATIVA DE CRÉDITO, POUPANÇA E INVESTIMENTO DO SUDOESTE MT/PA - SICREDI SUDOESTE MT/PA",b3S,MT,Sicredi,202603,5.1157704e+09
87780268,"COOPERATIVA DE CRÉDITO, POUPANÇA E INVESTIMENTO UNIÃO DE ESTADOS RIO GRANDE DO SUL, SANTA CATARINA E MINAS GERAIS - SICREDI UNIESTADOS",b3S,RS,Sicredi,202603,4.502423e+09
79052122,"COOPERATIVA DE CREDITO, POUPANÇA E INVESTIMENTO ALIANÇA - SICREDI ALIANÇA PR/SP",b3S,PR,Sicredi,202603,4.0253071e+09
87733770,"COOPERATIVA DE CRÉDITO, POUPANÇA E INVESTIMENTO CONEXÃO - SICREDI CONEXÃO",b3S,RS,Sicredi,202603,3.846167e+09
92555150,"COOPERATIVA DE CRÉDITO, POUPANÇA E INVESTIMENTO DA REGIÃO ALTOS DA SERRA - SICREDI ALTOS DA SERRA RS/SC",b3S,RS,Sicredi,202603,3.5566185e+09
33021064,"COOPERATIVA DE CRÉDITO, POUPANÇA E INVESTIMENTO DO ARAGUAIA E XINGU - SICREDI ARAXINGU",b3S,MT,Sicredi,202603,3.2777516e+09
87795639,COOPERATIVA DE CRÉDITO ALIANÇA - SICREDI ALIANÇA,b3S,RS,Sicredi,202603,3.245378e+09
10348181,COOPERATIVA DE CRÉDITO DO VALE DO ITAJAÍ E LITORAL CATARINENSE - SICREDI VALE LITORAL SC,b3S,SC,Sicredi,202603,3.204753e+09
37442605,"COOPERATIVA DE CRÉDITO, POUPANÇA E INVESTIMENTO NORTE MATO-GROSSENSE E OESTE PARAENSE - SICREDI GRANDES RIOS MT/PA/AM",b3S,MT,Sicredi,202603,3.149486e+09
26555235,"COOPERATIVA DE CRÉDITO, POUPANÇA E INVESTIMENTO SORRISO - SICREDI CELEIRO MT/RR",b3S,MT,Sicredi,202603,3.0894177e+09
82527557,"COOPERATIVA DE CRÉDITO, POUPANÇA E INVESTIMENTO FRONTEIRAS DO PARANÁ, SANTA CATARINA E SÃO PAULO - SICREDI FRONTEIRAS PR/SC/SP",b3S,PR,Sicredi,202603,3.0610025e+09
32983165,"COOPERATIVA DE CRÉDITO, POUPANÇA E INVESTIMENTO VALE DO CERRADO - SICREDI VALE DO CERRADO",b3S,MT,Sicredi,202603,3.0077358e+09
95594941,"COOPERATIVA DE CRÉDITO, POUPANÇA E INVESTIMENTO DAS REGIÕES CENTRO DO RS E MG - SICREDI REGIÃO CENTRO RS/MG",b3S,RS,Sicredi,202603,2.9505818e+09
87853206,"COOPERATIVA DE CRÉDITO, POUPANÇA E INVESTIMENTO OURO BRANCO - SICREDI OURO BRANCO RS/MG",b3S,RS,Sicredi,202603,2.9064146e+09
84974278,"COOPERATIVA DE CRÉDITO, POUPANÇA E INVESTIMENTO IGUAÇU - SICREDI IGUAÇU PR/SC E REGIÃO METROPOLITANA DE CAMPINAS/SP",b3S,PR,Sicredi,202603,2.7009085e+09
7206072,"COOPERATIVA DE CRÉDITO, POUPANÇA E INVESTIMENTO NOVOS HORIZONTES - SICREDI NOVOS HORIZONTES PR/SP/RJ",b3S,PR,Sicredi,202603,2.6846564e+09
90497256,"COOPERATIVA DE CRÉDITO, POUPANÇA E INVESTIMENTO INTERESTADOS - SICREDI INTERESTADOS",b3S,RS,Sicredi,202603,2.6775854e+09
89468565,"COOPERATIVA DE CRÉDITO, POUPANÇA E INVESTIMENTO DA REGIÃO DA PRODUÇÃO - SICREDI REGIÃO DA PRODUÇÃO RS/SC/MG",b3S,RS,Sicredi,202603,2.6669156e+09
82065285,"COOPERATIVA DE CRÉDITO, POUPANÇA E INVESTIMENTO SOMA PR/SC/SP - SICREDI SOMA",b3S,PR,Sicredi,202603,2.5943043e+09
3566655,"COOPERATIVA DE CRÉDITO, POUPANÇA E INVESTIMENTO CELEIRO CENTRO OESTE - SICREDI CELEIRO CENTRO OESTE",b3S,MS,Sicredi,202603,2.5922555e+09
89990501,"COOPERATIVA DE CRÉDITO, POUPANÇA E INVESTIMENTO DE IBIRAIARAS - SICREDI IBIRAIARAS RS/MG",b3S,RS,Sicredi,202603,2.5886845e+09
87781530,"COOPERATIVA DE CRÉDITO, POUPANÇA E INVESTIMENTO INTEGRAÇÃO DE ESTADOS DO RIO GRANDE DO SUL, SANTA CATARINA E MINAS GERAIS - SICREDI INTEGRAÇÃO DE ESTADOS RS/SC/MG",b3S,RS,Sicredi,202603,2.558848e+09
87733077,"COOPERATIVA DE CRÉDITO, POUPANÇA E INVESTIMENTO ESSÊNCIA RS/ES - SICREDI ESSÊNCIA",b3S,RS,Sicredi,202603,2.4959332e+09
2843443,"COOPERATIVA DE CRÉDITO, POUPANÇA E INVESTIMENTO DO NORTE E NORDESTE DE SANTA CATARINA - SICREDI NORTE SC",b3S,SC,Sicredi,202603,2.4888156e+09
87900601,"COOPERATIVA DE CRÉDITO, POUPANÇA E INVESTIMENTO BOTUCARAÍ - SICREDI BOTUCARAÍ RS/MG",b3S,RS,Sicredi,202603,2.445875e+09
3042597,"COOPERATIVA DE CRÉDITO, POUPANÇA E INVESTIMENTO DE CAMPO GRANDE E REGIÃO - SICREDI CAMPO GRANDE MS/GO",b3S,MS,Sicredi,202603,2.3996718e+09
79457883,COOPERATIVA DE CRÉDITO E INVESTIMENTO DE LIVRE ADMISSÃO AGROEMPRESARIAL - SICREDI AGROEMPRESARIAL PR/SP,b3S,PR,Sicredi,202603,2.3787203e+09
10736214,"COOPERATIVA DE CRÉDITO, POUPANÇA E INVESTIMENTO DO PLANALTO CENTRAL - SICREDI PLANALTO CENTRAL",b3S,GO,Sicredi,202603,2.3271206e+09
70431630,"COOPERATIVA DE CRÉDITO, POUPANÇA E INVESTIMENTO UNIVALES - SICREDI UNIVALES MT/RO",b3S,MT,Sicredi,202603,2.251625e+09
90729369,"COOPERATIVA DE CRÉDITO, POUPANÇA E INVESTIMENTO REGIÕES DAS CULTURAS - SICREDI DAS CULTURAS RS/MG",b3S,RS,Sicredi,202603,2.2469727e+09
35571249,"COOPERATIVA DE CRÉDITO, POUPANÇA E INVESTIMENTO SICREDI EVOLUÇÃO - SICREDI EVOLUÇÃO",b3S,PB,Sicredi,202603,2.195463e+09
78907607,"COOPERATIVA DE CRÉDITO, POUPANÇA E INVESTIMENTO CENTRO SUL - SICREDI CENTRO SUL PR/SC/RJ",b3S,PR,Sicredi,202603,2.1764557e+09
91159764,"COOPERATIVA DE CRÉDITO, POUPANÇA E INVESTIMENTO DE LAJEADO - SICREDI INTEGRAÇÃO RS/MG",b3S,RS,Sicredi,202603,2.1725166e+09
76059997,"COOPERATIVA DE CRÉDITO, POUPANÇA E INVESTIMENTO PROGRESSO - SICREDI PROGRESSO PR/SP",b3S,PR,Sicredi,202603,2.1603722e+09
88099247,"COOPERATIVA DE CRÉDITO, POUPANÇA E INVESTIMENTO RAÍZES - SICREDI RAÍZES RS/SC/MG",b3S,RS,Sicredi,202603,2.1475226e+09
87510475,COOPERATIVA DE CRÉDITO ROTA DAS TERRAS - SICREDI   ROTA DAS TERRAS,b3S,RS,Sicredi,202603,2.1033896e+09
92796564,"COOPERATIVA DE CRÉDITO, POUPANÇA E INVESTIMENTO SUL RIOGRANDENSE - SICREDI ORIGENS RS",b3S,RS,Sicredi,202603,2.0609352e+09
6332931,"COOPERATIVA DE CRÉDITO, POUPANÇA E INVESTIMENTO DO CERRADO DE GOIÁS - SICREDI CERRADO GO",b3S,GO,Sicredi,202603,1.9821116e+09
33022690,"COOPERATIVA DE CRÉDITO, POUPANÇA E INVESTIMENTO DO NOROESTE DE MATO GROSSO, ACRE E AMAZONAS - SICREDI BIOMAS",b3S,MT,Sicredi,202603,1.9544864e+09
79086997,"COOPERATIVA DE CRÉDITO, POUPANÇA E INVESTIMENTO PARANAPANEMA SERRANA PR/SP/RJ - SICREDI PARANAPANEMA SERRANA PR/SP/RJ",b3S,PR,Sicredi,202603,1.9305623e+09
87784088,"COOPERATIVA DE CRÉDITO, POUPANÇA E INVESTIMENTO SUL MINAS DO RIO GRANDE DO SUL E MINAS GERAIS - SICREDI SUL MINAS RS/MG.",b3S,RS,Sicredi,202603,1.9002627e+09
3793242,"COOPERATIVA DE CRÉDITO, POUPANÇA E INVESTIMENTO DO SUL DO ESTADO DE SANTA CATARINA - SICREDI SUL SC",b3S,SC,Sicredi,202603,1.8963658e+09
89126130,"COOPERATIVA DE CRÉDITO, POUPANÇA E INVESTIMENTO DA REGIÃO DOS VALES - SICREDI REGIÃO DOS VALES RS",b3S,RS,Sicredi,202603,1.8740928e+09
88471024,COOPERATIVA DE CRÉDITO GERAÇÕES - SICREDI GERAÇÕES RS/MG,b3S,RS,Sicredi,202603,1.8559142e+09
81206039,"COOPERATIVA DE CRÉDITO, POUPANÇA E INVESTIMENTO RIO PARANÁ - SICREDI RIO PARANÁ",b3S,PR,Sicredi,202603,1.838998e+09
77984870,"COOPERATIVA DE CRÉDITO, POUPANÇA E INVESTIMENTO TERRA DOS PINHEIRAIS DO PARANÁ E NOROESTE PAULISTA - SICREDI PLANALTO DAS ÁGUAS PR/SP",b3S,PR,Sicredi,202603,1.831772e+09
87900411,"COOPERATIVA DE CRÉDITO, POUPANÇA E INVESTIMENTO SEMENTES DO SUL - SICREDI SEMENTES DO SUL",b3S,RS,Sicredi,202603,1.8025769e+09
95213211,"COOPERATIVA DE CRÉDITO, POUPANÇA E INVESTIMENTO CAMINHO DAS ÁGUAS RS - SICREDI CAMINHO DAS ÁGUAS RS",b3S,RS,Sicredi,202603,1.693302e+09
89049738,"COOPERATIVA DE CRÉDITO, POUPANÇA E INVESTIMENTO CONFIANÇA - SICREDI CONFIANÇA",b3S,RS,Sicredi,202603,1.6884707e+09
81192106,"COOPERATIVA DE CRÉDITO, POUPANÇA E INVESTIMENTO NOSSA TERRA - SICREDI NOSSA TERRA PR/SP",b3S,PR,Sicredi,202603,1.68652e+09
79063574,"COOPERATIVA DE CRÉDITO, POUPANÇA E INVESTIMENTO NORTE SUL - SICREDI NORTE SUL",b3S,PR,Sicredi,202603,1.6678717e+09
26408187,COOPERATIVA DE CRÉDITO POUPANÇA E INVESTIMENTO PANTANAL DO MATO GROSSO DO SUL - SICREDI PANTANAL MS,b3S,MS,Sicredi,202509,1.6644538e+09
26549311,"COOPERATIVA DE CRÉDITO, POUPANÇA E INVESTIMENTO INTEGRAÇÃO DO SUL DE MATO GROSSO, AMAPÁ E PARÁ - SICREDI INTEGRAÇÃO MT/AP/PA",b3S,MT,Sicredi,202603,1.6196732e+09
95424891,"COOPERATIVA DE CRÉDITO, POUPANÇA E INVESTIMENTO DO VALE DO RIO PARDO - SICREDI VALE DO RIO PARDO RS",b3S,RS,Sicredi,202603,1.5173599e+09
81706616,"COOPERATIVA DE CRÉDITO, POUPANÇA E INVESTIMENTO VALOR SUSTENTÁVEL - SICREDI VALOR SUSTENTÁVEL PR/SP",b3S,PR,Sicredi,202603,1.5166839e+09
87780284,"COOPERATIVA DE CRÉDITO, POUPANÇA E INVESTIMENTO VALE DO JAGUARI E ZONA DA MATA - SICREDI VALE DO JAGUARI E ZONA DA MATA RS/MG",b3S,RS,Sicredi,202603,1.3460342e+09
81115149,"COOPERATIVA DE CRÉDITO, POUPANÇA E INVESTIMENTO GRANDES LAGOS DO PARANÁ E LITORAL PAULISTA - SICREDI GRANDES LAGOS PR/SP",b3S,PR,Sicredi,202603,1.3151836e+09
41180092,COOPERATIVA DE CRÉDITO - SICREDI EXPANSÃO,b3S,AL,Sicredi,202603,1.2882495e+09
70038237,"COOPERATIVA DE CRÉDITO, POUPANÇA E INVESTIMENTO DO RIO GRANDE DO NORTE - SICREDI RIO GRANDE DO NORTE",b3S,RN,Sicredi,202603,1.239159e+09
87067757,"COOPERATIVA DE CRÉDITO, POUPANÇA E INVESTIMENTO CENTRO SERRA - SICREDI CENTRO SERRA RS",b3S,RS,Sicredi,202603,1.16012e+09
4463602,"COOPERATIVA DE CRÉDITO, POUPANÇA E INVESTIMENTO DA REGIÃO CENTRO OESTE PAULISTA - SICREDI CENTRO OESTE PAULISTA",b3S,SP,Sicredi,202603,1.1434883e+09
88530142,COOPERATIVA DE CRÉDITO E INVESTIMENTO LIBERDADE - SICREDI LIBERDADE,b3S,RS,Sicredi,202603,1.1374213e+09
87779625,COOPERATIVA DE CRÉDITO COOPERAÇÃO - SICREDI COOPERAÇÃO,b3S,RS,Sicredi,202603,1.1184431e+09
81054686,"COOPERATIVA DE CRÉDITO, POUPANÇA E INVESTIMENTO INTEGRAÇÃO - SICREDI INTEGRAÇÃO PR/SC",b3S,PR,Sicredi,202603,1.0390957e+09
73113243,"COOPERATIVA DE CRÉDITO, POUPANÇA E INVESTIMENTO DE ARARAQUARA E REGIÃO - SICREDI MORADA DO SOL SP",b3S,SP,Sicredi,202603,7.04114e+08
72257793,SICREDI VEREDAS COOPERATIVA DE CREDITO,b3S,CE,Sicredi,202603,6.813555e+08
3065046,"COOPERATIVA DE CRÉDITO, POUPANÇA E INVESTIMENTO DO NOROESTE DO ESTADO DE SÃO PAULO - SICREDI NOROESTE SP",b3S,SP,Sicredi,202603,6.5694746e+08
4484490,COOPERATIVA DE CRÉDITO POUPANÇA E INVESTIMENTO DA ALTA NOROESTE DE SÃO PAULO - SICREDI ALTA NOROESTE SP,b3S,SP,Sicredi,202603,5.627463e+08
4146333,COOPERATIVA DE CRÉDITO SICREDI PERNAMBUCRED,b3S,PE,Sicredi,202209,4.7466054e+08
70241658,"SICREDI RECIFE - COOPERATIVA DE CRÉDITO, POUPANÇA E INVESTIMENTO SICREDI RECIFE",b3S,PE,Sicredi,202603,4.583842e+08
2923389,"COOPERATIVA DE CRÉDITO, POUPANÇA E INVESTIMENTO SICREDI SERIGY - SICREDI SERIGY SE/BA",b3S,SE,Sicredi,202603,4.0536854e+08
57647653,"COOPERATIVA DE CRÉDITO, POUPANÇA E INVESTIMENTO DA REGIÃO DAS FLORES, DAS ÁGUAS E DOS VENTOS SP - SICREDI FORÇA DOS VENTOS SP",b3S,SP,Sicredi,202509,3.182187e+08
87789178,"COOPERATIVA DE CRÉDITO, POUPANÇA E INVESTIMENTO DA REGIÃO DE PALMEIRA DAS MISSÕES - SICREDI GRANDE PALMEIRA/RS",b3S,RS,Sicredi,202003,2.8487347e+08
83315408,SICREDI NORTE - COOPERATIVA DE CRÉDITO,b3S,PA,Sicredi,202603,2.5956125e+08
4237413,"COOPERATIVA DE CRÉDITO, POUPANÇA E INVESTIMENTO DO VALE DO SÃO FRANCISCO - SICREDI VALE DO SÃO FRANCISCO PE",b3S,PE,Sicredi,202603,2.483425e+08
1151186,COOPERATIVA DE CRÉDITO DE CAMPINA GRANDE - SICREDI CENTRO PARAIBANA,b3S,PB,Sicredi,201909,1.9032758e+08
86913993,SICREDI CARIRI - COOPERATIVA DE CRÉDITO DA REGIÃO DO CARIRI,b3S,CE,Sicredi,202209,1.8627458e+08
72128440,"COOPERATIVA DE CREDITO, POUPANCA E INVESTIMENTO DO RIO DE JANEIRO - SICREDI RIO RJ",b3S,RJ,Sicredi,202603,1.8214115e+08
4853988,"COOPERATIVA DE CRÉDITO, POUPANÇA E INVESTIMENTO BANDEIRANTES - SICREDI BANDEIRANTES SP",b3S,SP,Sicredi,202603,1.6743829e+08
9343038,COOPERATIVA DE CRÉDITO SICREDI ALTO SERTÃO PARAIBANO - SICREDI ALTO SERTÃO PARAIBANO,b3S,PB,Sicredi,202603,1.6555816e+08
97489280,"COOPERATIVA DE CRÉDITO, POUPANÇA E INVESTIMENTO SICREDI INTEGRAÇÃO BAHIA - SICREDI INTEGRAÇÃO BAHIA",b3S,BA,Sicredi,202603,1.5567918e+08
41255225,"COOPERATIVA DE CRÉDITO, POUPANÇA E INVESTIMENTO SICREDI CENTRO PERNAMBUCANA",b3S,PE,Sicredi,202603,1.4650725e+08
10772401,"COOPERATIVA DE CRÉDITO, POUPANÇA E INVESTIMENTO VERDE PARÁ - SICREDI VERDE PARÁ",b3S,PA,Sicredi,201906,1.4647246e+08
7070495,"COOPERATIVA DE CRÉDITO, POUPANÇA E INVESTIMENTO EMPREENDEDORES - SICREDI EMPREENDEDORES PR",b3S,PR,Sicredi,202603,1.17535896e+08
4525997,"COOPERATIVA DE CRÉDITO, POUPANÇA E INVESTIMENTO DOS PROFESSORES, FUNCIONÁRIOS E ALUNOS DA UNIVERSIDADE DE CAXIAS DO SUL - SICREDI EDUCAÇÃO RS",b3S,RS,Sicredi,202603,1.1187085e+08
25626490,"COOPERATIVA DE CRÉDITO, POUPANÇA E INVESTIMENTO ALTO RIO GRANDE MG - SICREDI CREDIGRANDE MG",b3S,MG,Sicredi,202312,8.353941e+07
3212823,"COOPERATIVA DE CRÉDITO, POUPANÇA E INVESTIMENTO DOS MILITARES ESTADUAIS E SERVIDORES DA SEGURANÇA DO ESTADO DO RIO GRANDE DO SUL - SICREDI TRADIÇÃO RS",b3S,RS,Sicredi,202603,7.2198024e+07
3000142,"COOPERATIVA DE CRÉDITO, POUPANÇA E INVESTIMENTO DOS POLICIAIS FEDERAIS DO RIO GRANDE DO SUL E SANTA CATARINA - SICREDI POL RS/SC",b3S,RS,Sicredi,202603,6.30868e+07
3128973,"COOPERATIVA DE CREDITO , POUPANÇA E INVESTIMENTO DO ESTADO DO PIAUÍ - SICREDI PIAUÍ",b3S,PI,Sicredi,202209,5.9599936e+07
8041950,"COOPERATIVA DE CRÉDITO, POUPANÇA E INVESTIMENTO DO SISTEMA DE JUSTIÇA NO ESTADO DO CEARÁ - SICREDI COOPERJURIS",b3S,CE,Sicredi,202603,5.8414108e+07
3750034,"COOPERATIVA DE CRÉDITO, POUPANÇA E INVESTIMENTO DOS JUÍZES E CARREIRAS PÚBLICAS DO DIREITO DO ESTADO DO RIO GRANDE DO SUL - SICREDI AJURIS RS",b3S,RS,Sicredi,202603,4.821562e+07
5545390,COOPERATIVA DE CRÉDITO - SICREDI LENÇÓIS,b3S,MA,Sicredi,202603,4.587902e+07
4886317,"COOPERATIVA DE CRÉDITO, POUPANÇA E INVESTIMENTO DOS INTEGRANTES DA MAGISTRATURA E DO MINISTÉRIO PÚBLICO NO ESTADO DO PARANÁ - SICREDI CREDJURIS",b3S,PR,Sicredi,202603,4.4309436e+07
2245493,COOPERATIVA DE CREDITO DE SALVADOR - SICREDI SALVADOR,b3S,BA,Sicredi,202006,4.3816544e+07
2924977,"COOPERATIVA DE CRÉDITO, POUPANÇA E INVESTIMENTO DOS PROFISSIONAIS MÉDICOS E DA SAÚDE DE CURITIBA E REGIÃO METROPOLITANA - SICREDI MEDICRED PR",b3S,PR,Sicredi,202603,4.1796452e+07
6078926,"COOPERATIVA DE CRÉDITO, POUPANÇA E INVESTIMENTO DOS ESCRIVÃES, NOTÁRIOS E REGISTRADORES NO ESTADO DO PARANÁ - SICREDI CREDENOREG PR",b3S,PR,Sicredi,202603,3.190349e+07
3662047,"COOPERATIVA DE CRÉDITO, POUPANÇA E INVESTIMENTO DAS CARREIRAS DO MINISTÉRIO PÚBLICO, TRIBUNAL DE CONTAS E SECRETARIA DA FAZENDA DO RIO GRANDE DO SUL - SICREDI MP RS",b3S,RS,Sicredi,202603,3.1812498e+07
8143326,COOPERATIVA DE CRÉDITO DOS MÉDICOS E PROFISSIONAIS DE SAÚDE DE SÃO LUÍS - SICREDI SÃO LUÍS,b3S,MA,Sicredi,202409,3.1209116e+07
19962468,"COOPERATIVA DE CRÉDITO, POUPANÇA E INVESTIMENTO DA ADVOCACIA E SERVENTUÁRIOS DO PODER JUDICIÁRIO NO ESTADO DO RIO GRANDE DO SUL - SICREDI COOABCRED RS",b3S,RS,Sicredi,202603,2.9721966e+07
68389,COOPERATIVA DE CRÉDITO DA REGIÃO DE CRATEÚS - SICREDI CRATEÚS,b3S,CE,Sicredi,201909,2.1897138e+07
26191078,COOPERATIVA DE CRÉDITO DE LIVRE ADMISSÃO DA REGIÃO SUL DO MARANHÃO - SICREDI SUL DO MARANHÃO,b3S,MA,Sicredi,202603,1.3153953e+07
28815602,"COOPERATIVA DE CRÉDITO DOS MÉDICOS, DEMAIS PROFISSIONAIS DE SAÚDE E DOS EMPRESÁRIOS DA REGIÃO  SUL E SUDESTE DO PARÁ - SICREDI SUL DO PARÁ",b3S,PA,Sicredi,201903,8.925087e+06
70119680,"COOPERATIVA CENTRAL DE CRÉDITO, POUPANÇA E INVESTIMENTO DO NORDESTE - CENTRAL SICREDI NORDESTE",b3C,PB,Sicredi,202603,42218.04
33667205,"COOPERATIVA CENTRAL DE CRÉDITO, POUPANÇA E INVESTIMENTO DO CENTRO NORTE DO BRASIL - CENTRAL SICREDI CENTRO NORTE",b3C,MT,Sicredi,202603,0.0
33737818,"COOPERATIVA CENTRAL DE CRÉDITO, POUPANÇA E INVESTIMENTO DE MATO GROSSO DO SUL, GOIÁS, DISTRITO FEDERAL E TOCANTINS - CENTRAL SICREDI BRASIL CENTRAL",b3C,GO,Sicredi,202603,0.0
3795072,CONFEDERACAO DAS COOPERATIVAS DO SICREDI - CONFEDERACAO SICREDI,b3C,RS,Sicredi,202603,0.0
80230774,"COOPERATIVA CENTRAL DE CRÉDITO, POUPANÇA E INVESTIMENTO DOS ESTADOS DO PARANÁ, SÃO PAULO E RIO DE JANEIRO - CENTRAL SICREDI PR/SP/RJ",b3C,PR,Sicredi,202603,0.0
87437687,"COOPERATIVA CENTRAL DE CRÉDITO, POUPANÇA E INVESTIMENTO DO SUL E SUDESTE - CENTRAL SICREDI SUL/SUDESTE",b3C,RS,Sicredi,202603,0.0
8253539,COOPERATIVA DE CREDITO SULCREDI AMPLEA,b3S,SC,Sulcredi,202603,2.247758e+08
1073966,COOPERATIVA DE CRÉDITO RURAL DE ABELARDO LUZ - SULCREDI/CREDILUZ,b3S,SC,Sulcredi,202603,2.0451293e+08
8240446,COOPERATIVA DE CREDITO RURAL DE IBIAM - SULCREDI/IBIAM,b3S,SC,Sulcredi,202603,1.3767486e+07
74114042,COOPERATIVA DE CRÉDITO UNICRED UNIÃO LTDA - UNICRED UNIÃO,b3S,SC,Unicred,202603,2.1968873e+09
74064502,COOPERATIVA DE CRÉDITO UNICRED VALOR CAPITAL LTDA - UNICRED VALOR CAPITAL,b3S,SC,Unicred,202603,2.0236058e+09
94433109,COOPERATIVA DE ECONOMIA E CREDITO MUTUO DOS MEDICOS DE PORTO ALEGRE LTDA-UNICRED PORTO ALEGRE,b3S,RS,Unicred,202603,1.9657312e+09
75847,COOPERATIVA DE CRÉDITO UNICRED CENTRO-SUL LTDA - UNICRED CENTRO-SUL,b3S,SC,Unicred,202603,1.8077464e+09
36900256,"COOPERATIVA DE CRÉDITO DOS MÉDICOS, PROFISSIONAIS DA SAÚDE E EMPRESÁRIOS - UNICRED RAÍZES",b3S,MT,Unicred,202603,1.4915244e+09
1039011,COOPERATIVA DE CRÉDITO UNICRED DESBRAVADORA LTDA - UNICRED DESBRAVADORA,b3S,SC,Unicred,202603,1.4782685e+09
1635462,COOPERATIVA DE ECONOMIA E CRÉDITO MÚTUO UNICRED PREMIUM CAPITAL - UNICRED PREMIUM CAPITAL,b3S,RS,Unicred,202603,1.2003205e+09
1727929,COOPERATIVA DE CRÉDITO UNICRED EVOLUÇÃO LTDA. - UNICRED EVOLUÇÃO,b3S,MG,Unicred,202603,1.1157516e+09
73443863,COOPERATIVA DE CRÉDITO UNICRED VALE LTDA - UNICRED VALE,b3S,SC,Unicred,202603,1.01437235e+09
95163002,COOPERATIVA DE ECONOMIA E CRÉDITO MÚTUO UNICRED ELEVA LTDA.,b3S,RS,Unicred,202603,9.6133965e+08
71884498,COOPERATIVA DE CRÉDITO UNICRED DO ESTADO DE SÃO PAULO LTDA.,b3S,SP,Unicred,202603,9.433337e+08
73750424,COOPERATIVA DE ECONOMIA E CRÉDITO MÚTUO UNICRED INTEGRAÇÃO LTDA.,b3S,RS,Unicred,202603,8.7818086e+08
70937271,COOPERATIVA DE CRÉDITO DOS PROFISSIONAIS DA ÁREA DA SAÚDE E DE LIVRE ADMISSÃO LTDA - UNICRED ALIANÇA,b3S,MG,Unicred,202603,7.654959e+08
2641032,COOPERATIVA DE ECONOMIA E CRÉDITO MÚTUO UNICRED PONTO CAPITAL - UNICRED PONTO CAPITAL.,b3S,RS,Unicred,202509,6.6408256e+08
1796302,COOPERATIVA DE CRÉDITO UNICRED REGIÃO DOS VALES LTDA. - UNICRED REGIÃO DOS VALES,b3S,RS,Unicred,202403,3.689656e+08
1705236,COOPERATIVA DE ECONOMIA E CRÉDITO MÚTUO UNICRED PROSPERAR LTDA. - UNICRED PROSPERAR,b3S,RS,Unicred,202603,3.4022163e+08
86803939,COOPERATIVA DE CRÉDITO MÚTUO SERRA MAR LTDA. - UNICRED SERRA MAR,b3S,RJ,Unicred,202212,3.0904973e+08
4445917,COOPERATIVA DE ECONOMIA E CRÉDITO MÚTUO UNICRED COALIZÃO LTDA - UNICRED COALIZÃO,b3S,RJ,Unicred,202603,2.8091706e+08
71163315,COOPERATIVA DE CRÉDITO UNICRED AMPLA LTDA - UNICRED AMPLA,b3S,MG,Unicred,202603,2.697649e+08
4355489,COOPERATIVA DE CRÉDITO UNICRED COOMARCA LTDA. - COOMARCA,b3S,SC,Unicred,202603,2.472652e+08
94243839,COOPERATIVA DE ECONOMIA E CRÉDITO MÚTUO DO VALE DAS ANTAS LTDA. - UNICRED PIONEIRA,b3S,RS,Unicred,202603,2.1306562e+08
1526924,COOPERATIVA DE ECONOMIA E CRÉDITO MÚTUO UNICRED HORIZONTES LTDA - UNICRED HORIZONTES,b3S,RS,Unicred,202603,2.028731e+08
2602922,"COOPERATIVA DE CRÉDITO DOS MÉDICOS, SERVIDORES PÚBLICOS E EMPRESÁRIOS DO NORDESTE LTDA - UNICRED DO NORDESTE",b3S,BA,Unicred,202309,1.5946749e+08
71432926,COOPERATIVA DE CRÉDITO DOS PROFISSIONAIS DE SAÚDE E DE LIVRE ADMISSÃO DO TRIÂNGULO MINEIRO E SUL DE MINAS LTDA. - UNICRED PROGRESSO,b3S,MG,Unicred,202603,1.431111e+08
71479653,COOPERATIVA DE ECONOMIA E CRÉDITO MÚTUO DOS MÉDICOS E DEMAIS PROFISSIONAIS DA ÁREA DE SAÚDE DE NÍVEL SUPERIOR DE JUIZ DE FORA LTDA. - UNICRED CAMINHO NOVO,b3S,MG,Unicred,202309,1.2055047e+08
1110032,"COOPERATIVA DE CRÉDITO, POUPANÇA E INVESTIMENTO DOS MÉDICOS E DEMAIS PROFISSIONAIS DA SAÚDE E LIVRE ADMISSÃO MINAS - ESPÍRITO SANTO LTDA. - UNICRED MINAS - ES",b3S,ES,Unicred,202212,1.1561991e+08
2833202,COOPERATIVA DE CRÉDITO DE LIVRE ADMISSÃO DE VITÓRIA DA CONQUISTA - UNICRED SUDOESTE DA BAHIA,b3S,BA,Unicred,202603,1.1406968e+08
1090027,COOPERATIVA DE ECONOMIA E CRÉDITO MÚTUO DOS MÉDICOS E CATEGORIAS AFINS - UNICRED MÚLTIPLO VALOR LTDA.,b3S,RJ,Unicred,202406,1.0273967e+08
39231527,UNICRED COSTA DO SOL RJ - COOPERATIVA DE ECONOMIA E CRÉDITO MÚTUO LTDA.,b3S,RJ,Unicred,202406,8.293647e+07
1709266,COOPERATIVA DE CRÉDITO MÚTUO DOS PROFISSIONAIS DA SAÚDE E LIVRE ADMISSÃO DE TEÓFILO OTONI LTDA. - UNICRED TRÊS VALES,b3S,MG,Unicred,202603,7.041958e+07
39808449,COOPERATIVA DE ECONOMIA E CRÉDITO MÚTUO DOS MÉDICOS E DEMAIS PROFISSIONAIS DA SAÚDE DO ESTADO DO ESPÍRITO SANTO LTDA. – UNICRED DO ESPÍRITO SANTO,b3S,ES,Unicred,201912,2.8583736e+07
5460750,COOPERATIVA DE ECONOMIA E CRÉDITO MÚTUO DOS SERVIDORES DA ADMINISTRAÇÃO PÚBLICA MUNICIPAL DE PORTO ALEGRE - MUNICRED,b3S,RS,Unicred,202212,3.6589968e+06
9187555,"COOPERATIVA DE ECONOMIA E CRÉDITO MÚTUO DOS ENGENHEIROS, ARQUITETOS, AGRÔNOMOS E AFINS DO ESTADO DO RIO GRANDE DO SUL - PROJETA UNICRED",b3S,RS,Unicred,202012,3.1446802e+06
86774775,COOPERATIVA CENTRAL DE CRÉDITO UNICRED CENTRAL COALIZÃO LTDA - UNICRED CENTRAL COALIZÃO,b3C,RJ,Unicred,202406,0.0
543968,COOPERATIVA CENTRAL DE CRÉDITO UNICRED CONEXÃO LTDA - UNICRED CENTRAL CONEXÃO,b3C,SC,Unicred,202409,0.0
184068,COOPERATIVA DE CRÉDITO UNICRED CENTRAL MULTIRREGIONAL LTDA. - UCM,b3C,MG,Unicred,202409,0.0
1634601,COOPERATIVA CENTRAL DE CRÉDITO UNICRED GERAÇÃO LTDA. - UNICRED CENTRAL GERAÇÃO,b3C,RS,Unicred,202409,0.0
315557,COOPERATIVA CENTRAL DE CRÉDITO UNICRED DO BRASIL - UNICRED DO BRASIL,b3C,SP,Unicred,202603,0.0
1286361,UNIPRIME PIONEIRA COOPERATIVA DE CRÉDITO,b3S,PR,Uniprime,202603,5.377531e+08
1736243,UNIPRIME ALLIANCE - COOPERATIVA DE ECONOMIA E CRÉDITO MÚTUO,b3S,PR,Uniprime,202106,5.0098778e+08
1572667,COOPERATIVA DE CRÉDITO UNIPRIME SUL,b3S,RS,Uniprime,202603,3.286645e+08
1848322,"UNIPRIME DO IGUAÇU - COOPERATIVA DE CRÉDITO, POUPANÇA E INVESTIMENTO",b3S,PR,Uniprime,202603,2.7105446e+08
3234384,UNIPRIME CAMPOS GERAIS - COOPERATIVA DE CRÉDITO LTDA.,b3S,PR,Uniprime,202012,1.1763733e+08
44373041,COOPERATIVA DE CRÉDITO UNIPRIME CREDICANA,b3S,SP,Uniprime,202603,4.2129052e+07
7853842,UNIPRIME OURO - COOPERATIVA DE CRÉDITO DE OURO,b3S,SC,Uniprime,202409,2.8245524e+07
3046391,UNIPRIME CENTRAL NACIONAL - CENTRAL NACIONAL DE COOPERATIVA DE CREDITO,b3C,PR,Uniprime,202603,0.0
