arquivo,fonte,url,data_extracao_utc,sha256_conteudo,bytes_originais,armazenado_como,observacao
data_raw/ifdata/indice/relatorios2000a2024.json,BCB/IF.data,https://www3.bcb.gov.br/ifdata/rest/relatorios2000a2024,2026-08-12T00:23:41Z,2428b8a436e142682cd63eb6155717f58f2524582dcca427654032f45f6acf07,13527657,original,indice de periodos e arquivos publicados
data_raw/ifdata/indice/relatorios2025a2030.json,BCB/IF.data,https://www3.bcb.gov.br/ifdata/rest/relatorios2025a2030,2026-08-12T00:23:43Z,a7b30f2b79d0a6e53b7a0e39c317e28379063d5b10b95c65cbf4c2bbfc011f3d,1374735,original,indice de periodos e arquivos publicados
data_raw/ifdata/202603/cadastro202603_1005.json,BCB/IF.data,https://www3.bcb.gov.br/ifdata/rest/arquivos?nomeArquivo=ifdata_2025_2030%2F%2F202603%2Fcadastro202603_1005.json,2026-08-12T00:23:44Z,534a849415fbfe0ff5528e90a22c4cdd88394a6fa6e967b6c482d6f7ab6c7bee,767565,original,IF.data data-base 202603 tipo 1005
data_raw/ifdata/202603/dados202603_1.json.gz,BCB/IF.data,https://www3.bcb.gov.br/ifdata/rest/arquivos?nomeArquivo=ifdata_2025_2030%2F%2F202603%2Fdados202603_1.json,2026-08-12T00:23:47Z,7357ff4ebd4e078da3b1ebb95d1f92ddaca223265ce6fe9cd3dc3fe419b94287,16069020,gzip do original,IF.data data-base 202603
data_raw/ifdata/202603/dados202603_2.json.gz,BCB/IF.data,https://www3.bcb.gov.br/ifdata/rest/arquivos?nomeArquivo=ifdata_2025_2030%2F%2F202603%2Fdados202603_2.json,2026-08-12T00:23:48Z,a5313765dd73b3d656273e588d0fe7ee211decfb236c5aef83f644386ee1bf44,304555,gzip do original,IF.data data-base 202603
data_raw/ifdata/202603/dados202603_3.json.gz,BCB/IF.data,https://www3.bcb.gov.br/ifdata/rest/arquivos?nomeArquivo=ifdata_2025_2030%2F%2F202603%2Fdados202603_3.json,2026-08-12T00:23:50Z,b5ab946cacf9d9fbb12e855607ca62e21734dd916083a9b23a73e7e0d4118d51,5736590,gzip do original,IF.data data-base 202603
data_raw/ifdata/202603/dados202603_4.json.gz,BCB/IF.data,https://www3.bcb.gov.br/ifdata/rest/arquivos?nomeArquivo=ifdata_2025_2030%2F%2F202603%2Fdados202603_4.json,2026-08-12T00:23:51Z,5ea7a7446801cd71a8d25dda399120250f79ece3b2f3f9ef1e322c4816f2aa7f,44906,gzip do original,IF.data data-base 202603
data_raw/ifdata/202603/dados202603_5.json.gz,BCB/IF.data,https://www3.bcb.gov.br/ifdata/rest/arquivos?nomeArquivo=ifdata_2025_2030%2F%2F202603%2Fdados202603_5.json,2026-08-12T00:23:52Z,3318e2ca3f217cfefbb05c7cae3519c8629e6f4217b343d1b86c406b493cfde9,743859,gzip do original,IF.data data-base 202603
data_raw/ifdata/202603/info202603.json,BCB/IF.data,https://www3.bcb.gov.br/ifdata/rest/arquivos?nomeArquivo=ifdata_2025_2030%2F%2F202603%2Finfo202603.json,2026-08-12T00:23:53Z,a971b090d6b4ef920166bf78cd4ac12ed5c44bbdc0e68e0dca7c2acb051c4662,188690,original,IF.data data-base 202603
data_raw/ifdata/202603/sel202603.json,BCB/IF.data,https://www3.bcb.gov.br/ifdata/rest/arquivos?nomeArquivo=ifdata_2025_2030%2F%2F202603%2Fsel202603.json,2026-08-12T00:23:54Z,3d066ee9963cb8d02df5026f8fdabe9a430f8d75eaad50f5093239bc47b300e0,440,original,IF.data data-base 202603
data_raw/ifdata/202603/trel202603_105.json,BCB/IF.data,https://www3.bcb.gov.br/ifdata/rest/arquivos?nomeArquivo=ifdata_2025_2030%2F%2F202603%2Ftrel202603_105.json,2026-08-12T00:23:54Z,7c4e58b268d666af97682d41478ecc26bfa0367ae90ef536a2566b81c03bf78b,7618,original,IF.data data-base 202603
data_raw/ifdata/202603/trel202603_106.json,BCB/IF.data,https://www3.bcb.gov.br/ifdata/rest/arquivos?nomeArquivo=ifdata_2025_2030%2F%2F202603%2Ftrel202603_106.json,2026-08-12T00:23:56Z,07668a5d921d7077acaa2d1c9898f7de0b1931d19cce2abd2d7e5569bc31af7d,8422,original,IF.data data-base 202603
data_raw/ifdata/202603/trel202603_107.json,BCB/IF.data,https://www3.bcb.gov.br/ifdata/rest/arquivos?nomeArquivo=ifdata_2025_2030%2F%2F202603%2Ftrel202603_107.json,2026-08-12T00:23:57Z,13c03ffa69c174174530cf27e513e5571aeaa062ff2d26dc0bcefa92dc88bc54,8191,original,IF.data data-base 202603
data_raw/ifdata/202603/trel202603_108.json,BCB/IF.data,https://www3.bcb.gov.br/ifdata/rest/arquivos?nomeArquivo=ifdata_2025_2030%2F%2F202603%2Ftrel202603_108.json,2026-08-12T00:23:57Z,0dc7f59969c06da94c367814241ad578eaafc1a6b0c8c3e342e8f69d54cd1399,7282,original,IF.data data-base 202603
data_raw/ifdata/202603/trel202603_109.json,BCB/IF.data,https://www3.bcb.gov.br/ifdata/rest/arquivos?nomeArquivo=ifdata_2025_2030%2F%2F202603%2Ftrel202603_109.json,2026-08-12T00:23:58Z,ad9633aa31ba87f3703182d857ff94fbb6defe71b088c9e9152a8763396f767b,8090,original,IF.data data-base 202603
data_raw/ifdata/202603/trel202603_110.json,BCB/IF.data,https://www3.bcb.gov.br/ifdata/rest/arquivos?nomeArquivo=ifdata_2025_2030%2F%2F202603%2Ftrel202603_110.json,2026-08-12T00:23:59Z,085366abf44372c5df309f11ae4167ab15c37705e25f0231c10d4fab53b85a12,7853,original,IF.data data-base 202603
data_raw/ifdata/202603/trel202603_115.json,BCB/IF.data,https://www3.bcb.gov.br/ifdata/rest/arquivos?nomeArquivo=ifdata_2025_2030%2F%2F202603%2Ftrel202603_115.json,2026-08-12T00:23:59Z,3908b034bc24e8634dedd656c60a15f9b5b63dff3395f8c00a5a0567d98d5742,9695,original,IF.data data-base 202603
data_raw/ifdata/202603/trel202603_116.json,BCB/IF.data,https://www3.bcb.gov.br/ifdata/rest/arquivos?nomeArquivo=ifdata_2025_2030%2F%2F202603%2Ftrel202603_116.json,2026-08-12T00:24:00Z,906656642dc06626ee539e419801bcde8a78f709b47e9bc102bd17ee82918c1a,12452,original,IF.data data-base 202603
data_raw/ifdata/202603/trel202603_117.json,BCB/IF.data,https://www3.bcb.gov.br/ifdata/rest/arquivos?nomeArquivo=ifdata_2025_2030%2F%2F202603%2Ftrel202603_117.json,2026-08-12T00:24:00Z,5b70e4a06af2c70c386cfea3bc228d9043e246f75659e3286c36a788c4d3c963,12250,original,IF.data data-base 202603
data_raw/ifdata/202603/trel202603_118.json,BCB/IF.data,https://www3.bcb.gov.br/ifdata/rest/arquivos?nomeArquivo=ifdata_2025_2030%2F%2F202603%2Ftrel202603_118.json,2026-08-12T00:24:01Z,070cee551f800ec2d2dc7e1210d6321d7fb1a8e33c69e80335fc7460c8741369,13023,original,IF.data data-base 202603
data_raw/ifdata/202603/trel202603_119.json,BCB/IF.data,https://www3.bcb.gov.br/ifdata/rest/arquivos?nomeArquivo=ifdata_2025_2030%2F%2F202603%2Ftrel202603_119.json,2026-08-12T00:24:02Z,874c472ea09c01f376d2bb5a1136bee46762c689cd3d16e92552f3f627316db2,7844,original,IF.data data-base 202603
data_raw/ifdata/202603/trel202603_120.json,BCB/IF.data,https://www3.bcb.gov.br/ifdata/rest/arquivos?nomeArquivo=ifdata_2025_2030%2F%2F202603%2Ftrel202603_120.json,2026-08-12T00:24:02Z,a58747f8f07e0653f6b6a8e61b6579882ea9cb87d85a3cc330ad3ebf93965a16,8078,original,IF.data data-base 202603
data_raw/ifdata/202603/trel202603_121.json,BCB/IF.data,https://www3.bcb.gov.br/ifdata/rest/arquivos?nomeArquivo=ifdata_2025_2030%2F%2F202603%2Ftrel202603_121.json,2026-08-12T00:24:03Z,0caeb255ae8189ce3139de346c7c18a0953e0e0deef850ba56c90bd9b9830ad5,8645,original,IF.data data-base 202603
data_raw/ifdata/202603/trel202603_123.json,BCB/IF.data,https://www3.bcb.gov.br/ifdata/rest/arquivos?nomeArquivo=ifdata_2025_2030%2F%2F202603%2Ftrel202603_123.json,2026-08-12T00:24:03Z,9af83d253c95f0a067c8ab46e2934b51adb87664d5e971acb8caf22d6788e6b6,27074,original,IF.data data-base 202603
data_raw/ifdata/202603/trel202603_124.json,BCB/IF.data,https://www3.bcb.gov.br/ifdata/rest/arquivos?nomeArquivo=ifdata_2025_2030%2F%2F202603%2Ftrel202603_124.json,2026-08-12T00:24:04Z,774238c854231e900d41f091dcdee73a4c8d9c7355cb05ab86229b2bbd79b856,10451,original,IF.data data-base 202603
data_raw/ifdata/202603/trel202603_125.json,BCB/IF.data,https://www3.bcb.gov.br/ifdata/rest/arquivos?nomeArquivo=ifdata_2025_2030%2F%2F202603%2Ftrel202603_125.json,2026-08-12T00:24:26Z,724c6e60c7f510296eb5c11505006aac7b0a49f0ee514cac96900a3c64059635,13929,original,IF.data data-base 202603
data_raw/ifdata/202603/trel202603_126.json,BCB/IF.data,https://www3.bcb.gov.br/ifdata/rest/arquivos?nomeArquivo=ifdata_2025_2030%2F%2F202603%2Ftrel202603_126.json,2026-08-12T00:24:28Z,e4929b8c0941572337a5eba474710c1b6fae0f67de71b30eae0eb115e0c6c823,9780,original,IF.data data-base 202603
data_raw/ifdata/202603/trel202603_127.json,BCB/IF.data,https://www3.bcb.gov.br/ifdata/rest/arquivos?nomeArquivo=ifdata_2025_2030%2F%2F202603%2Ftrel202603_127.json,2026-08-12T00:24:30Z,6099d16140cf4dae57942c2fb67b625439d8692e4e27b648d9f49e4cd3d5a2b2,10764,original,IF.data data-base 202603
data_raw/ifdata/202603/trel202603_128.json,BCB/IF.data,https://www3.bcb.gov.br/ifdata/rest/arquivos?nomeArquivo=ifdata_2025_2030%2F%2F202603%2Ftrel202603_128.json,2026-08-12T00:24:31Z,d811b81e9eb41ff86ee67a993f890107cac87573202e7afe761918355925f2e0,32771,original,IF.data data-base 202603
data_raw/ifdata/202603/trel202603_129.json,BCB/IF.data,https://www3.bcb.gov.br/ifdata/rest/arquivos?nomeArquivo=ifdata_2025_2030%2F%2F202603%2Ftrel202603_129.json,2026-08-12T00:24:32Z,26f89dbdaf72c4e60a377de86d48fc3a32526e46c3eb364dfa1ff861b63cb25e,33170,original,IF.data data-base 202603
data_raw/ifdata/202603/trel202603_130.json,BCB/IF.data,https://www3.bcb.gov.br/ifdata/rest/arquivos?nomeArquivo=ifdata_2025_2030%2F%2F202603%2Ftrel202603_130.json,2026-08-12T00:24:33Z,3a06d7cc0936a5b898b053e88b71e894b7ac6591a7325ef833878b467d960a27,9631,original,IF.data data-base 202603
data_raw/ifdata/202603/trel202603_131.json,BCB/IF.data,https://www3.bcb.gov.br/ifdata/rest/arquivos?nomeArquivo=ifdata_2025_2030%2F%2F202603%2Ftrel202603_131.json,2026-08-12T00:24:34Z,f8f91ab8aee26412a15278d5ca07e17379ea5c020f9d67166ce8a2cb8ada4ef2,5605,original,IF.data data-base 202603
data_raw/ifdata/202603/cadastro202603_1009.json,BCB/IF.data,https://www3.bcb.gov.br/ifdata/rest/arquivos?nomeArquivo=ifdata_2025_2030%2F%2F202603%2Fcadastro202603_1009.json,2026-08-12T00:25:12Z,8467c4efa2c945ff15db0b35d3be1a3377e6e329c22f4750f12912abe153da1b,730761,original,IF.data data-base 202603 tipo 1009
data_raw/ifdata/201903/cadastro201903_1005.json,BCB/IF.data,https://www3.bcb.gov.br/ifdata/rest/arquivos?nomeArquivo=ifdata%2F201903%2Fcadastro201903_1005.json,2026-08-12T00:25:35Z,c8d393e20af9abc83480188fc4983e04d7fabf4d14568d2e57d08d6da5d04a7f,608123,original,IF.data data-base 201903 tipo 1005
data_raw/ifdata/201903/dados201903_1.json.gz,BCB/IF.data,https://www3.bcb.gov.br/ifdata/rest/arquivos?nomeArquivo=ifdata%2F201903%2Fdados201903_1.json,2026-08-12T00:25:39Z,c929ee1a0d38191e6ec5eb6297d72fe8fb9e546b37216f865ecf1ba755296e92,7078127,gzip do original,IF.data data-base 201903
data_raw/ifdata/201903/dados201903_2.json.gz,BCB/IF.data,https://www3.bcb.gov.br/ifdata/rest/arquivos?nomeArquivo=ifdata%2F201903%2Fdados201903_2.json,2026-08-12T00:25:40Z,7174f9c5e589ad8ca319240a46df5209f364f6e7d37d7d64bf155d92bc0e483a,166668,gzip do original,IF.data data-base 201903
data_raw/ifdata/201903/dados201903_3.json.gz,BCB/IF.data,https://www3.bcb.gov.br/ifdata/rest/arquivos?nomeArquivo=ifdata%2F201903%2Fdados201903_3.json,2026-08-12T00:25:44Z,0175a1c5671864f4f2b7a88b698eca42286b376132005661dc7b64cc8444a9ee,6965395,gzip do original,IF.data data-base 201903
data_raw/ifdata/201903/dados201903_4.json.gz,BCB/IF.data,https://www3.bcb.gov.br/ifdata/rest/arquivos?nomeArquivo=ifdata%2F201903%2Fdados201903_4.json,2026-08-12T00:25:45Z,d94ab291c390d91fc3f28f3fc47d4e19b987f745517f9f02ad08abe8ab596a18,85654,gzip do original,IF.data data-base 201903
data_raw/ifdata/201903/info201903.json,BCB/IF.data,https://www3.bcb.gov.br/ifdata/rest/arquivos?nomeArquivo=ifdata%2F201903%2Finfo201903.json,2026-08-12T00:25:46Z,a1a3eea86081d2c098dbc06c373dfa1510824ea6ce5f83c99ff476df34c2d06e,127520,original,IF.data data-base 201903
data_raw/ifdata/201903/sel201903.json,BCB/IF.data,https://www3.bcb.gov.br/ifdata/rest/arquivos?nomeArquivo=ifdata%2F201903%2Fsel201903.json,2026-08-12T00:26:08Z,eda10a191d168a660d568e78d818f19222951f2859e2c83ea3e01f818c4f3538,559,original,IF.data data-base 201903
data_raw/ifdata/201903/trel201903_3.json,BCB/IF.data,https://www3.bcb.gov.br/ifdata/rest/arquivos?nomeArquivo=ifdata%2F201903%2Ftrel201903_3.json,2026-08-12T00:26:09Z,d72ffb12e102cba8a7b31c892c06698a043d0c102196309d8c81fa1574ead7a2,6014,original,IF.data data-base 201903
data_raw/ifdata/201903/trel201903_4.json,BCB/IF.data,https://www3.bcb.gov.br/ifdata/rest/arquivos?nomeArquivo=ifdata%2F201903%2Ftrel201903_4.json,2026-08-12T00:26:09Z,2f2b7076381e3fe45ff7f4ca45ca8fddcff300697a8dc9414fda04d561dd87de,6598,original,IF.data data-base 201903
data_raw/ifdata/201903/trel201903_6.json,BCB/IF.data,https://www3.bcb.gov.br/ifdata/rest/arquivos?nomeArquivo=ifdata%2F201903%2Ftrel201903_6.json,2026-08-12T00:26:10Z,dc957c6b7740a155774499c3d8f507342fb1078b1d840c5f6a21dba9fc0a901d,8907,original,IF.data data-base 201903
data_raw/ifdata/201903/trel201903_62.json,BCB/IF.data,https://www3.bcb.gov.br/ifdata/rest/arquivos?nomeArquivo=ifdata%2F201903%2Ftrel201903_62.json,2026-08-12T00:26:10Z,160fe74ceaba3a7951635c065a20fd2cbe4df8c366a8677ed0ebf8b324bac7a6,24014,original,IF.data data-base 201903
data_raw/ifdata/201903/trel201903_64.json,BCB/IF.data,https://www3.bcb.gov.br/ifdata/rest/arquivos?nomeArquivo=ifdata%2F201903%2Ftrel201903_64.json,2026-08-12T00:26:11Z,c65227fcc66f8c5ca2266b47c520a976236125df21c4727ae91f25a135297b48,6161,original,IF.data data-base 201903
data_raw/ifdata/201903/trel201903_65.json,BCB/IF.data,https://www3.bcb.gov.br/ifdata/rest/arquivos?nomeArquivo=ifdata%2F201903%2Ftrel201903_65.json,2026-08-12T00:26:12Z,cc01d1a31e0693ce638b0ddd90d45d45fe01090cf774eaef515f21565225ea8b,9561,original,IF.data data-base 201903
data_raw/ifdata/201903/trel201903_66.json,BCB/IF.data,https://www3.bcb.gov.br/ifdata/rest/arquivos?nomeArquivo=ifdata%2F201903%2Ftrel201903_66.json,2026-08-12T00:26:12Z,fad5259d73ff2b1e2802a0b032b04a8a7709974c4fb86dd4b0e4acf49deb4b9f,6887,original,IF.data data-base 201903
data_raw/ifdata/201903/trel201903_67.json,BCB/IF.data,https://www3.bcb.gov.br/ifdata/rest/arquivos?nomeArquivo=ifdata%2F201903%2Ftrel201903_67.json,2026-08-12T00:26:13Z,de71fec97e46b65b8fdb613e394fb3c3728eea92027cfb271b2666c818546466,7784,original,IF.data data-base 201903
data_raw/ifdata/201903/trel201903_68.json,BCB/IF.data,https://www3.bcb.gov.br/ifdata/rest/arquivos?nomeArquivo=ifdata%2F201903%2Ftrel201903_68.json,2026-08-12T00:26:13Z,f2bff44e6d41c94f65c6d45528a574d585af7352a8373828aa031577d02f7796,6958,original,IF.data data-base 201903
data_raw/ifdata/201903/trel201903_70.json,BCB/IF.data,https://www3.bcb.gov.br/ifdata/rest/arquivos?nomeArquivo=ifdata%2F201903%2Ftrel201903_70.json,2026-08-12T00:26:14Z,cd87a48c7a9a94acaf8c99e9b643822280b04eccad7f58da2b77d43e3c78b461,6430,original,IF.data data-base 201903
data_raw/ifdata/201903/trel201903_71.json,BCB/IF.data,https://www3.bcb.gov.br/ifdata/rest/arquivos?nomeArquivo=ifdata%2F201903%2Ftrel201903_71.json,2026-08-12T00:26:14Z,6983d3da361800b9c8c7aa2838a6dfeac756d8b055c5a49ef3f3cb462e8e388c,28436,original,IF.data data-base 201903
data_raw/ifdata/201903/trel201903_73.json,BCB/IF.data,https://www3.bcb.gov.br/ifdata/rest/arquivos?nomeArquivo=ifdata%2F201903%2Ftrel201903_73.json,2026-08-12T00:26:15Z,d87bdb3454f80b09a61f7cd75412b7a9344f945a38d5992ee2f615657e6101a7,30012,original,IF.data data-base 201903
data_raw/ifdata/201903/trel201903_77.json,BCB/IF.data,https://www3.bcb.gov.br/ifdata/rest/arquivos?nomeArquivo=ifdata%2F201903%2Ftrel201903_77.json,2026-08-12T00:26:16Z,36a507fe8b5baf52fc9785f334d239c3c5a194efcfd78339d54e8fae6a3656e2,5753,original,IF.data data-base 201903
data_raw/ifdata/201903/trel201903_78.json,BCB/IF.data,https://www3.bcb.gov.br/ifdata/rest/arquivos?nomeArquivo=ifdata%2F201903%2Ftrel201903_78.json,2026-08-12T00:26:16Z,eac0017efe85f7253825841f23b1b10d9464d06d0c69e370ff6ee5fb258716e2,6330,original,IF.data data-base 201903
data_raw/ifdata/201903/trel201903_80.json,BCB/IF.data,https://www3.bcb.gov.br/ifdata/rest/arquivos?nomeArquivo=ifdata%2F201903%2Ftrel201903_80.json,2026-08-12T00:26:17Z,eea8e561240a2bc704c3b6e630f392b50e2cd126eebbfd0082df73d45e6bacf6,5290,original,IF.data data-base 201903
data_raw/ifdata/201903/trel201903_81.json,BCB/IF.data,https://www3.bcb.gov.br/ifdata/rest/arquivos?nomeArquivo=ifdata%2F201903%2Ftrel201903_81.json,2026-08-12T00:26:17Z,5769e1568904a2f811732b46d5079e5ce2efb8eb0aa548dd588b853b9f0d651d,5140,original,IF.data data-base 201903
data_raw/ifdata/201903/trel201903_90.json,BCB/IF.data,https://www3.bcb.gov.br/ifdata/rest/arquivos?nomeArquivo=ifdata%2F201903%2Ftrel201903_90.json,2026-08-12T00:26:18Z,66b8acb73197831e986686369b929105dce9d882b5e4c389303157a8c8ef836b,8089,original,IF.data data-base 201903
data_raw/ifdata/201903/trel201903_91.json,BCB/IF.data,https://www3.bcb.gov.br/ifdata/rest/arquivos?nomeArquivo=ifdata%2F201903%2Ftrel201903_91.json,2026-08-12T00:26:19Z,08bae9a1e3260d0ac0e6779d3cdd32139668035dd6556fb0db46fa00bfc306f6,8881,original,IF.data data-base 201903
data_raw/ifdata/201903/trel201903_92.json,BCB/IF.data,https://www3.bcb.gov.br/ifdata/rest/arquivos?nomeArquivo=ifdata%2F201903%2Ftrel201903_92.json,2026-08-12T00:26:19Z,0671fcc41fd0c402dc4db9f41af22b8a60531e25110e1b88c1b155dfc15632c8,6520,original,IF.data data-base 201903
data_raw/ifdata/201903/trel201903_93.json,BCB/IF.data,https://www3.bcb.gov.br/ifdata/rest/arquivos?nomeArquivo=ifdata%2F201903%2Ftrel201903_93.json,2026-08-12T00:26:20Z,e8086fbddd127ef03fc1f44c036d7aa672bd5600cdd1ceb9a86ada2587ff4b07,6376,original,IF.data data-base 201903
data_raw/ifdata/201903/trel201903_94.json,BCB/IF.data,https://www3.bcb.gov.br/ifdata/rest/arquivos?nomeArquivo=ifdata%2F201903%2Ftrel201903_94.json,2026-08-12T00:26:21Z,3ccebfcdca14a791d4ae29058f7b51f8a013c90de0803e939e92b632dffdd5bc,8666,original,IF.data data-base 201903
data_raw/ifdata/201903/trel201903_95.json,BCB/IF.data,https://www3.bcb.gov.br/ifdata/rest/arquivos?nomeArquivo=ifdata%2F201903%2Ftrel201903_95.json,2026-08-12T00:26:21Z,dd5557a20b4308cfbf3eb7e23e25abb16675d4437cfd54437cb193c1a3ecbcff,6890,original,IF.data data-base 201903
data_raw/ifdata/201906/cadastro201906_1005.json,BCB/IF.data,https://www3.bcb.gov.br/ifdata/rest/arquivos?nomeArquivo=ifdata%2F201906%2Fcadastro201906_1005.json,2026-08-12T00:26:22Z,e870579c8e7eecdd0c8591253dfe387828b4fd60a57eee50270424aa5d6ccb0a,600535,original,IF.data data-base 201906 tipo 1005
data_raw/ifdata/201906/dados201906_1.json.gz,BCB/IF.data,https://www3.bcb.gov.br/ifdata/rest/arquivos?nomeArquivo=ifdata%2F201906%2Fdados201906_1.json,2026-08-12T00:26:26Z,3d410a183e8b2b5c4f47fecf7bd40358113e0e430b05fd7c8bcc2dd5cbb9455d,7102667,gzip do original,IF.data data-base 201906
data_raw/ifdata/201906/dados201906_2.json.gz,BCB/IF.data,https://www3.bcb.gov.br/ifdata/rest/arquivos?nomeArquivo=ifdata%2F201906%2Fdados201906_2.json,2026-08-12T00:26:26Z,1228de4b99cceef09671e0d3f17e16f0de25d6fd0f425695392ed1e66431c2fd,167217,gzip do original,IF.data data-base 201906
data_raw/ifdata/201906/dados201906_3.json.gz,BCB/IF.data,https://www3.bcb.gov.br/ifdata/rest/arquivos?nomeArquivo=ifdata%2F201906%2Fdados201906_3.json,2026-08-12T00:26:30Z,6b20106f189bc154597865ef985ab5da5989e6d07212e2734661eab3430bae35,6957130,gzip do original,IF.data data-base 201906
data_raw/ifdata/201906/dados201906_4.json.gz,BCB/IF.data,https://www3.bcb.gov.br/ifdata/rest/arquivos?nomeArquivo=ifdata%2F201906%2Fdados201906_4.json,2026-08-12T00:26:30Z,67ed88b8ad2312bcd82db487466dd6dca37d112510e9cf4509d2aa7563413103,85275,gzip do original,IF.data data-base 201906
data_raw/ifdata/201906/info201906.json,BCB/IF.data,https://www3.bcb.gov.br/ifdata/rest/arquivos?nomeArquivo=ifdata%2F201906%2Finfo201906.json,2026-08-12T00:26:31Z,a1a3eea86081d2c098dbc06c373dfa1510824ea6ce5f83c99ff476df34c2d06e,127520,original,IF.data data-base 201906
data_raw/ifdata/201906/sel201906.json,BCB/IF.data,https://www3.bcb.gov.br/ifdata/rest/arquivos?nomeArquivo=ifdata%2F201906%2Fsel201906.json,2026-08-12T00:26:32Z,eda10a191d168a660d568e78d818f19222951f2859e2c83ea3e01f818c4f3538,559,original,IF.data data-base 201906
data_raw/ifdata/201906/trel201906_3.json,BCB/IF.data,https://www3.bcb.gov.br/ifdata/rest/arquivos?nomeArquivo=ifdata%2F201906%2Ftrel201906_3.json,2026-08-12T00:26:32Z,cd066adcdf71c2222ab80a0d86fe62bb10e1bc0f1dfa8e738ab8d411ea68b41e,6014,original,IF.data data-base 201906
data_raw/ifdata/201906/trel201906_4.json,BCB/IF.data,https://www3.bcb.gov.br/ifdata/rest/arquivos?nomeArquivo=ifdata%2F201906%2Ftrel201906_4.json,2026-08-12T00:26:33Z,f6583cc6d278abc604c726fc123c952b7c6c79094bf6752e6ecfe12a98bffd92,6598,original,IF.data data-base 201906
data_raw/ifdata/201906/trel201906_6.json,BCB/IF.data,https://www3.bcb.gov.br/ifdata/rest/arquivos?nomeArquivo=ifdata%2F201906%2Ftrel201906_6.json,2026-08-12T00:26:33Z,89ef0eb4891c08f8e159eddda05073d2646fb581df5d0e9b2e10aa22065c04f0,8907,original,IF.data data-base 201906
data_raw/ifdata/201906/trel201906_62.json,BCB/IF.data,https://www3.bcb.gov.br/ifdata/rest/arquivos?nomeArquivo=ifdata%2F201906%2Ftrel201906_62.json,2026-08-12T00:26:34Z,e5a5e13015078f2a392dffde044d8b314f18184367c1abf76d1f3bb613958049,24014,original,IF.data data-base 201906
data_raw/ifdata/201906/trel201906_64.json,BCB/IF.data,https://www3.bcb.gov.br/ifdata/rest/arquivos?nomeArquivo=ifdata%2F201906%2Ftrel201906_64.json,2026-08-12T00:26:34Z,6fd01bbfc07e739d6e0c81e6fd5b3bc398737c8fd5c2624477de90c1b0f4aa89,6161,original,IF.data data-base 201906
data_raw/ifdata/201906/trel201906_65.json,BCB/IF.data,https://www3.bcb.gov.br/ifdata/rest/arquivos?nomeArquivo=ifdata%2F201906%2Ftrel201906_65.json,2026-08-12T00:26:35Z,de7785e534c6a7de11a32b7b3a8c0ccaf52d2f3e0080b4ff31e21d048de14871,9561,original,IF.data data-base 201906
data_raw/ifdata/201906/trel201906_66.json,BCB/IF.data,https://www3.bcb.gov.br/ifdata/rest/arquivos?nomeArquivo=ifdata%2F201906%2Ftrel201906_66.json,2026-08-12T00:26:36Z,54d716998a04393cd1cd8da64f32e0c053e85059add0bc9ea7b230acb3c16b03,6887,original,IF.data data-base 201906
data_raw/ifdata/201906/trel201906_67.json,BCB/IF.data,https://www3.bcb.gov.br/ifdata/rest/arquivos?nomeArquivo=ifdata%2F201906%2Ftrel201906_67.json,2026-08-12T00:26:36Z,2b14bc12aeab27d8c2f74b2478feb8de88924f13370dca486b8e655fbcff09e6,7784,original,IF.data data-base 201906
data_raw/ifdata/201906/trel201906_68.json,BCB/IF.data,https://www3.bcb.gov.br/ifdata/rest/arquivos?nomeArquivo=ifdata%2F201906%2Ftrel201906_68.json,2026-08-12T00:26:37Z,5ec3ffd23d458cd7bed7ff276f02ffe6175ce07a5b1f4644df2d94e78a375383,6958,original,IF.data data-base 201906
data_raw/ifdata/201906/trel201906_70.json,BCB/IF.data,https://www3.bcb.gov.br/ifdata/rest/arquivos?nomeArquivo=ifdata%2F201906%2Ftrel201906_70.json,2026-08-12T00:26:37Z,a1828c9d8934dce1ec6604faff5fd878e70e1b491441bf6d1e6c238e0fe9f1ec,6168,original,IF.data data-base 201906
data_raw/ifdata/201906/trel201906_71.json,BCB/IF.data,https://www3.bcb.gov.br/ifdata/rest/arquivos?nomeArquivo=ifdata%2F201906%2Ftrel201906_71.json,2026-08-12T00:26:38Z,f5c86413911e95fbe5baecd54a2d8e2f9f275d88c9b2827a8cf6685231aaf64f,28436,original,IF.data data-base 201906
data_raw/ifdata/201906/trel201906_73.json,BCB/IF.data,https://www3.bcb.gov.br/ifdata/rest/arquivos?nomeArquivo=ifdata%2F201906%2Ftrel201906_73.json,2026-08-12T00:26:38Z,a4572c84c3bdfc89798d9adca59b0141b9549e6e8620b374c9defd7ffc2ed36a,30012,original,IF.data data-base 201906
data_raw/ifdata/201906/trel201906_77.json,BCB/IF.data,https://www3.bcb.gov.br/ifdata/rest/arquivos?nomeArquivo=ifdata%2F201906%2Ftrel201906_77.json,2026-08-12T00:26:39Z,fdafcf1d2b17b79470a808e574741dd2a31c69aecc3c426ac37cec1f6c1db803,5753,original,IF.data data-base 201906
data_raw/ifdata/201906/trel201906_78.json,BCB/IF.data,https://www3.bcb.gov.br/ifdata/rest/arquivos?nomeArquivo=ifdata%2F201906%2Ftrel201906_78.json,2026-08-12T00:26:40Z,e89331d592b24dfa3f1c8a72d8d3c811011efef0ee2ddf6bef31d0b8dd4e7807,6330,original,IF.data data-base 201906
data_raw/ifdata/201906/trel201906_80.json,BCB/IF.data,https://www3.bcb.gov.br/ifdata/rest/arquivos?nomeArquivo=ifdata%2F201906%2Ftrel201906_80.json,2026-08-12T00:26:40Z,eea8e561240a2bc704c3b6e630f392b50e2cd126eebbfd0082df73d45e6bacf6,5290,original,IF.data data-base 201906
data_raw/ifdata/201906/trel201906_81.json,BCB/IF.data,https://www3.bcb.gov.br/ifdata/rest/arquivos?nomeArquivo=ifdata%2F201906%2Ftrel201906_81.json,2026-08-12T00:26:41Z,4cd22ea4df2e2b7ca2cc56b64e3417cd28d6b3370d76c5ef19762972af77d3bd,5140,original,IF.data data-base 201906
data_raw/ifdata/201906/trel201906_90.json,BCB/IF.data,https://www3.bcb.gov.br/ifdata/rest/arquivos?nomeArquivo=ifdata%2F201906%2Ftrel201906_90.json,2026-08-12T00:26:42Z,981e1d7b167921ab04654ab0088ef5f20109f5f7b803137453091fc70d24a177,8089,original,IF.data data-base 201906
data_raw/ifdata/201906/trel201906_91.json,BCB/IF.data,https://www3.bcb.gov.br/ifdata/rest/arquivos?nomeArquivo=ifdata%2F201906%2Ftrel201906_91.json,2026-08-12T00:26:42Z,903cdc9d016494ca27dd11bd3d77a241dc0f94b347e8fdea0f65cef002af349d,8881,original,IF.data data-base 201906
data_raw/ifdata/201906/trel201906_92.json,BCB/IF.data,https://www3.bcb.gov.br/ifdata/rest/arquivos?nomeArquivo=ifdata%2F201906%2Ftrel201906_92.json,2026-08-12T00:26:43Z,b641114873a9503bcdb1794062d7e510f5b6e16a4a0d738e0d65d5059cfb6544,6520,original,IF.data data-base 201906
data_raw/ifdata/201906/trel201906_93.json,BCB/IF.data,https://www3.bcb.gov.br/ifdata/rest/arquivos?nomeArquivo=ifdata%2F201906%2Ftrel201906_93.json,2026-08-12T00:26:44Z,e8299700e4d8236a919cad9a2ed2cefdafe10b6eab430b82151f1e4de942c8bc,6376,original,IF.data data-base 201906
data_raw/ifdata/201906/trel201906_94.json,BCB/IF.data,https://www3.bcb.gov.br/ifdata/rest/arquivos?nomeArquivo=ifdata%2F201906%2Ftrel201906_94.json,2026-08-12T00:26:45Z,82e9d15354c8a0f6f8e056a4eb94fb76d98dfaf9b1ad3777a31afb6c0205fa09,8666,original,IF.data data-base 201906
data_raw/ifdata/201906/trel201906_95.json,BCB/IF.data,https://www3.bcb.gov.br/ifdata/rest/arquivos?nomeArquivo=ifdata%2F201906%2Ftrel201906_95.json,2026-08-12T00:26:46Z,d999d57d5fb3d0477fd705e2433d2febc0745f4370793635ee5086df1b35c6ef,6890,original,IF.data data-base 201906
data_raw/ifdata/201909/cadastro201909_1005.json,BCB/IF.data,https://www3.bcb.gov.br/ifdata/rest/arquivos?nomeArquivo=ifdata%2F201909%2Fcadastro201909_1005.json,2026-08-12T00:26:47Z,9c449702b35068b9de0594b8bbff7dbdb463f32eb1f680683d40f0f5ea200055,596487,original,IF.data data-base 201909 tipo 1005
data_raw/ifdata/201909/dados201909_1.json.gz,BCB/IF.data,https://www3.bcb.gov.br/ifdata/rest/arquivos?nomeArquivo=ifdata%2F201909%2Fdados201909_1.json,2026-08-12T00:26:51Z,4ab13e54c50ec55a69d354cd5d1fde54d66c05fc843181d352626ade041791ef,7093914,gzip do original,IF.data data-base 201909
data_raw/ifdata/201909/dados201909_2.json.gz,BCB/IF.data,https://www3.bcb.gov.br/ifdata/rest/arquivos?nomeArquivo=ifdata%2F201909%2Fdados201909_2.json,2026-08-12T00:26:52Z,619a63a33b0d8ad2bcd6050ce11736b3f3779da602946730f343c17e623c6508,167416,gzip do original,IF.data data-base 201909
data_raw/ifdata/201909/dados201909_3.json.gz,BCB/IF.data,https://www3.bcb.gov.br/ifdata/rest/arquivos?nomeArquivo=ifdata%2F201909%2Fdados201909_3.json,2026-08-12T00:26:56Z,d7ec1d1c47cdadb8930c50796bbd8c1313bb3c3ea2d7ee3c36e2d565297f620a,6944806,gzip do original,IF.data data-base 201909
data_raw/ifdata/201909/dados201909_4.json.gz,BCB/IF.data,https://www3.bcb.gov.br/ifdata/rest/arquivos?nomeArquivo=ifdata%2F201909%2Fdados201909_4.json,2026-08-12T00:26:58Z,719aafc5c52463c7f36ad113f2ceaa55736c60b8564de8e5ceeb61204fffacf6,83884,gzip do original,IF.data data-base 201909
data_raw/ifdata/201909/info201909.json,BCB/IF.data,https://www3.bcb.gov.br/ifdata/rest/arquivos?nomeArquivo=ifdata%2F201909%2Finfo201909.json,2026-08-12T00:26:59Z,a1a3eea86081d2c098dbc06c373dfa1510824ea6ce5f83c99ff476df34c2d06e,127520,original,IF.data data-base 201909
data_raw/ifdata/201909/sel201909.json,BCB/IF.data,https://www3.bcb.gov.br/ifdata/rest/arquivos?nomeArquivo=ifdata%2F201909%2Fsel201909.json,2026-08-12T00:27:00Z,eda10a191d168a660d568e78d818f19222951f2859e2c83ea3e01f818c4f3538,559,original,IF.data data-base 201909
data_raw/ifdata/201909/trel201909_3.json,BCB/IF.data,https://www3.bcb.gov.br/ifdata/rest/arquivos?nomeArquivo=ifdata%2F201909%2Ftrel201909_3.json,2026-08-12T00:27:01Z,668ad0e45e462fdd1cb4bc101fba6cfc6e87a3d99e6095a8a6ef9f316122a537,6014,original,IF.data data-base 201909
data_raw/sgs/catalogo/sgs_433_catalogo.xml,BCB/SGS (catalogo),https://www3.bcb.gov.br/wssgs/services/FachadaWSSGS?method=getUltimoValorXML&codigoSerie=433,2026-08-12T00:27:01Z,25b9ca86ca29548df27faf0a611a342098a867c0a1c071157df8eed7049ff2fb,1038,original,metadados oficiais da serie 433
data_raw/ifdata/201909/trel201909_4.json,BCB/IF.data,https://www3.bcb.gov.br/ifdata/rest/arquivos?nomeArquivo=ifdata%2F201909%2Ftrel201909_4.json,2026-08-12T00:27:02Z,1163ca28eece8191a98a8801016e2c62886c71687d6101f74048f187efc2a52a,6598,original,IF.data data-base 201909
data_raw/ifdata/201909/trel201909_6.json,BCB/IF.data,https://www3.bcb.gov.br/ifdata/rest/arquivos?nomeArquivo=ifdata%2F201909%2Ftrel201909_6.json,2026-08-12T00:27:03Z,bf14317a63d89b07cc0494014f9078f3b021fab77e314f31a58e13211f582d54,8907,original,IF.data data-base 201909
data_raw/sgs/sgs_433.json,BCB/SGS,https://api.bcb.gov.br/dados/serie/bcdata.sgs.433/dados?formato=json&dataInicial=01/01/2015,2026-08-12T00:27:03Z,d3ebb80ff7b6aed354374eadc431e56545ce540ff0e94d663800dca6a0602dc4,5156,original,Índice nacional de preços ao consumidor-amplo (IPCA) | unidade: Var. % mensal
data_raw/ifdata/201909/trel201909_62.json,BCB/IF.data,https://www3.bcb.gov.br/ifdata/rest/arquivos?nomeArquivo=ifdata%2F201909%2Ftrel201909_62.json,2026-08-12T00:27:04Z,b8e194fefc9230285da8b042305d9390f35fdf596e0d382cf7aa1b9c70df3d49,24014,original,IF.data data-base 201909
data_raw/sgs/catalogo/sgs_20539_catalogo.xml,BCB/SGS (catalogo),https://www3.bcb.gov.br/wssgs/services/FachadaWSSGS?method=getUltimoValorXML&codigoSerie=20539,2026-08-12T00:27:04Z,c565a0482dcf4b3cf9ecb1b138b1c7a21aa0967906c228f2a47b9da3c6ef074d,1028,original,metadados oficiais da serie 20539
data_raw/ifdata/201909/trel201909_64.json,BCB/IF.data,https://www3.bcb.gov.br/ifdata/rest/arquivos?nomeArquivo=ifdata%2F201909%2Ftrel201909_64.json,2026-08-12T00:27:05Z,82ee4b90bc9e9475b69d4e0ec8b1c3ccfc922ec475e9fb16e89cfe5874756a2c,6161,original,IF.data data-base 201909
data_raw/sgs/sgs_20539.json,BCB/SGS,https://api.bcb.gov.br/dados/serie/bcdata.sgs.20539/dados?formato=json&dataInicial=01/01/2015,2026-08-12T00:27:06Z,6d00734722ad4685c01278c2301b04dbc528d7b656808c8d3fa719991032df72,5521,original,Saldo da carteira de crédito - Total | unidade: R$ (milhões)
data_raw/sgs/catalogo/sgs_20542_catalogo.xml,BCB/SGS (catalogo),https://www3.bcb.gov.br/wssgs/services/FachadaWSSGS?method=getUltimoValorXML&codigoSerie=20542,2026-08-12T00:27:06Z,4ec53022eb3e03be9e4e7326ac2f1c5d93ab9120d3c7b5920cdc8690422f2652,1048,original,metadados oficiais da serie 20542
data_raw/ifdata/201909/trel201909_65.json,BCB/IF.data,https://www3.bcb.gov.br/ifdata/rest/arquivos?nomeArquivo=ifdata%2F201909%2Ftrel201909_65.json,2026-08-12T00:27:07Z,62cf66404028af636d47451ca44a4d463ab4a74e27e3ca7e3864107638722bcd,9561,original,IF.data data-base 201909
data_raw/ifdata/201909/trel201909_66.json,BCB/IF.data,https://www3.bcb.gov.br/ifdata/rest/arquivos?nomeArquivo=ifdata%2F201909%2Ftrel201909_66.json,2026-08-12T00:27:07Z,9ec716b585fdabf50cbd324f68d208232060999b1544cf1cf2c51bb56fb18a83,6887,original,IF.data data-base 201909
data_raw/ifdata/201909/trel201909_67.json,BCB/IF.data,https://www3.bcb.gov.br/ifdata/rest/arquivos?nomeArquivo=ifdata%2F201909%2Ftrel201909_67.json,2026-08-12T00:27:08Z,54e73beb6bc7eb069e633b7078e8a496d4f97d1af3c2a82d0e747947006edcb0,7784,original,IF.data data-base 201909
data_raw/sgs/sgs_20542.json,BCB/SGS,https://api.bcb.gov.br/dados/serie/bcdata.sgs.20542/dados?formato=json&dataInicial=01/01/2015,2026-08-12T00:27:08Z,6e4349ddc8ffee05f4b5c9e1852d85ccc21c53a470d33b05aeca69830e07be99,5521,original,Saldo da carteira de crédito com recursos livres - Total | unidade: R$ (milhões)
data_raw/ifdata/201909/trel201909_68.json,BCB/IF.data,https://www3.bcb.gov.br/ifdata/rest/arquivos?nomeArquivo=ifdata%2F201909%2Ftrel201909_68.json,2026-08-12T00:27:09Z,0f077942505ee7df67a399ece6f565614ef4d30df8573adb9c4f79226578a984,6958,original,IF.data data-base 201909
data_raw/sgs/catalogo/sgs_20622_catalogo.xml,BCB/SGS (catalogo),https://www3.bcb.gov.br/wssgs/services/FachadaWSSGS?method=getUltimoValorXML&codigoSerie=20622,2026-08-12T00:27:09Z,d6c2a1737a43f9ab891ce8f12b889f00e341edcd24f79bbbc63bae51d536f217,1028,original,metadados oficiais da serie 20622
data_raw/ifdata/201909/trel201909_70.json,BCB/IF.data,https://www3.bcb.gov.br/ifdata/rest/arquivos?nomeArquivo=ifdata%2F201909%2Ftrel201909_70.json,2026-08-12T00:27:09Z,4ce007558498718134eac9431955270311c26dcddfe48def35c15c237c67b1f2,6172,original,IF.data data-base 201909
data_raw/ifdata/201909/trel201909_71.json,BCB/IF.data,https://www3.bcb.gov.br/ifdata/rest/arquivos?nomeArquivo=ifdata%2F201909%2Ftrel201909_71.json,2026-08-12T00:27:10Z,6a6ad575926130b9367da825b1f73470e127c2bcb0be738c6648bb6722cc3ab0,28436,original,IF.data data-base 201909
data_raw/ifdata/201909/trel201909_73.json,BCB/IF.data,https://www3.bcb.gov.br/ifdata/rest/arquivos?nomeArquivo=ifdata%2F201909%2Ftrel201909_73.json,2026-08-12T00:27:11Z,3647b5074cb250b3337b5ccb7355f3360a09e25a9516fec42511efa5feba789b,30012,original,IF.data data-base 201909
data_raw/sgs/sgs_20622.json,BCB/SGS,https://api.bcb.gov.br/dados/serie/bcdata.sgs.20622/dados?formato=json&dataInicial=01/01/2015,2026-08-12T00:27:11Z,0c154a231cfc3ef0abe0def9c4894f07d907dc785af53b8dcabc916699ad2960,5245,original,Saldo da carteira de crédito em relação ao PIB | unidade: %
data_raw/ifdata/201909/trel201909_77.json,BCB/IF.data,https://www3.bcb.gov.br/ifdata/rest/arquivos?nomeArquivo=ifdata%2F201909%2Ftrel201909_77.json,2026-08-12T00:27:12Z,db78565ee60f27d1fb0d5b28698d0a9b72955b246043d1d25b1e76c4790bd303,5753,original,IF.data data-base 201909
data_raw/sgs/catalogo/sgs_20572_catalogo.xml,BCB/SGS (catalogo),https://www3.bcb.gov.br/wssgs/services/FachadaWSSGS?method=getUltimoValorXML&codigoSerie=20572,2026-08-12T00:27:12Z,f2d82135ef4743e54c7ac76cc0ef9313a804167a3e15cfbbe8e719d2debbd2dd,1070,original,metadados oficiais da serie 20572
data_raw/ifdata/201909/trel201909_78.json,BCB/IF.data,https://www3.bcb.gov.br/ifdata/rest/arquivos?nomeArquivo=ifdata%2F201909%2Ftrel201909_78.json,2026-08-12T00:27:12Z,3cde3bc9e0355c75c8a9ace9b7e0a9eafe35e28ef0afb016dfee228b44e69dd6,6330,original,IF.data data-base 201909
data_raw/ifdata/201909/trel201909_80.json,BCB/IF.data,https://www3.bcb.gov.br/ifdata/rest/arquivos?nomeArquivo=ifdata%2F201909%2Ftrel201909_80.json,2026-08-12T00:27:13Z,eea8e561240a2bc704c3b6e630f392b50e2cd126eebbfd0082df73d45e6bacf6,5290,original,IF.data data-base 201909
data_raw/sgs/sgs_20572.json,BCB/SGS,https://api.bcb.gov.br/dados/serie/bcdata.sgs.20572/dados?formato=json&dataInicial=01/01/2015,2026-08-12T00:27:14Z,8bd6929f4fd54d6064ac7b8fb33af7eccab7e6ce8bf3f6f03ac2e98eb0d4ce60,5383,original,Saldo da carteira de crédito com recursos livres rotativo - Pessoas físicas | unidade: R$ (milhões)
data_raw/sgs/catalogo/sgs_20587_catalogo.xml,BCB/SGS (catalogo),https://www3.bcb.gov.br/wssgs/services/FachadaWSSGS?method=getUltimoValorXML&codigoSerie=20587,2026-08-12T00:27:14Z,fe23eafcbbda6f73591c6a195cf37d5f5fe51ba692079335c7997389d3ea8b52,1099,original,metadados oficiais da serie 20587
data_raw/sgs/sgs_20587.json,BCB/SGS,https://api.bcb.gov.br/dados/serie/bcdata.sgs.20587/dados?formato=json&dataInicial=01/01/2015,2026-08-12T00:27:16Z,f95dcc129bb14404e7424cf477cff63aca7b3ac3b422324e49cbe3b0f465a8f8,5245,original,Saldo da carteira de crédito com recursos livres - Pessoas físicas - Cartão de crédito rotativo | unidade: R$ (milhões)
data_raw/sgs/catalogo/sgs_20574_catalogo.xml,BCB/SGS (catalogo),https://www3.bcb.gov.br/wssgs/services/FachadaWSSGS?method=getUltimoValorXML&codigoSerie=20574,2026-08-12T00:27:16Z,a3f59ad702701c4160cfdc374f341d03098fd8d08439bda60200f4f8ec05e4d2,1110,original,metadados oficiais da serie 20574
data_raw/sgs/sgs_20574.json,BCB/SGS,https://api.bcb.gov.br/dados/serie/bcdata.sgs.20574/dados?formato=json&dataInicial=01/01/2015,2026-08-12T00:27:17Z,6fa7fe36a7b5cb29ca7f2cc3e97cdb0b8f0d4dd0ae7ea5b7845bd098d7fd35ff,5383,original,Saldo da carteira de crédito com recursos livres - Pessoas físicas - Crédito pessoal não consignado total | unidade: R$ (milhões)
data_raw/sgs/catalogo/sgs_20573_catalogo.xml,BCB/SGS (catalogo),https://www3.bcb.gov.br/wssgs/services/FachadaWSSGS?method=getUltimoValorXML&codigoSerie=20573,2026-08-12T00:27:18Z,f29159bacda3d966b98f1cf129cfb3b76c571a0cbf0474c59fd74fbcfe2b88ff,1078,original,metadados oficiais da serie 20573
data_raw/sgs/sgs_20573.json,BCB/SGS,https://api.bcb.gov.br/dados/serie/bcdata.sgs.20573/dados?formato=json&dataInicial=01/01/2015,2026-08-12T00:27:20Z,b2cfb9c163359328338d9ecb5e7b09c59f3998f73960a24c5b2df7613b8f046f,5245,original,Saldo da carteira de crédito com recursos livres - Pessoas físicas - Cheque especial | unidade: R$ (milhões)
data_raw/sgs/catalogo/sgs_21082_catalogo.xml,BCB/SGS (catalogo),https://www3.bcb.gov.br/wssgs/services/FachadaWSSGS?method=getUltimoValorXML&codigoSerie=21082,2026-08-12T00:27:21Z,f2d881c219011c47109025f6a8e7e27a5266040e961b0727f90486fcdc839c0d,1020,original,metadados oficiais da serie 21082
data_raw/sgs/sgs_21082.json,BCB/SGS,https://api.bcb.gov.br/dados/serie/bcdata.sgs.21082/dados?formato=json&dataInicial=01/01/2015,2026-08-12T00:27:22Z,8560f98a085a1e9a1882fbfbfa28c7b3ae7cfa9c54ebb35e5adfcdc406766d61,5107,original,Inadimplência da carteira de crédito - Total | unidade: %
data_raw/sgs/catalogo/sgs_21084_catalogo.xml,BCB/SGS (catalogo),https://www3.bcb.gov.br/wssgs/services/FachadaWSSGS?method=getUltimoValorXML&codigoSerie=21084,2026-08-12T00:27:23Z,0597c668c23ebdd917a228e6da5ecfa521331b8182e5f0cc9d417f1cb5001015,1043,original,metadados oficiais da serie 21084
data_raw/sgs/sgs_21084.json,BCB/SGS,https://api.bcb.gov.br/dados/serie/bcdata.sgs.21084/dados?formato=json&dataInicial=01/01/2015,2026-08-12T00:27:24Z,9aa6163a49592a315f1aea31bb601e86a14dacb72d3ccad2b2c7af306a280000,5107,original,Inadimplência da carteira de crédito - Pessoas físicas - Total | unidade: %
data_raw/sgs/catalogo/sgs_21112_catalogo.xml,BCB/SGS (catalogo),https://www3.bcb.gov.br/wssgs/services/FachadaWSSGS?method=getUltimoValorXML&codigoSerie=21112,2026-08-12T00:27:25Z,cc2c0b26a90eaa6dd401e0b517cfaf071108bf9a3221547bcc40ae368c0f63dd,1063,original,metadados oficiais da serie 21112
data_raw/sgs/sgs_21112.json,BCB/SGS,https://api.bcb.gov.br/dados/serie/bcdata.sgs.21112/dados?formato=json&dataInicial=01/01/2015,2026-08-12T00:27:26Z,d9ebabe5f94ac21dec56f6141dced92a91a317443a74c2f53445fcc362973c09,5107,original,Inadimplência da carteira de crédito com recursos livres - Pessoas físicas - Total | unidade: %
data_raw/sgs/catalogo/sgs_21086_catalogo.xml,BCB/SGS (catalogo),https://www3.bcb.gov.br/wssgs/services/FachadaWSSGS?method=getUltimoValorXML&codigoSerie=21086,2026-08-12T00:27:27Z,1d8331aa5b55955f787ef632747270cc1919cf63bcaed7cdd9c2cc3bf87ca808,1065,original,metadados oficiais da serie 21086
data_raw/sgs/sgs_21086.json,BCB/SGS,https://api.bcb.gov.br/dados/serie/bcdata.sgs.21086/dados?formato=json&dataInicial=01/01/2015,2026-08-12T00:27:28Z,68625dfc35c5354a58466612d619161f01ad1e8d3f0bc639d478cc1c8bc34569,5107,original,Inadimplência da carteira de crédito com recursos livres - Pessoas jurídicas - Total | unidade: %
data_raw/sgs/catalogo/sgs_21127_catalogo.xml,BCB/SGS (catalogo),https://www3.bcb.gov.br/wssgs/services/FachadaWSSGS?method=getUltimoValorXML&codigoSerie=21127,2026-08-12T00:27:29Z,70bf79710c6cc7aa8544f9676e4c293cdfe9024a1096252f7efbaafaa31153be,1095,original,metadados oficiais da serie 21127
data_raw/sgs/sgs_21127.json,BCB/SGS,https://api.bcb.gov.br/dados/serie/bcdata.sgs.21127/dados?formato=json&dataInicial=01/01/2015,2026-08-12T00:27:30Z,b74513da84888a098f00e8f4138c355449bf48fc56a8f0720323a7763a5c0751,5245,original,Inadimplência da carteira de crédito com recursos livres - Pessoas físicas - Cartão de crédito rotativo | unidade: %
data_raw/sgs/catalogo/sgs_21114_catalogo.xml,BCB/SGS (catalogo),https://www3.bcb.gov.br/wssgs/services/FachadaWSSGS?method=getUltimoValorXML&codigoSerie=21114,2026-08-12T00:27:30Z,de56bcf2142a0c603a82caf62ab844defe09a76fee4cf8fba395c30cf3141690,1105,original,metadados oficiais da serie 21114
data_raw/sgs/sgs_21114.json,BCB/SGS,https://api.bcb.gov.br/dados/serie/bcdata.sgs.21114/dados?formato=json&dataInicial=01/01/2015,2026-08-12T00:27:31Z,12f62847815dcab453fdc6ce222fbf5b7e41784ef2a08225cf40b302fb86682a,5115,original,Inadimplência da carteira de crédito com recursos livres - Pessoas físicas - Crédito pessoal não consignado total | unidade: %
data_raw/ifdata/201909/trel201909_81.json,BCB/IF.data,https://www3.bcb.gov.br/ifdata/rest/arquivos?nomeArquivo=ifdata%2F201909%2Ftrel201909_81.json,2026-08-12T00:27:35Z,e1e59f8589fb56a5c9130c0807036428853b552cc4d9288011eb90b25e2d075a,5140,original,IF.data data-base 201909
data_raw/ifdata/201909/trel201909_90.json,BCB/IF.data,https://www3.bcb.gov.br/ifdata/rest/arquivos?nomeArquivo=ifdata%2F201909%2Ftrel201909_90.json,2026-08-12T00:27:36Z,449288b27bcf70b6b1ac31ae1a267d0d9f75f09439c68e7af8de35fe9a5073b7,8089,original,IF.data data-base 201909
data_raw/ifdata/201909/trel201909_91.json,BCB/IF.data,https://www3.bcb.gov.br/ifdata/rest/arquivos?nomeArquivo=ifdata%2F201909%2Ftrel201909_91.json,2026-08-12T00:27:36Z,27e80fb5bea985eb2e38bd077e9a38427cdab5126e5cdc7eeb548ba338fbd566,8881,original,IF.data data-base 201909
data_raw/ifdata/201909/trel201909_92.json,BCB/IF.data,https://www3.bcb.gov.br/ifdata/rest/arquivos?nomeArquivo=ifdata%2F201909%2Ftrel201909_92.json,2026-08-12T00:27:38Z,1695f58c21528ca4f1056adaf4936e0fc48df9fee4e8cfb18f112b1e806685b9,6520,original,IF.data data-base 201909
data_raw/ifdata/201909/trel201909_93.json,BCB/IF.data,https://www3.bcb.gov.br/ifdata/rest/arquivos?nomeArquivo=ifdata%2F201909%2Ftrel201909_93.json,2026-08-12T00:27:39Z,621ac0b9d01a9356713482570da1ec3dd93d1974dab58472deb83252b9f97aef,6376,original,IF.data data-base 201909
data_raw/ifdata/201909/trel201909_94.json,BCB/IF.data,https://www3.bcb.gov.br/ifdata/rest/arquivos?nomeArquivo=ifdata%2F201909%2Ftrel201909_94.json,2026-08-12T00:27:39Z,ff54123b383c372b62b99da287b53be1ee4275de309c44586dc343993aa694c4,8666,original,IF.data data-base 201909
data_raw/ifdata/201909/trel201909_95.json,BCB/IF.data,https://www3.bcb.gov.br/ifdata/rest/arquivos?nomeArquivo=ifdata%2F201909%2Ftrel201909_95.json,2026-08-12T00:27:40Z,73dffe461a8f0cf0d6102e6cc83466321bf74b5536cdd422a0156c5178196420,6890,original,IF.data data-base 201909
data_raw/ifdata/201912/cadastro201912_1005.json,BCB/IF.data,https://www3.bcb.gov.br/ifdata/rest/arquivos?nomeArquivo=ifdata%2F201912%2Fcadastro201912_1005.json,2026-08-12T00:27:42Z,2e8c7ee0a0f6bdc8f655349aaf466045c44f2f89e4eef952eaa2bae1880140ce,593404,original,IF.data data-base 201912 tipo 1005
data_raw/ifdata/201912/dados201912_1.json.gz,BCB/IF.data,https://www3.bcb.gov.br/ifdata/rest/arquivos?nomeArquivo=ifdata%2F201912%2Fdados201912_1.json,2026-08-12T00:27:47Z,53298ee1694656e56d1b4b5616d9232336d48b7f5cec8aa38e5468d1524d830b,7258659,gzip do original,IF.data data-base 201912
data_raw/ifdata/201912/dados201912_2.json.gz,BCB/IF.data,https://www3.bcb.gov.br/ifdata/rest/arquivos?nomeArquivo=ifdata%2F201912%2Fdados201912_2.json,2026-08-12T00:27:48Z,76000e5a0c5e56475ce65cbc10f5e428175943ad640e3c252db8953c353f616c,170282,gzip do original,IF.data data-base 201912
data_raw/ifdata/201912/dados201912_3.json.gz,BCB/IF.data,https://www3.bcb.gov.br/ifdata/rest/arquivos?nomeArquivo=ifdata%2F201912%2Fdados201912_3.json,2026-08-12T00:27:53Z,2e268bd698b4d088dd040031b2dde4427a762f157a8cf1b9426778bf89c07ebc,6932620,gzip do original,IF.data data-base 201912
data_raw/ifdata/201912/dados201912_4.json.gz,BCB/IF.data,https://www3.bcb.gov.br/ifdata/rest/arquivos?nomeArquivo=ifdata%2F201912%2Fdados201912_4.json,2026-08-12T00:27:54Z,f00ade78e91ee766f1105c97755484444cc899fa2f8e7abe7126abb21c72e7cf,83698,gzip do original,IF.data data-base 201912
data_raw/ifdata/201912/info201912.json,BCB/IF.data,https://www3.bcb.gov.br/ifdata/rest/arquivos?nomeArquivo=ifdata%2F201912%2Finfo201912.json,2026-08-12T00:27:55Z,a1a3eea86081d2c098dbc06c373dfa1510824ea6ce5f83c99ff476df34c2d06e,127520,original,IF.data data-base 201912
data_raw/ifdata/201912/sel201912.json,BCB/IF.data,https://www3.bcb.gov.br/ifdata/rest/arquivos?nomeArquivo=ifdata%2F201912%2Fsel201912.json,2026-08-12T00:27:55Z,eda10a191d168a660d568e78d818f19222951f2859e2c83ea3e01f818c4f3538,559,original,IF.data data-base 201912
data_raw/ifdata/201912/trel201912_3.json,BCB/IF.data,https://www3.bcb.gov.br/ifdata/rest/arquivos?nomeArquivo=ifdata%2F201912%2Ftrel201912_3.json,2026-08-12T00:27:56Z,8b29798c3338e3eee861ee4b8c235f7b20bf55741acc89b7002cb47692be41d9,5994,original,IF.data data-base 201912
data_raw/ifdata/201912/trel201912_4.json,BCB/IF.data,https://www3.bcb.gov.br/ifdata/rest/arquivos?nomeArquivo=ifdata%2F201912%2Ftrel201912_4.json,2026-08-12T00:27:57Z,d64bea4e391a21f8b11f797e2bd469c71ab0ed0747c6b018a27c01de56237d98,6578,original,IF.data data-base 201912
data_raw/ifdata/201912/trel201912_6.json,BCB/IF.data,https://www3.bcb.gov.br/ifdata/rest/arquivos?nomeArquivo=ifdata%2F201912%2Ftrel201912_6.json,2026-08-12T00:27:57Z,d4e55504860a68d83752cb5127aecda3955a56d485b3e1dce06f1ea1de0fe4e8,8983,original,IF.data data-base 201912
data_raw/ifdata/201912/trel201912_62.json,BCB/IF.data,https://www3.bcb.gov.br/ifdata/rest/arquivos?nomeArquivo=ifdata%2F201912%2Ftrel201912_62.json,2026-08-12T00:27:58Z,8e21bd4760de5eda3cfa4d0f315e2e0d84e7c32a490f78d15fc42a56895854e0,24013,original,IF.data data-base 201912
data_raw/ifdata/201912/trel201912_64.json,BCB/IF.data,https://www3.bcb.gov.br/ifdata/rest/arquivos?nomeArquivo=ifdata%2F201912%2Ftrel201912_64.json,2026-08-12T00:27:59Z,5334c84390cd597d1484e500c836cde579aa491452045ac9789143d9b7bb6b2c,6161,original,IF.data data-base 201912
data_raw/ifdata/201912/trel201912_65.json,BCB/IF.data,https://www3.bcb.gov.br/ifdata/rest/arquivos?nomeArquivo=ifdata%2F201912%2Ftrel201912_65.json,2026-08-12T00:28:00Z,41a8c386f849d744ed0cc2bfa48bd8e06a6b20abef59c2ce20050a0c7037bb76,10765,original,IF.data data-base 201912
data_raw/ifdata/201912/trel201912_66.json,BCB/IF.data,https://www3.bcb.gov.br/ifdata/rest/arquivos?nomeArquivo=ifdata%2F201912%2Ftrel201912_66.json,2026-08-12T00:28:00Z,f67b93cb0a78e11e66993f9d22f5dadb82d23ea16cc299f706df9b4b887cfba3,6887,original,IF.data data-base 201912
data_raw/ifdata/201912/trel201912_67.json,BCB/IF.data,https://www3.bcb.gov.br/ifdata/rest/arquivos?nomeArquivo=ifdata%2F201912%2Ftrel201912_67.json,2026-08-12T00:28:01Z,b587b79189acfc78d0cc910e708c8aa14fd259b168c555f3d9edbae8722d5fe5,7784,original,IF.data data-base 201912
data_raw/ifdata/201912/trel201912_68.json,BCB/IF.data,https://www3.bcb.gov.br/ifdata/rest/arquivos?nomeArquivo=ifdata%2F201912%2Ftrel201912_68.json,2026-08-12T00:28:02Z,e8be2dc39e36a1c283a2a35df95899bd9c692bd62f01ae2af21c14d4bbd28a9c,6958,original,IF.data data-base 201912
data_raw/ifdata/201912/trel201912_70.json,BCB/IF.data,https://www3.bcb.gov.br/ifdata/rest/arquivos?nomeArquivo=ifdata%2F201912%2Ftrel201912_70.json,2026-08-12T00:28:02Z,3884dd420b46880dbc839b97b3413a132ca633e6a3f2d27d68cec97495e57650,6172,original,IF.data data-base 201912
data_raw/ifdata/201912/trel201912_71.json,BCB/IF.data,https://www3.bcb.gov.br/ifdata/rest/arquivos?nomeArquivo=ifdata%2F201912%2Ftrel201912_71.json,2026-08-12T00:28:03Z,e3fb88145bc29b16619dc674bcb6b22e44820f16edb959f8cf367d77c0106f2f,28436,original,IF.data data-base 201912
data_raw/ifdata/201912/trel201912_73.json,BCB/IF.data,https://www3.bcb.gov.br/ifdata/rest/arquivos?nomeArquivo=ifdata%2F201912%2Ftrel201912_73.json,2026-08-12T00:28:04Z,f6a5f1912bab4fed28f1ba1a7129f7cf1f7ec1e7a445b5a5b2d629d3157f8b94,30011,original,IF.data data-base 201912
data_raw/ifdata/201912/trel201912_77.json,BCB/IF.data,https://www3.bcb.gov.br/ifdata/rest/arquivos?nomeArquivo=ifdata%2F201912%2Ftrel201912_77.json,2026-08-12T00:28:05Z,632f063887a36189cfdb2571cd952afd4fe7b3743793c73f83f43dfe78385200,5753,original,IF.data data-base 201912
data_raw/ifdata/201912/trel201912_78.json,BCB/IF.data,https://www3.bcb.gov.br/ifdata/rest/arquivos?nomeArquivo=ifdata%2F201912%2Ftrel201912_78.json,2026-08-12T00:28:05Z,e9ddc3fca6746f25bc2a5b3490f0a1d4a4e9bf067a2f240b4739249417a9a5f3,6330,original,IF.data data-base 201912
data_raw/ifdata/201912/trel201912_80.json,BCB/IF.data,https://www3.bcb.gov.br/ifdata/rest/arquivos?nomeArquivo=ifdata%2F201912%2Ftrel201912_80.json,2026-08-12T00:28:06Z,eea8e561240a2bc704c3b6e630f392b50e2cd126eebbfd0082df73d45e6bacf6,5290,original,IF.data data-base 201912
data_raw/ifdata/201912/trel201912_81.json,BCB/IF.data,https://www3.bcb.gov.br/ifdata/rest/arquivos?nomeArquivo=ifdata%2F201912%2Ftrel201912_81.json,2026-08-12T00:28:06Z,ba1ab0041e74fe7b698c32156710161d82611f1730568326d59a08268a5280a7,5140,original,IF.data data-base 201912
data_raw/ifdata/201912/trel201912_90.json,BCB/IF.data,https://www3.bcb.gov.br/ifdata/rest/arquivos?nomeArquivo=ifdata%2F201912%2Ftrel201912_90.json,2026-08-12T00:28:08Z,8aa5d725cb90db961769e95519b1d8fbd7172cbb7a6705d995dd780b8bffbaa9,8104,original,IF.data data-base 201912
data_raw/ifdata/201912/trel201912_91.json,BCB/IF.data,https://www3.bcb.gov.br/ifdata/rest/arquivos?nomeArquivo=ifdata%2F201912%2Ftrel201912_91.json,2026-08-12T00:28:09Z,8b274e6aa74afc542085c41e391e094b3e5042cce31a75ac0c5b66228d68855c,8861,original,IF.data data-base 201912
data_raw/ifdata/201912/trel201912_92.json,BCB/IF.data,https://www3.bcb.gov.br/ifdata/rest/arquivos?nomeArquivo=ifdata%2F201912%2Ftrel201912_92.json,2026-08-12T00:28:10Z,c16d39fed09fbf88613aa4c887820d4450c02d4d2d1bcd8b33db1106d54de2a4,6520,original,IF.data data-base 201912
data_raw/ifdata/201912/trel201912_93.json,BCB/IF.data,https://www3.bcb.gov.br/ifdata/rest/arquivos?nomeArquivo=ifdata%2F201912%2Ftrel201912_93.json,2026-08-12T00:28:10Z,36e165241902fed5366795c90d8c7bfa2110958cfd0f20de6aa422e2cd3dedfe,6376,original,IF.data data-base 201912
data_raw/ifdata/201912/trel201912_94.json,BCB/IF.data,https://www3.bcb.gov.br/ifdata/rest/arquivos?nomeArquivo=ifdata%2F201912%2Ftrel201912_94.json,2026-08-12T00:28:11Z,0a56b2e8ad136dc71ebddb8ddf4fa2d053ef92d5c22fed276b204a4ebeffb0d8,8666,original,IF.data data-base 201912
data_raw/ifdata/201912/trel201912_95.json,BCB/IF.data,https://www3.bcb.gov.br/ifdata/rest/arquivos?nomeArquivo=ifdata%2F201912%2Ftrel201912_95.json,2026-08-12T00:28:12Z,205bd5aa31018df66b49fd134ce91f15926656ce6cd7ce55b2a30820a2cfa73e,6890,original,IF.data data-base 201912
data_raw/ifdata/201912/trel201912_96.json,BCB/IF.data,https://www3.bcb.gov.br/ifdata/rest/arquivos?nomeArquivo=ifdata%2F201912%2Ftrel201912_96.json,2026-08-12T00:28:13Z,525a62d5fce8be0e03441e4a97ac10dd06704935798bfc4c94a3de8cd9a25a8f,5944,original,IF.data data-base 201912
data_raw/ifdata/201912/trel201912_97.json,BCB/IF.data,https://www3.bcb.gov.br/ifdata/rest/arquivos?nomeArquivo=ifdata%2F201912%2Ftrel201912_97.json,2026-08-12T00:28:14Z,e448e70da0acd68d39718aeedaf009259f5e68116ccbf34e12ac44128a0560f7,6528,original,IF.data data-base 201912
data_raw/ifdata/201912/trel201912_98.json,BCB/IF.data,https://www3.bcb.gov.br/ifdata/rest/arquivos?nomeArquivo=ifdata%2F201912%2Ftrel201912_98.json,2026-08-12T00:28:15Z,b4bb72f47bafedf299cdf95ad22a15f224d11a158936aa78e4f4555b59a834db,8809,original,IF.data data-base 201912
data_raw/ifdata/202003/cadastro202003_1005.json,BCB/IF.data,https://www3.bcb.gov.br/ifdata/rest/arquivos?nomeArquivo=ifdata%2F202003%2Fcadastro202003_1005.json,2026-08-12T00:28:17Z,65d722fdaafe4efa439ce45fc1014532027cf242d687ba2bb8da65b0af7aedd3,591900,original,IF.data data-base 202003 tipo 1005
data_raw/ifdata/202003/dados202003_1.json.gz,BCB/IF.data,https://www3.bcb.gov.br/ifdata/rest/arquivos?nomeArquivo=ifdata%2F202003%2Fdados202003_1.json,2026-08-12T00:28:23Z,2649e0124a55811630d440dd3dd76a9e88b30f8f4d682eb1ac2d789daaf003d1,7280104,gzip do original,IF.data data-base 202003
data_raw/ifdata/202003/dados202003_2.json.gz,BCB/IF.data,https://www3.bcb.gov.br/ifdata/rest/arquivos?nomeArquivo=ifdata%2F202003%2Fdados202003_2.json,2026-08-12T00:28:24Z,c97824aa1b018e2ccac57d9f222bf8f92009f7ebd95982bab6cc273382dd157d,170790,gzip do original,IF.data data-base 202003
data_raw/ifdata/202003/dados202003_3.json.gz,BCB/IF.data,https://www3.bcb.gov.br/ifdata/rest/arquivos?nomeArquivo=ifdata%2F202003%2Fdados202003_3.json,2026-08-12T00:28:31Z,99c44d75db82a9a897b847c9152e97f445a2f36fdfd53510297607b3a0fc401f,6964956,gzip do original,IF.data data-base 202003
data_raw/ifdata/202003/dados202003_4.json.gz,BCB/IF.data,https://www3.bcb.gov.br/ifdata/rest/arquivos?nomeArquivo=ifdata%2F202003%2Fdados202003_4.json,2026-08-12T00:28:32Z,93a3127a88af55d09d5cf7b04100bab3b21e69b9c5937e381db50b744acb9f81,80989,gzip do original,IF.data data-base 202003
data_raw/ifdata/202003/info202003.json,BCB/IF.data,https://www3.bcb.gov.br/ifdata/rest/arquivos?nomeArquivo=ifdata%2F202003%2Finfo202003.json,2026-08-12T00:28:33Z,a1a3eea86081d2c098dbc06c373dfa1510824ea6ce5f83c99ff476df34c2d06e,127520,original,IF.data data-base 202003
data_raw/ifdata/202003/sel202003.json,BCB/IF.data,https://www3.bcb.gov.br/ifdata/rest/arquivos?nomeArquivo=ifdata%2F202003%2Fsel202003.json,2026-08-12T00:28:34Z,eda10a191d168a660d568e78d818f19222951f2859e2c83ea3e01f818c4f3538,559,original,IF.data data-base 202003
data_raw/ifdata/202003/trel202003_3.json,BCB/IF.data,https://www3.bcb.gov.br/ifdata/rest/arquivos?nomeArquivo=ifdata%2F202003%2Ftrel202003_3.json,2026-08-12T00:28:34Z,6eb6c642b282fd0b1102427e654b33041d8c9a60d347f9e507b8060ae8acb0ba,5994,original,IF.data data-base 202003
data_raw/ifdata/202003/trel202003_4.json,BCB/IF.data,https://www3.bcb.gov.br/ifdata/rest/arquivos?nomeArquivo=ifdata%2F202003%2Ftrel202003_4.json,2026-08-12T00:28:35Z,0e89a066b95630b56333e4f1fe7c74735abf85e4b12686bde0c4ed312bc2a329,6578,original,IF.data data-base 202003
data_raw/ifdata/202003/trel202003_6.json,BCB/IF.data,https://www3.bcb.gov.br/ifdata/rest/arquivos?nomeArquivo=ifdata%2F202003%2Ftrel202003_6.json,2026-08-12T00:28:36Z,33c2edadd7f4442d8352d5b17910c7fb663298212f1d942684686f18b32f1f55,8983,original,IF.data data-base 202003
data_raw/ifdata/202003/trel202003_62.json,BCB/IF.data,https://www3.bcb.gov.br/ifdata/rest/arquivos?nomeArquivo=ifdata%2F202003%2Ftrel202003_62.json,2026-08-12T00:28:36Z,f5affd032a2939117d7492fd570047c96bc8512d2a83605d7ffaca21a1513490,24013,original,IF.data data-base 202003
data_raw/ifdata/202003/trel202003_64.json,BCB/IF.data,https://www3.bcb.gov.br/ifdata/rest/arquivos?nomeArquivo=ifdata%2F202003%2Ftrel202003_64.json,2026-08-12T00:28:37Z,d024c0adcdede90d51272708a479b1f36f1a59bca8be1d69e08f9163c692dabb,6161,original,IF.data data-base 202003
data_raw/ifdata/202003/trel202003_65.json,BCB/IF.data,https://www3.bcb.gov.br/ifdata/rest/arquivos?nomeArquivo=ifdata%2F202003%2Ftrel202003_65.json,2026-08-12T00:28:37Z,3cc2ed235a1d978d7dc859f958a709d6c8c7d4e96ef56fd4b2aaeba4f30bc358,10765,original,IF.data data-base 202003
data_raw/ifdata/202003/trel202003_66.json,BCB/IF.data,https://www3.bcb.gov.br/ifdata/rest/arquivos?nomeArquivo=ifdata%2F202003%2Ftrel202003_66.json,2026-08-12T00:28:38Z,36b865f6a9ed663bcc80abb42eefd953c3e7683a559762dedf8cf12c7c7cc207,6887,original,IF.data data-base 202003
data_raw/ifdata/202003/trel202003_67.json,BCB/IF.data,https://www3.bcb.gov.br/ifdata/rest/arquivos?nomeArquivo=ifdata%2F202003%2Ftrel202003_67.json,2026-08-12T00:28:39Z,fbb4b41f5e057f992d474714ccfdc97726cf999128d927c6d8514b2ece015105,7784,original,IF.data data-base 202003
data_raw/ifdata/202003/trel202003_68.json,BCB/IF.data,https://www3.bcb.gov.br/ifdata/rest/arquivos?nomeArquivo=ifdata%2F202003%2Ftrel202003_68.json,2026-08-12T00:28:39Z,8f0b6e73589084b95462530c9da454d8ca874e3e044a5630c3058d4efd5695ce,6958,original,IF.data data-base 202003
data_raw/ifdata/202003/trel202003_70.json,BCB/IF.data,https://www3.bcb.gov.br/ifdata/rest/arquivos?nomeArquivo=ifdata%2F202003%2Ftrel202003_70.json,2026-08-12T00:28:40Z,3ba688d6cfd01fedae78fecac41a050e848220303f20eb8eeb8df042d17ed61b,6172,original,IF.data data-base 202003
data_raw/ifdata/202003/trel202003_71.json,BCB/IF.data,https://www3.bcb.gov.br/ifdata/rest/arquivos?nomeArquivo=ifdata%2F202003%2Ftrel202003_71.json,2026-08-12T00:28:40Z,b5990d40ecaf8498ead685f96a425eb95927bdb236e83b423baf3d2b5cb45870,28436,original,IF.data data-base 202003
data_raw/ifdata/202003/trel202003_73.json,BCB/IF.data,https://www3.bcb.gov.br/ifdata/rest/arquivos?nomeArquivo=ifdata%2F202003%2Ftrel202003_73.json,2026-08-12T00:28:41Z,528160f4e6eab44bcac5450ed2dac96e75770fb15656b14c9431139c1bcd7e67,30011,original,IF.data data-base 202003
data_raw/ifdata/202003/trel202003_77.json,BCB/IF.data,https://www3.bcb.gov.br/ifdata/rest/arquivos?nomeArquivo=ifdata%2F202003%2Ftrel202003_77.json,2026-08-12T00:28:42Z,315c5960fad3902ea34a0964fb7372180a4d353b7eab1cec7278c2cba9f10283,5753,original,IF.data data-base 202003
data_raw/ifdata/202003/trel202003_78.json,BCB/IF.data,https://www3.bcb.gov.br/ifdata/rest/arquivos?nomeArquivo=ifdata%2F202003%2Ftrel202003_78.json,2026-08-12T00:28:42Z,f003d6852dd008d557db7181f58837aae63b53feb003d794d0ea3545fa236cad,6330,original,IF.data data-base 202003
data_raw/ifdata/202003/trel202003_80.json,BCB/IF.data,https://www3.bcb.gov.br/ifdata/rest/arquivos?nomeArquivo=ifdata%2F202003%2Ftrel202003_80.json,2026-08-12T00:28:43Z,eea8e561240a2bc704c3b6e630f392b50e2cd126eebbfd0082df73d45e6bacf6,5290,original,IF.data data-base 202003
data_raw/ifdata/202003/trel202003_81.json,BCB/IF.data,https://www3.bcb.gov.br/ifdata/rest/arquivos?nomeArquivo=ifdata%2F202003%2Ftrel202003_81.json,2026-08-12T00:28:43Z,8c64ea10e22bd3162cb049945d3d52ea67f68463a4bfe788662ce314dd2080d7,5140,original,IF.data data-base 202003
data_raw/ifdata/202003/trel202003_90.json,BCB/IF.data,https://www3.bcb.gov.br/ifdata/rest/arquivos?nomeArquivo=ifdata%2F202003%2Ftrel202003_90.json,2026-08-12T00:28:44Z,4b3fa4b51373b94192df514c4f6b79030adcba37690b82076ad027108a043742,8104,original,IF.data data-base 202003
data_raw/ifdata/202003/trel202003_91.json,BCB/IF.data,https://www3.bcb.gov.br/ifdata/rest/arquivos?nomeArquivo=ifdata%2F202003%2Ftrel202003_91.json,2026-08-12T00:28:44Z,b69757a12701cb75eca61a437ddb0811ed4423a333d37153fca3fa3d553e902f,8861,original,IF.data data-base 202003
data_raw/ifdata/202003/trel202003_92.json,BCB/IF.data,https://www3.bcb.gov.br/ifdata/rest/arquivos?nomeArquivo=ifdata%2F202003%2Ftrel202003_92.json,2026-08-12T00:28:45Z,041a31aeac1e81334ce31bb4990d54ad7df3a2feab2af450eb68eb6e9394af25,6520,original,IF.data data-base 202003
data_raw/ifdata/202003/trel202003_93.json,BCB/IF.data,https://www3.bcb.gov.br/ifdata/rest/arquivos?nomeArquivo=ifdata%2F202003%2Ftrel202003_93.json,2026-08-12T00:28:46Z,204d410198da4bbe31c96bf8685d1683dd32fecca2d165c0bb210c5208513f5a,6376,original,IF.data data-base 202003
data_raw/ifdata/202003/trel202003_94.json,BCB/IF.data,https://www3.bcb.gov.br/ifdata/rest/arquivos?nomeArquivo=ifdata%2F202003%2Ftrel202003_94.json,2026-08-12T00:28:46Z,fb3b15dfd0b4800a730eaeb30904cd5976e81b73218b4aba521e574057cdb313,8666,original,IF.data data-base 202003
data_raw/ifdata/202003/trel202003_95.json,BCB/IF.data,https://www3.bcb.gov.br/ifdata/rest/arquivos?nomeArquivo=ifdata%2F202003%2Ftrel202003_95.json,2026-08-12T00:28:47Z,5035d0622f491b1e6ca63c84ca733bc71e95169fd04d7a7445244e01f427a4a0,6890,original,IF.data data-base 202003
data_raw/ifdata/202003/trel202003_96.json,BCB/IF.data,https://www3.bcb.gov.br/ifdata/rest/arquivos?nomeArquivo=ifdata%2F202003%2Ftrel202003_96.json,2026-08-12T00:28:47Z,558d01efe3030b5def8eeacaf45e4238e519912b5feec8591cc8daf54405bc71,5944,original,IF.data data-base 202003
data_raw/ifdata/202003/trel202003_97.json,BCB/IF.data,https://www3.bcb.gov.br/ifdata/rest/arquivos?nomeArquivo=ifdata%2F202003%2Ftrel202003_97.json,2026-08-12T00:28:48Z,d9c321613c9b8adc6b12a03d19be646abae7782ecc0aadf8a60125e6f61bf917,6528,original,IF.data data-base 202003
data_raw/ifdata/202003/trel202003_98.json,BCB/IF.data,https://www3.bcb.gov.br/ifdata/rest/arquivos?nomeArquivo=ifdata%2F202003%2Ftrel202003_98.json,2026-08-12T00:28:49Z,e02bcd2ea7bd90867b07e0a3cb07c1c7f0c670e808c00a5edc4b61297f933d66,8809,original,IF.data data-base 202003
data_raw/ifdata/202006/cadastro202006_1005.json,BCB/IF.data,https://www3.bcb.gov.br/ifdata/rest/arquivos?nomeArquivo=ifdata%2F202006%2Fcadastro202006_1005.json,2026-08-12T00:28:49Z,06184df3eb5fdad4f47ed3515ef4efb7daff8297233abdb331c04a4d89f98541,589960,original,IF.data data-base 202006 tipo 1005
data_raw/ifdata/202006/dados202006_1.json.gz,BCB/IF.data,https://www3.bcb.gov.br/ifdata/rest/arquivos?nomeArquivo=ifdata%2F202006%2Fdados202006_1.json,2026-08-12T00:29:14Z,c982eac83204ea6eadf41b1c24a9f41f3cd5abd97f570d6748936cfd3472b13d,7485821,gzip do original,IF.data data-base 202006
data_raw/ifdata/202006/dados202006_2.json.gz,BCB/IF.data,https://www3.bcb.gov.br/ifdata/rest/arquivos?nomeArquivo=ifdata%2F202006%2Fdados202006_2.json,2026-08-12T00:29:15Z,bd4f9dec02a437d509c638ea625ea98024a1946ff353ad03c9cb2d129fd48a1d,173976,gzip do original,IF.data data-base 202006
data_raw/ifdata/202006/dados202006_3.json.gz,BCB/IF.data,https://www3.bcb.gov.br/ifdata/rest/arquivos?nomeArquivo=ifdata%2F202006%2Fdados202006_3.json,2026-08-12T00:29:19Z,b4b7df188ce05e26ddd1f1c3837625274cbd7d280bd88c47a4706d52f0b59d01,7010003,gzip do original,IF.data data-base 202006
data_raw/ifdata/202006/dados202006_4.json.gz,BCB/IF.data,https://www3.bcb.gov.br/ifdata/rest/arquivos?nomeArquivo=ifdata%2F202006%2Fdados202006_4.json,2026-08-12T00:29:20Z,aa961121632730b121fffb11c49989abfe7fd64d5fe27fc6e7051e78b5435411,79295,gzip do original,IF.data data-base 202006
data_raw/ifdata/202006/info202006.json,BCB/IF.data,https://www3.bcb.gov.br/ifdata/rest/arquivos?nomeArquivo=ifdata%2F202006%2Finfo202006.json,2026-08-12T00:29:21Z,a1a3eea86081d2c098dbc06c373dfa1510824ea6ce5f83c99ff476df34c2d06e,127520,original,IF.data data-base 202006
data_raw/ifdata/202006/sel202006.json,BCB/IF.data,https://www3.bcb.gov.br/ifdata/rest/arquivos?nomeArquivo=ifdata%2F202006%2Fsel202006.json,2026-08-12T00:29:22Z,eda10a191d168a660d568e78d818f19222951f2859e2c83ea3e01f818c4f3538,559,original,IF.data data-base 202006
data_raw/ifdata/202006/trel202006_100.json,BCB/IF.data,https://www3.bcb.gov.br/ifdata/rest/arquivos?nomeArquivo=ifdata%2F202006%2Ftrel202006_100.json,2026-08-12T00:29:22Z,bd7436fb5a998a68472a6a0bd09396f5e8806a56fa3ae4f909745ef94ddb36e8,6500,original,IF.data data-base 202006
data_raw/ifdata/202006/trel202006_101.json,BCB/IF.data,https://www3.bcb.gov.br/ifdata/rest/arquivos?nomeArquivo=ifdata%2F202006%2Ftrel202006_101.json,2026-08-12T00:29:23Z,43cc4e28a8f78d9920eccd52f6f61fb29764e0574d490a184a1c5bcba40825c3,6644,original,IF.data data-base 202006
data_raw/ifdata/202006/trel202006_3.json,BCB/IF.data,https://www3.bcb.gov.br/ifdata/rest/arquivos?nomeArquivo=ifdata%2F202006%2Ftrel202006_3.json,2026-08-12T00:29:24Z,45abdd692b182fd33d5bbb184d9bba7af343572bdbda484f5093184ce54da31c,5993,original,IF.data data-base 202006
data_raw/ifdata/202006/trel202006_6.json,BCB/IF.data,https://www3.bcb.gov.br/ifdata/rest/arquivos?nomeArquivo=ifdata%2F202006%2Ftrel202006_6.json,2026-08-12T00:29:24Z,75fe29a5ca8f9f3d741e332f2a4bb99e247ddeec6f7bec9b451e2b89b59fd9c7,8982,original,IF.data data-base 202006
data_raw/ifdata/202006/trel202006_62.json,BCB/IF.data,https://www3.bcb.gov.br/ifdata/rest/arquivos?nomeArquivo=ifdata%2F202006%2Ftrel202006_62.json,2026-08-12T00:29:25Z,e7f38bce2480c0092a91866959d43e8ca67679be94a5dd486cd6996dc0944346,24012,original,IF.data data-base 202006
data_raw/ifdata/202006/trel202006_64.json,BCB/IF.data,https://www3.bcb.gov.br/ifdata/rest/arquivos?nomeArquivo=ifdata%2F202006%2Ftrel202006_64.json,2026-08-12T00:29:26Z,7adf56d3b2e54dbbe19e88f2984ee07be6e05fdcaca79da7af7ab6da89e9def8,6160,original,IF.data data-base 202006
data_raw/ifdata/202006/trel202006_65.json,BCB/IF.data,https://www3.bcb.gov.br/ifdata/rest/arquivos?nomeArquivo=ifdata%2F202006%2Ftrel202006_65.json,2026-08-12T00:29:26Z,76869317bbac19537c992f2e84d715f7da3ab2a74789d44bb085964253139c22,10764,original,IF.data data-base 202006
data_raw/ifdata/202006/trel202006_66.json,BCB/IF.data,https://www3.bcb.gov.br/ifdata/rest/arquivos?nomeArquivo=ifdata%2F202006%2Ftrel202006_66.json,2026-08-12T00:29:27Z,d3d72586f32c526f87ea7a889f63934cba00c0dd290ee7ff5b2627ff4479e1a3,6886,original,IF.data data-base 202006
data_raw/ifdata/202006/trel202006_67.json,BCB/IF.data,https://www3.bcb.gov.br/ifdata/rest/arquivos?nomeArquivo=ifdata%2F202006%2Ftrel202006_67.json,2026-08-12T00:29:27Z,dcc7e4f9cddcd2cb4093a611192f38c8ee57af68676597c15af5d86c1593591e,7783,original,IF.data data-base 202006
data_raw/ifdata/202006/trel202006_68.json,BCB/IF.data,https://www3.bcb.gov.br/ifdata/rest/arquivos?nomeArquivo=ifdata%2F202006%2Ftrel202006_68.json,2026-08-12T00:29:28Z,1e81bde026f21979d2b0377960c5ae5bea158e351554a7739bfd8563578c6fed,6957,original,IF.data data-base 202006
data_raw/ifdata/202006/trel202006_70.json,BCB/IF.data,https://www3.bcb.gov.br/ifdata/rest/arquivos?nomeArquivo=ifdata%2F202006%2Ftrel202006_70.json,2026-08-12T00:29:29Z,f503b11c02613d39af42e53d7acdd3175c8fcea3a3a248964700706fffa68239,6171,original,IF.data data-base 202006
data_raw/ifdata/202006/trel202006_71.json,BCB/IF.data,https://www3.bcb.gov.br/ifdata/rest/arquivos?nomeArquivo=ifdata%2F202006%2Ftrel202006_71.json,2026-08-12T00:29:29Z,b610c4090276cc904d4fc6d0bb8a74a6054501daabf492f1d6c1e25723c47853,28435,original,IF.data data-base 202006
data_raw/ifdata/202006/trel202006_73.json,BCB/IF.data,https://www3.bcb.gov.br/ifdata/rest/arquivos?nomeArquivo=ifdata%2F202006%2Ftrel202006_73.json,2026-08-12T00:29:30Z,299cd10a8fe6ac01a89b03ac29694f0c77c043e0a2e4260de1ef5656475ad8a4,30010,original,IF.data data-base 202006
data_raw/ifdata/202006/trel202006_77.json,BCB/IF.data,https://www3.bcb.gov.br/ifdata/rest/arquivos?nomeArquivo=ifdata%2F202006%2Ftrel202006_77.json,2026-08-12T00:29:30Z,9acc98bba684acb7a7524a0db8a587079bb3b5be25919bfea3dc273e3d599447,5752,original,IF.data data-base 202006
data_raw/ifdata/202006/trel202006_80.json,BCB/IF.data,https://www3.bcb.gov.br/ifdata/rest/arquivos?nomeArquivo=ifdata%2F202006%2Ftrel202006_80.json,2026-08-12T00:29:31Z,eea8e561240a2bc704c3b6e630f392b50e2cd126eebbfd0082df73d45e6bacf6,5290,original,IF.data data-base 202006
data_raw/ifdata/202006/trel202006_81.json,BCB/IF.data,https://www3.bcb.gov.br/ifdata/rest/arquivos?nomeArquivo=ifdata%2F202006%2Ftrel202006_81.json,2026-08-12T00:29:32Z,19ae337bacb5a24d723bae2d220beb9ab21f98b70c399753beaf8a625bfb8818,5139,original,IF.data data-base 202006
data_raw/ifdata/202006/trel202006_90.json,BCB/IF.data,https://www3.bcb.gov.br/ifdata/rest/arquivos?nomeArquivo=ifdata%2F202006%2Ftrel202006_90.json,2026-08-12T00:29:32Z,fb1301952cb7eda23600b6b8fa206b0c4f3c0877cd4d239a3d08b7c6b15d47c1,8103,original,IF.data data-base 202006
data_raw/ifdata/202006/trel202006_91.json,BCB/IF.data,https://www3.bcb.gov.br/ifdata/rest/arquivos?nomeArquivo=ifdata%2F202006%2Ftrel202006_91.json,2026-08-12T00:29:33Z,f94ef85905d5e3a6baed8b6a977e6c685bdc1169363bf5fa19a8145e26ce6656,8860,original,IF.data data-base 202006
data_raw/ifdata/202006/trel202006_92.json,BCB/IF.data,https://www3.bcb.gov.br/ifdata/rest/arquivos?nomeArquivo=ifdata%2F202006%2Ftrel202006_92.json,2026-08-12T00:29:33Z,12feaaa9e7bfcedd3660b6ade0ac8c9de23995683ad5a42b40b7fa30ab2aaa7e,6519,original,IF.data data-base 202006
data_raw/ifdata/202006/trel202006_93.json,BCB/IF.data,https://www3.bcb.gov.br/ifdata/rest/arquivos?nomeArquivo=ifdata%2F202006%2Ftrel202006_93.json,2026-08-12T00:29:34Z,6b2e3576f16d664baa76aa909c9debabd3a7528127c11d9821ddb21bbd689292,6375,original,IF.data data-base 202006
data_raw/ifdata/202006/trel202006_94.json,BCB/IF.data,https://www3.bcb.gov.br/ifdata/rest/arquivos?nomeArquivo=ifdata%2F202006%2Ftrel202006_94.json,2026-08-12T00:29:35Z,084b7b36ad9e586e7f42ab91de0d3665336d99e9f2c592a965cbde798d8818ce,8665,original,IF.data data-base 202006
data_raw/ifdata/202006/trel202006_95.json,BCB/IF.data,https://www3.bcb.gov.br/ifdata/rest/arquivos?nomeArquivo=ifdata%2F202006%2Ftrel202006_95.json,2026-08-12T00:29:35Z,dabc319ae01a00ae08c2cfbe6c21f25bfbd5cb7269bcaa53d6b51e482442ad88,6889,original,IF.data data-base 202006
data_raw/ifdata/202006/trel202006_96.json,BCB/IF.data,https://www3.bcb.gov.br/ifdata/rest/arquivos?nomeArquivo=ifdata%2F202006%2Ftrel202006_96.json,2026-08-12T00:29:36Z,1943126677efa3f13ab671368d5caf56e1670a6d30f97d860af3536d62ef7042,5943,original,IF.data data-base 202006
data_raw/ifdata/202006/trel202006_98.json,BCB/IF.data,https://www3.bcb.gov.br/ifdata/rest/arquivos?nomeArquivo=ifdata%2F202006%2Ftrel202006_98.json,2026-08-12T00:29:36Z,021d0900745a2f98f9dad4bca33b0760ee7fcf79000692f42a5905372cb822f8,8808,original,IF.data data-base 202006
data_raw/ifdata/202006/trel202006_99.json,BCB/IF.data,https://www3.bcb.gov.br/ifdata/rest/arquivos?nomeArquivo=ifdata%2F202006%2Ftrel202006_99.json,2026-08-12T00:29:37Z,21913679e0a7d5f908af3994ba1b24131121abe77c635073021462c2c0e0cea8,6694,original,IF.data data-base 202006
data_raw/ifdata/202009/cadastro202009_1005.json,BCB/IF.data,https://www3.bcb.gov.br/ifdata/rest/arquivos?nomeArquivo=ifdata%2F202009%2Fcadastro202009_1005.json,2026-08-12T00:29:38Z,93a2487ef798d275a5a88e32f1fa07ef63ee835f08c8efbaa07e7ecbb3ee3cdc,592123,original,IF.data data-base 202009 tipo 1005
data_raw/ifdata/202009/dados202009_1.json.gz,BCB/IF.data,https://www3.bcb.gov.br/ifdata/rest/arquivos?nomeArquivo=ifdata%2F202009%2Fdados202009_1.json,2026-08-12T00:29:40Z,0ec08dadb39c80d015df09a5fd758638f4fe7a0d4786ceec201dafc7168b3afa,7624043,gzip do original,IF.data data-base 202009
data_raw/ifdata/202009/dados202009_2.json.gz,BCB/IF.data,https://www3.bcb.gov.br/ifdata/rest/arquivos?nomeArquivo=ifdata%2F202009%2Fdados202009_2.json,2026-08-12T00:29:41Z,27c6fb310b5c132e2dbf3834f7a9fa96ee205828d7a2d01b2f093bb07d315f46,177447,gzip do original,IF.data data-base 202009
data_raw/ifdata/202009/dados202009_3.json.gz,BCB/IF.data,https://www3.bcb.gov.br/ifdata/rest/arquivos?nomeArquivo=ifdata%2F202009%2Fdados202009_3.json,2026-08-12T00:29:45Z,b89e0adcd2f4e6a47d0373414f0ba00213c318c5c600b5ad66ee7571381ce6e2,7067701,gzip do original,IF.data data-base 202009
data_raw/ifdata/202009/dados202009_4.json.gz,BCB/IF.data,https://www3.bcb.gov.br/ifdata/rest/arquivos?nomeArquivo=ifdata%2F202009%2Fdados202009_4.json,2026-08-12T00:29:45Z,3bbb02e57953687eba72a667d2d9eb44872078d7c7f2b68f46e2ca3de269d5ed,80162,gzip do original,IF.data data-base 202009
data_raw/ifdata/202009/info202009.json,BCB/IF.data,https://www3.bcb.gov.br/ifdata/rest/arquivos?nomeArquivo=ifdata%2F202009%2Finfo202009.json,2026-08-12T00:29:46Z,a1a3eea86081d2c098dbc06c373dfa1510824ea6ce5f83c99ff476df34c2d06e,127520,original,IF.data data-base 202009
data_raw/ifdata/202009/sel202009.json,BCB/IF.data,https://www3.bcb.gov.br/ifdata/rest/arquivos?nomeArquivo=ifdata%2F202009%2Fsel202009.json,2026-08-12T00:29:46Z,eda10a191d168a660d568e78d818f19222951f2859e2c83ea3e01f818c4f3538,559,original,IF.data data-base 202009
data_raw/ifdata/202009/trel202009_100.json,BCB/IF.data,https://www3.bcb.gov.br/ifdata/rest/arquivos?nomeArquivo=ifdata%2F202009%2Ftrel202009_100.json,2026-08-12T00:29:47Z,d8a8e740a47c4e1eb89868a895a8a37a969b78fbe7498c4aa72f3d9067c8f9fa,6501,original,IF.data data-base 202009
data_raw/ifdata/202009/trel202009_101.json,BCB/IF.data,https://www3.bcb.gov.br/ifdata/rest/arquivos?nomeArquivo=ifdata%2F202009%2Ftrel202009_101.json,2026-08-12T00:29:48Z,7176540ae42901d8a248f03e60b1ac091422ef652c8f3c0cb457c44e41aeefbb,6645,original,IF.data data-base 202009
data_raw/ifdata/202009/trel202009_3.json,BCB/IF.data,https://www3.bcb.gov.br/ifdata/rest/arquivos?nomeArquivo=ifdata%2F202009%2Ftrel202009_3.json,2026-08-12T00:29:48Z,7a0f3c250c33257d15c6d0d5e23b56750533e5e1b065c444a15aeb65aa4f3e00,5994,original,IF.data data-base 202009
data_raw/ifdata/202009/trel202009_6.json,BCB/IF.data,https://www3.bcb.gov.br/ifdata/rest/arquivos?nomeArquivo=ifdata%2F202009%2Ftrel202009_6.json,2026-08-12T00:29:49Z,9f4748a6e9bc1a54e4458ccbc73083d8bc23eddcfe7dd8697a3c0f4e1d66db81,8983,original,IF.data data-base 202009
data_raw/ifdata/202009/trel202009_62.json,BCB/IF.data,https://www3.bcb.gov.br/ifdata/rest/arquivos?nomeArquivo=ifdata%2F202009%2Ftrel202009_62.json,2026-08-12T00:29:50Z,e0b9042158938bc63c4d8dc3d0c5c6f41c884e58908f8d4c49e7cfabb0bca94a,24013,original,IF.data data-base 202009
data_raw/ifdata/202009/trel202009_64.json,BCB/IF.data,https://www3.bcb.gov.br/ifdata/rest/arquivos?nomeArquivo=ifdata%2F202009%2Ftrel202009_64.json,2026-08-12T00:29:50Z,bb074aee9442d10752f5a74812c437861652da10dc830d0f003688d7eafe70d9,6161,original,IF.data data-base 202009
data_raw/ifdata/202009/trel202009_65.json,BCB/IF.data,https://www3.bcb.gov.br/ifdata/rest/arquivos?nomeArquivo=ifdata%2F202009%2Ftrel202009_65.json,2026-08-12T00:29:51Z,be60ea78ddd242ed8ab0f21a212273967475d9960fd3f929f5caa0814078cf86,10765,original,IF.data data-base 202009
data_raw/ifdata/202009/trel202009_66.json,BCB/IF.data,https://www3.bcb.gov.br/ifdata/rest/arquivos?nomeArquivo=ifdata%2F202009%2Ftrel202009_66.json,2026-08-12T00:29:51Z,1994f6c45219413a4f8e4f5a79d9595da074ec93e1b355f0552e121ae5f3f2a7,6887,original,IF.data data-base 202009
data_raw/ifdata/202009/trel202009_67.json,BCB/IF.data,https://www3.bcb.gov.br/ifdata/rest/arquivos?nomeArquivo=ifdata%2F202009%2Ftrel202009_67.json,2026-08-12T00:29:52Z,0a03aba8b33286ac8e35d4c1a3c8e31b04f5ecdc4fd96c20ab5e5fbbdcbe2d3d,7784,original,IF.data data-base 202009
data_raw/ifdata/202009/trel202009_68.json,BCB/IF.data,https://www3.bcb.gov.br/ifdata/rest/arquivos?nomeArquivo=ifdata%2F202009%2Ftrel202009_68.json,2026-08-12T00:29:53Z,1583180e9ab246e96de0a49d9aa01b50f34d392c933ce346ab2097a2969bdd34,6958,original,IF.data data-base 202009
data_raw/ifdata/202009/trel202009_70.json,BCB/IF.data,https://www3.bcb.gov.br/ifdata/rest/arquivos?nomeArquivo=ifdata%2F202009%2Ftrel202009_70.json,2026-08-12T00:29:53Z,f19804fc082315d46e7ba5c4ac09420353e20c36094e527ce1df813223ac64d1,6172,original,IF.data data-base 202009
data_raw/ifdata/202009/trel202009_71.json,BCB/IF.data,https://www3.bcb.gov.br/ifdata/rest/arquivos?nomeArquivo=ifdata%2F202009%2Ftrel202009_71.json,2026-08-12T00:29:54Z,f9b17bf084d49a9bb288b9d7d88a5af505667d23b925d90eb3c766a19078484f,28436,original,IF.data data-base 202009
data_raw/ifdata/202009/trel202009_73.json,BCB/IF.data,https://www3.bcb.gov.br/ifdata/rest/arquivos?nomeArquivo=ifdata%2F202009%2Ftrel202009_73.json,2026-08-12T00:29:55Z,d44e9dc974141c737c33e248b0871c92697d177b402d1ecc068623ed44b938ac,30011,original,IF.data data-base 202009
data_raw/ifdata/202009/trel202009_77.json,BCB/IF.data,https://www3.bcb.gov.br/ifdata/rest/arquivos?nomeArquivo=ifdata%2F202009%2Ftrel202009_77.json,2026-08-12T00:29:56Z,61eda60adcd53e12205e9b5f2a518931c6f0ed18602a137689903763e8f28a9e,5753,original,IF.data data-base 202009
data_raw/ifdata/202009/trel202009_80.json,BCB/IF.data,https://www3.bcb.gov.br/ifdata/rest/arquivos?nomeArquivo=ifdata%2F202009%2Ftrel202009_80.json,2026-08-12T00:29:57Z,eea8e561240a2bc704c3b6e630f392b50e2cd126eebbfd0082df73d45e6bacf6,5290,original,IF.data data-base 202009
data_raw/ifdata/202009/trel202009_81.json,BCB/IF.data,https://www3.bcb.gov.br/ifdata/rest/arquivos?nomeArquivo=ifdata%2F202009%2Ftrel202009_81.json,2026-08-12T00:29:58Z,5175c3fd62315e5607c850e31521200010657f92a0f47924a7f87752879657c4,5140,original,IF.data data-base 202009
data_raw/ifdata/202009/trel202009_90.json,BCB/IF.data,https://www3.bcb.gov.br/ifdata/rest/arquivos?nomeArquivo=ifdata%2F202009%2Ftrel202009_90.json,2026-08-12T00:29:58Z,9395ffcf254580b4cc4b1c51a440dea3f8408121af93b9048db5f2d00714e385,8104,original,IF.data data-base 202009
data_raw/ifdata/202009/trel202009_91.json,BCB/IF.data,https://www3.bcb.gov.br/ifdata/rest/arquivos?nomeArquivo=ifdata%2F202009%2Ftrel202009_91.json,2026-08-12T00:30:00Z,566c6db4b247d97f1c64b3c3d6182ced4ad2c4f56bd4d8da8d56fedb498f289b,8861,original,IF.data data-base 202009
data_raw/ifdata/202009/trel202009_92.json,BCB/IF.data,https://www3.bcb.gov.br/ifdata/rest/arquivos?nomeArquivo=ifdata%2F202009%2Ftrel202009_92.json,2026-08-12T00:30:00Z,894675955d76f1e84688e9e9a3caf6701973c051e321b0e3e899f995d4dd4922,6520,original,IF.data data-base 202009
data_raw/ifdata/202009/trel202009_93.json,BCB/IF.data,https://www3.bcb.gov.br/ifdata/rest/arquivos?nomeArquivo=ifdata%2F202009%2Ftrel202009_93.json,2026-08-12T00:30:01Z,bad1d0abae3077d3fe29bb741cd5a2b20a232171c1ff1ff8830bc43a1d2dad98,6376,original,IF.data data-base 202009
data_raw/ifdata/202009/trel202009_94.json,BCB/IF.data,https://www3.bcb.gov.br/ifdata/rest/arquivos?nomeArquivo=ifdata%2F202009%2Ftrel202009_94.json,2026-08-12T00:30:02Z,4afcf4013cb927a7d3dfc763293d05872029f7b400d1410a673cfc5576fc18dd,8666,original,IF.data data-base 202009
data_raw/ifdata/202009/trel202009_95.json,BCB/IF.data,https://www3.bcb.gov.br/ifdata/rest/arquivos?nomeArquivo=ifdata%2F202009%2Ftrel202009_95.json,2026-08-12T00:30:03Z,94d9918e4d53996a5eee0fe8550fbce19cf44b87007129cf72596f5fb10c5467,6890,original,IF.data data-base 202009
data_raw/ifdata/202009/trel202009_96.json,BCB/IF.data,https://www3.bcb.gov.br/ifdata/rest/arquivos?nomeArquivo=ifdata%2F202009%2Ftrel202009_96.json,2026-08-12T00:30:04Z,0ad8b4a3a7dba87fe77558fd384caeb2c91d2ee50196cfc8a26352d147f7421a,5944,original,IF.data data-base 202009
data_raw/ifdata/202009/trel202009_98.json,BCB/IF.data,https://www3.bcb.gov.br/ifdata/rest/arquivos?nomeArquivo=ifdata%2F202009%2Ftrel202009_98.json,2026-08-12T00:30:05Z,61c7872381382731ee0be25918db3fb354be7dbfe94e2e682f22c35d9907059d,8809,original,IF.data data-base 202009
data_raw/ifdata/202009/trel202009_99.json,BCB/IF.data,https://www3.bcb.gov.br/ifdata/rest/arquivos?nomeArquivo=ifdata%2F202009%2Ftrel202009_99.json,2026-08-12T00:30:06Z,4c202e15de85394cf5aeb817385c720783d8390b1fc5b31c6d1afdfa174070c8,6695,original,IF.data data-base 202009
data_raw/ifdata/202012/cadastro202012_1005.json,BCB/IF.data,https://www3.bcb.gov.br/ifdata/rest/arquivos?nomeArquivo=ifdata%2F202012%2Fcadastro202012_1005.json,2026-08-12T00:30:07Z,6e21080ffc903f7bbcfb28995aae27fc5c8f1873d160c365640c70400be4ee7d,595112,original,IF.data data-base 202012 tipo 1005
data_raw/ifdata/202012/dados202012_1.json.gz,BCB/IF.data,https://www3.bcb.gov.br/ifdata/rest/arquivos?nomeArquivo=ifdata%2F202012%2Fdados202012_1.json,2026-08-12T00:30:09Z,6fa0303c032a610432916b16e66addce163c12053e6bcfc2332073dd456b03ca,7143523,gzip do original,IF.data data-base 202012
data_raw/ifdata/202012/dados202012_2.json.gz,BCB/IF.data,https://www3.bcb.gov.br/ifdata/rest/arquivos?nomeArquivo=ifdata%2F202012%2Fdados202012_2.json,2026-08-12T00:30:09Z,95cd23c4f5594505807394cb6dbedc4b1c904cfb1f4c8178b44862d47f8834ab,234205,gzip do original,IF.data data-base 202012
data_raw/ifdata/202012/dados202012_3.json.gz,BCB/IF.data,https://www3.bcb.gov.br/ifdata/rest/arquivos?nomeArquivo=ifdata%2F202012%2Fdados202012_3.json,2026-08-12T00:30:13Z,dbdcedc00d7f8e660def36152a213e5a6dc5c716b5d9b08a05a02d79d5ed64a1,7118916,gzip do original,IF.data data-base 202012
data_raw/ifdata/202012/dados202012_4.json.gz,BCB/IF.data,https://www3.bcb.gov.br/ifdata/rest/arquivos?nomeArquivo=ifdata%2F202012%2Fdados202012_4.json,2026-08-12T00:30:14Z,dccb0b54783b194238ab604b2ff06c81add5917adbaae2f65fcd9d48d5da2812,80452,gzip do original,IF.data data-base 202012
data_raw/ifdata/202012/info202012.json,BCB/IF.data,https://www3.bcb.gov.br/ifdata/rest/arquivos?nomeArquivo=ifdata%2F202012%2Finfo202012.json,2026-08-12T00:30:14Z,111455c846a0181dd0c806a701c24c3c3c4aa91a37124c86e91d1b94633764b4,128506,original,IF.data data-base 202012
data_raw/ifdata/202012/sel202012.json,BCB/IF.data,https://www3.bcb.gov.br/ifdata/rest/arquivos?nomeArquivo=ifdata%2F202012%2Fsel202012.json,2026-08-12T00:30:15Z,eda10a191d168a660d568e78d818f19222951f2859e2c83ea3e01f818c4f3538,559,original,IF.data data-base 202012
data_raw/ifdata/202012/trel202012_100.json,BCB/IF.data,https://www3.bcb.gov.br/ifdata/rest/arquivos?nomeArquivo=ifdata%2F202012%2Ftrel202012_100.json,2026-08-12T00:30:16Z,765c144e54f2b1578aab571dc7aff362c983ce06cf9e841c2baf6ab17bc4c5eb,7504,original,IF.data data-base 202012
data_raw/ifdata/202012/trel202012_101.json,BCB/IF.data,https://www3.bcb.gov.br/ifdata/rest/arquivos?nomeArquivo=ifdata%2F202012%2Ftrel202012_101.json,2026-08-12T00:30:17Z,3ea7b1fb9f901a232f26e3f06ed056cc6fcd9621ea7fb1c5935da161e3d3e8bc,6645,original,IF.data data-base 202012
data_raw/ifdata/202012/trel202012_3.json,BCB/IF.data,https://www3.bcb.gov.br/ifdata/rest/arquivos?nomeArquivo=ifdata%2F202012%2Ftrel202012_3.json,2026-08-12T00:30:18Z,fd0175480dce1f74e287041bcadff26cde52cabf48711cee9e7e82f4e7c79a88,5994,original,IF.data data-base 202012
data_raw/ifdata/202012/trel202012_6.json,BCB/IF.data,https://www3.bcb.gov.br/ifdata/rest/arquivos?nomeArquivo=ifdata%2F202012%2Ftrel202012_6.json,2026-08-12T00:30:19Z,b0c58b8159d43e6156e2cbf619157d43a1fe378e99f075bd7d46579d3c27d29d,8983,original,IF.data data-base 202012
data_raw/ifdata/202012/trel202012_62.json,BCB/IF.data,https://www3.bcb.gov.br/ifdata/rest/arquivos?nomeArquivo=ifdata%2F202012%2Ftrel202012_62.json,2026-08-12T00:30:19Z,d8743b4fd61d06b2ec3fe8550066ea27e51a246ff7f46968c8a05ff0a3e05d1f,24013,original,IF.data data-base 202012
data_raw/ifdata/202012/trel202012_64.json,BCB/IF.data,https://www3.bcb.gov.br/ifdata/rest/arquivos?nomeArquivo=ifdata%2F202012%2Ftrel202012_64.json,2026-08-12T00:30:20Z,6b49c3f3cf0d676d52732908cd19c805669fa2f244ed80cb8bbfff51ce957445,6161,original,IF.data data-base 202012
data_raw/ifdata/202012/trel202012_65.json,BCB/IF.data,https://www3.bcb.gov.br/ifdata/rest/arquivos?nomeArquivo=ifdata%2F202012%2Ftrel202012_65.json,2026-08-12T00:30:21Z,52810f4c81860b8fe2da1ce7d95c9e0273342367a7782b1d07a8f0e9d393039a,10765,original,IF.data data-base 202012
data_raw/ifdata/202012/trel202012_66.json,BCB/IF.data,https://www3.bcb.gov.br/ifdata/rest/arquivos?nomeArquivo=ifdata%2F202012%2Ftrel202012_66.json,2026-08-12T00:30:21Z,f3b62ce8bd53f96a8c293272970237d47007cd41c577808e7a88cd326390809a,6887,original,IF.data data-base 202012
data_raw/ifdata/202012/trel202012_67.json,BCB/IF.data,https://www3.bcb.gov.br/ifdata/rest/arquivos?nomeArquivo=ifdata%2F202012%2Ftrel202012_67.json,2026-08-12T00:30:22Z,a4715a7908dbc03592e9913ea1a6fdafa16ee102db55cd049df8d62874db7344,7784,original,IF.data data-base 202012
data_raw/ifdata/202012/trel202012_68.json,BCB/IF.data,https://www3.bcb.gov.br/ifdata/rest/arquivos?nomeArquivo=ifdata%2F202012%2Ftrel202012_68.json,2026-08-12T00:30:23Z,4dd3c0db3cbd385b20be5d8652c28bb747cd63a65f345570f1f9c8208533409b,6958,original,IF.data data-base 202012
data_raw/ifdata/202012/trel202012_70.json,BCB/IF.data,https://www3.bcb.gov.br/ifdata/rest/arquivos?nomeArquivo=ifdata%2F202012%2Ftrel202012_70.json,2026-08-12T00:30:23Z,b47105f5d37c281d4ff8299fe7b7cc392dafbf0759c15d19a2a61b2bd096ca01,6172,original,IF.data data-base 202012
data_raw/ifdata/202012/trel202012_71.json,BCB/IF.data,https://www3.bcb.gov.br/ifdata/rest/arquivos?nomeArquivo=ifdata%2F202012%2Ftrel202012_71.json,2026-08-12T00:30:24Z,183872aba9b67cf0da84d3d5e061055023ac109e76988a6a94ed13895630da15,28436,original,IF.data data-base 202012
data_raw/ifdata/202012/trel202012_73.json,BCB/IF.data,https://www3.bcb.gov.br/ifdata/rest/arquivos?nomeArquivo=ifdata%2F202012%2Ftrel202012_73.json,2026-08-12T00:30:24Z,311025cbc72f9097104e884de923ff0c667d87255a8bacbde79011c41c3d54fb,30011,original,IF.data data-base 202012
data_raw/ifdata/202012/trel202012_77.json,BCB/IF.data,https://www3.bcb.gov.br/ifdata/rest/arquivos?nomeArquivo=ifdata%2F202012%2Ftrel202012_77.json,2026-08-12T00:30:25Z,67fe603369e21698742ff99866cc4ee09a4c5bc5a780ec33d19bf17de1b4581a,6797,original,IF.data data-base 202012
data_raw/ifdata/202012/trel202012_80.json,BCB/IF.data,https://www3.bcb.gov.br/ifdata/rest/arquivos?nomeArquivo=ifdata%2F202012%2Ftrel202012_80.json,2026-08-12T00:30:26Z,5bc7fa1b7db5d43acb1503b52d8cf5838f8f072b5b5ac17c13226e8791250aeb,5290,original,IF.data data-base 202012
data_raw/ifdata/202012/trel202012_81.json,BCB/IF.data,https://www3.bcb.gov.br/ifdata/rest/arquivos?nomeArquivo=ifdata%2F202012%2Ftrel202012_81.json,2026-08-12T00:30:26Z,87874d0234eb1ca15b2c31ede00a8e52b9af7442b7fe0baec7653345d2eb50fd,5140,original,IF.data data-base 202012
data_raw/ifdata/202012/trel202012_90.json,BCB/IF.data,https://www3.bcb.gov.br/ifdata/rest/arquivos?nomeArquivo=ifdata%2F202012%2Ftrel202012_90.json,2026-08-12T00:30:27Z,deff5974166351656c76a47f2a6b1ae199ef16f2c114c00ab0a8c9f14dca7bda,8150,original,IF.data data-base 202012
data_raw/ifdata/202012/trel202012_91.json,BCB/IF.data,https://www3.bcb.gov.br/ifdata/rest/arquivos?nomeArquivo=ifdata%2F202012%2Ftrel202012_91.json,2026-08-12T00:30:27Z,ec3226bfb31bfce5cafe2c2688061009b961475590335059a385e87fc0758aab,8861,original,IF.data data-base 202012
data_raw/ifdata/202012/trel202012_92.json,BCB/IF.data,https://www3.bcb.gov.br/ifdata/rest/arquivos?nomeArquivo=ifdata%2F202012%2Ftrel202012_92.json,2026-08-12T00:30:28Z,b149e3663fdbe5e423a191e3eac4fe2ca7d411c38585bf07d1d9d112716d2439,6558,original,IF.data data-base 202012
data_raw/ifdata/202012/trel202012_93.json,BCB/IF.data,https://www3.bcb.gov.br/ifdata/rest/arquivos?nomeArquivo=ifdata%2F202012%2Ftrel202012_93.json,2026-08-12T00:30:29Z,87e0c4fdf0493222f0feb824cd77a6ea3c7cb72dc7dceea9c40e07c8bf976430,7382,original,IF.data data-base 202012
data_raw/ifdata/202012/trel202012_94.json,BCB/IF.data,https://www3.bcb.gov.br/ifdata/rest/arquivos?nomeArquivo=ifdata%2F202012%2Ftrel202012_94.json,2026-08-12T00:30:29Z,9f955119325f928f8cae4bb6e23f3987f5adc900872ebdc5e04458061efd426e,9766,original,IF.data data-base 202012
data_raw/ifdata/202012/trel202012_95.json,BCB/IF.data,https://www3.bcb.gov.br/ifdata/rest/arquivos?nomeArquivo=ifdata%2F202012%2Ftrel202012_95.json,2026-08-12T00:30:30Z,cb8ce138ebad4ca8ff7625035d6670f03cf44b1a964ecac4c03a960f03424e88,6890,original,IF.data data-base 202012
data_raw/ifdata/202012/trel202012_96.json,BCB/IF.data,https://www3.bcb.gov.br/ifdata/rest/arquivos?nomeArquivo=ifdata%2F202012%2Ftrel202012_96.json,2026-08-12T00:30:30Z,d7415902ab1053e9f7a8d800077febea7979f3f20b6b61b1e52f1b01290d0d87,5944,original,IF.data data-base 202012
data_raw/ifdata/202012/trel202012_98.json,BCB/IF.data,https://www3.bcb.gov.br/ifdata/rest/arquivos?nomeArquivo=ifdata%2F202012%2Ftrel202012_98.json,2026-08-12T00:30:31Z,36a468ccab64d754f895a31462549635865a4423c3d35e08ec304ce767a4214f,8809,original,IF.data data-base 202012
data_raw/ifdata/202012/trel202012_99.json,BCB/IF.data,https://www3.bcb.gov.br/ifdata/rest/arquivos?nomeArquivo=ifdata%2F202012%2Ftrel202012_99.json,2026-08-12T00:30:31Z,8ab44ce9c1206cb324549b0d34993329bb6927e42fe3487fb85ea5c48ee6722c,6695,original,IF.data data-base 202012
data_raw/ifdata/202103/cadastro202103_1005.json,BCB/IF.data,https://www3.bcb.gov.br/ifdata/rest/arquivos?nomeArquivo=ifdata%2F202103%2Fcadastro202103_1005.json,2026-08-12T00:30:32Z,45201507f536dc6a2385cb5b07299c8441ee6175264bfda6f68a9aad4ae9a7c5,594243,original,IF.data data-base 202103 tipo 1005
data_raw/ifdata/202103/dados202103_1.json.gz,BCB/IF.data,https://www3.bcb.gov.br/ifdata/rest/arquivos?nomeArquivo=ifdata%2F202103%2Fdados202103_1.json,2026-08-12T00:30:35Z,72aca6d361333342f57b02851242b49fb1b1e251f12a9f88c07473070ade0eee,7218188,gzip do original,IF.data data-base 202103
data_raw/ifdata/202103/dados202103_2.json.gz,BCB/IF.data,https://www3.bcb.gov.br/ifdata/rest/arquivos?nomeArquivo=ifdata%2F202103%2Fdados202103_2.json,2026-08-12T00:30:36Z,8b997d7aa459fe703881515916e882721ecd4457202bedefb6e14fcc3cd45fc2,237153,gzip do original,IF.data data-base 202103
data_raw/ifdata/202103/dados202103_3.json.gz,BCB/IF.data,https://www3.bcb.gov.br/ifdata/rest/arquivos?nomeArquivo=ifdata%2F202103%2Fdados202103_3.json,2026-08-12T00:30:39Z,295749734255d687c31ae38126ee01cc0c0bf208f6fe6b573d9e585f2156bfa2,7405596,gzip do original,IF.data data-base 202103
data_raw/ifdata/202103/dados202103_4.json.gz,BCB/IF.data,https://www3.bcb.gov.br/ifdata/rest/arquivos?nomeArquivo=ifdata%2F202103%2Fdados202103_4.json,2026-08-12T00:30:41Z,94b3120051ded750b952cd04fe56b087a706ab956c8ab253970090c4f865905e,80871,gzip do original,IF.data data-base 202103
data_raw/ifdata/202103/info202103.json,BCB/IF.data,https://www3.bcb.gov.br/ifdata/rest/arquivos?nomeArquivo=ifdata%2F202103%2Finfo202103.json,2026-08-12T00:30:41Z,111455c846a0181dd0c806a701c24c3c3c4aa91a37124c86e91d1b94633764b4,128506,original,IF.data data-base 202103
data_raw/ifdata/202103/sel202103.json,BCB/IF.data,https://www3.bcb.gov.br/ifdata/rest/arquivos?nomeArquivo=ifdata%2F202103%2Fsel202103.json,2026-08-12T00:30:42Z,eda10a191d168a660d568e78d818f19222951f2859e2c83ea3e01f818c4f3538,559,original,IF.data data-base 202103
data_raw/ifdata/202103/trel202103_100.json,BCB/IF.data,https://www3.bcb.gov.br/ifdata/rest/arquivos?nomeArquivo=ifdata%2F202103%2Ftrel202103_100.json,2026-08-12T00:30:43Z,cdef9205fef336d90931560d12d6046b6880719a32ce25bf90b86de5d167b096,7504,original,IF.data data-base 202103
data_raw/ifdata/202103/trel202103_101.json,BCB/IF.data,https://www3.bcb.gov.br/ifdata/rest/arquivos?nomeArquivo=ifdata%2F202103%2Ftrel202103_101.json,2026-08-12T00:30:44Z,580cba0cbcf2237f2a240d0f033efbc499dd88a433333630112b13d0b9ce9a94,6645,original,IF.data data-base 202103
data_raw/ifdata/202103/trel202103_3.json,BCB/IF.data,https://www3.bcb.gov.br/ifdata/rest/arquivos?nomeArquivo=ifdata%2F202103%2Ftrel202103_3.json,2026-08-12T00:30:45Z,8704086b8d21e27df9e48da3cdc6174bd6f722808ca6e4b0b7fa585dca4f9387,5994,original,IF.data data-base 202103
data_raw/ifdata/202103/trel202103_6.json,BCB/IF.data,https://www3.bcb.gov.br/ifdata/rest/arquivos?nomeArquivo=ifdata%2F202103%2Ftrel202103_6.json,2026-08-12T00:30:46Z,8f69f07ca40092854c1dc1157754c9d372acda9456da67641f245ad7fe68ca06,8983,original,IF.data data-base 202103
data_raw/ifdata/202103/trel202103_62.json,BCB/IF.data,https://www3.bcb.gov.br/ifdata/rest/arquivos?nomeArquivo=ifdata%2F202103%2Ftrel202103_62.json,2026-08-12T00:30:47Z,397bd60b6ae5fd120c2182c37f6ef4091dcdd1c0e0dd4da7f0daab3031a50fb0,24013,original,IF.data data-base 202103
data_raw/ifdata/202103/trel202103_64.json,BCB/IF.data,https://www3.bcb.gov.br/ifdata/rest/arquivos?nomeArquivo=ifdata%2F202103%2Ftrel202103_64.json,2026-08-12T00:30:47Z,6a371acb353cc642f96e03cff212587c267fce5dee6f8d25e4223cb3af9a92f2,6161,original,IF.data data-base 202103
data_raw/ifdata/202103/trel202103_65.json,BCB/IF.data,https://www3.bcb.gov.br/ifdata/rest/arquivos?nomeArquivo=ifdata%2F202103%2Ftrel202103_65.json,2026-08-12T00:30:48Z,8271e9214ba5e3b5295dbc1feb8a19304d5ce4a7ae542163921ef781afff25a3,10765,original,IF.data data-base 202103
data_raw/ifdata/202103/trel202103_66.json,BCB/IF.data,https://www3.bcb.gov.br/ifdata/rest/arquivos?nomeArquivo=ifdata%2F202103%2Ftrel202103_66.json,2026-08-12T00:30:49Z,8034caf5b772b9c0f47c90009e9ec7277ff80705c2291e379d6d257ea0d18c1e,6887,original,IF.data data-base 202103
data_raw/ifdata/202103/trel202103_67.json,BCB/IF.data,https://www3.bcb.gov.br/ifdata/rest/arquivos?nomeArquivo=ifdata%2F202103%2Ftrel202103_67.json,2026-08-12T00:30:50Z,821455fb1416a53bd8c781bdb4d4afc011e0630af0d860cb44009ee407aa6ded,7784,original,IF.data data-base 202103
data_raw/ifdata/202103/trel202103_68.json,BCB/IF.data,https://www3.bcb.gov.br/ifdata/rest/arquivos?nomeArquivo=ifdata%2F202103%2Ftrel202103_68.json,2026-08-12T00:30:51Z,3efd4ee562f6acd26dd4c6e9681cccd8b72549231b819ac02e804a4e1ac9da19,6958,original,IF.data data-base 202103
data_raw/ifdata/202103/trel202103_70.json,BCB/IF.data,https://www3.bcb.gov.br/ifdata/rest/arquivos?nomeArquivo=ifdata%2F202103%2Ftrel202103_70.json,2026-08-12T00:30:52Z,5b58af531e7facbf11537a70330bade6e90d90bd3a9d3b926d53f94299af20d6,6172,original,IF.data data-base 202103
data_raw/ifdata/202103/trel202103_71.json,BCB/IF.data,https://www3.bcb.gov.br/ifdata/rest/arquivos?nomeArquivo=ifdata%2F202103%2Ftrel202103_71.json,2026-08-12T00:30:53Z,214b59e074eb2e4f0c6e142e3d3e1740d448411659a377694a3fcaf73a3d522a,28619,original,IF.data data-base 202103
data_raw/ifdata/202103/trel202103_73.json,BCB/IF.data,https://www3.bcb.gov.br/ifdata/rest/arquivos?nomeArquivo=ifdata%2F202103%2Ftrel202103_73.json,2026-08-12T00:30:53Z,b96e6ca466fd558ec310532b831756da3c8e3a5270a2a1dc15779247592423c6,30011,original,IF.data data-base 202103
data_raw/ifdata/202103/trel202103_77.json,BCB/IF.data,https://www3.bcb.gov.br/ifdata/rest/arquivos?nomeArquivo=ifdata%2F202103%2Ftrel202103_77.json,2026-08-12T00:30:54Z,cdee639e718086ba1a4437354a354edcefa9b27f03777db1dc79548bdca88613,6797,original,IF.data data-base 202103
data_raw/ifdata/202103/trel202103_80.json,BCB/IF.data,https://www3.bcb.gov.br/ifdata/rest/arquivos?nomeArquivo=ifdata%2F202103%2Ftrel202103_80.json,2026-08-12T00:30:55Z,87f6bb93896601c87e74c040544b50f151350b37f4c8c8b729782d41651d3413,5290,original,IF.data data-base 202103
data_raw/ifdata/202103/trel202103_81.json,BCB/IF.data,https://www3.bcb.gov.br/ifdata/rest/arquivos?nomeArquivo=ifdata%2F202103%2Ftrel202103_81.json,2026-08-12T00:30:56Z,4d6041ccf6d5d4e18fada189eda9e0849e3ca8fac2abb510f31ca6f107e2a6dc,5140,original,IF.data data-base 202103
data_raw/ifdata/202103/trel202103_90.json,BCB/IF.data,https://www3.bcb.gov.br/ifdata/rest/arquivos?nomeArquivo=ifdata%2F202103%2Ftrel202103_90.json,2026-08-12T00:30:56Z,cf3e607af048f2b09730c2c8a540bdad15a2c7a6727a129338640548937668ee,8150,original,IF.data data-base 202103
data_raw/ifdata/202103/trel202103_91.json,BCB/IF.data,https://www3.bcb.gov.br/ifdata/rest/arquivos?nomeArquivo=ifdata%2F202103%2Ftrel202103_91.json,2026-08-12T00:30:57Z,384bb083abe3fa9b26c4c1d4e6171b8ab288b22f781487994972176731f45ca3,8861,original,IF.data data-base 202103
data_raw/ifdata/202103/trel202103_92.json,BCB/IF.data,https://www3.bcb.gov.br/ifdata/rest/arquivos?nomeArquivo=ifdata%2F202103%2Ftrel202103_92.json,2026-08-12T00:30:57Z,4e1149f3b4736886ad63a36db0fcc6a9d1c607abb8ffc655f17f87e9935cafbf,6558,original,IF.data data-base 202103
data_raw/ifdata/202103/trel202103_93.json,BCB/IF.data,https://www3.bcb.gov.br/ifdata/rest/arquivos?nomeArquivo=ifdata%2F202103%2Ftrel202103_93.json,2026-08-12T00:30:58Z,30e76c23d47da4991bfb0c526ac9f333ff1422107aa2e0d2ff1aaf383c20d33d,7382,original,IF.data data-base 202103
data_raw/ifdata/202103/trel202103_94.json,BCB/IF.data,https://www3.bcb.gov.br/ifdata/rest/arquivos?nomeArquivo=ifdata%2F202103%2Ftrel202103_94.json,2026-08-12T00:30:59Z,1b1db7bcbaa676c7b3132da8361e3f70e31a117feeadd95c86b25b004dde1a80,9766,original,IF.data data-base 202103
data_raw/ifdata/202103/trel202103_95.json,BCB/IF.data,https://www3.bcb.gov.br/ifdata/rest/arquivos?nomeArquivo=ifdata%2F202103%2Ftrel202103_95.json,2026-08-12T00:30:59Z,d72506f4d472e2fae3de145ffc55ee17bc7f570d97dc27032f6b849abe3e6c36,6890,original,IF.data data-base 202103
data_raw/ifdata/202103/trel202103_96.json,BCB/IF.data,https://www3.bcb.gov.br/ifdata/rest/arquivos?nomeArquivo=ifdata%2F202103%2Ftrel202103_96.json,2026-08-12T00:31:00Z,7e9861d3edaeb8369919fc1cc5d1d818741f4879ca04a2e45046a70b35f66117,5944,original,IF.data data-base 202103
data_raw/ifdata/202103/trel202103_98.json,BCB/IF.data,https://www3.bcb.gov.br/ifdata/rest/arquivos?nomeArquivo=ifdata%2F202103%2Ftrel202103_98.json,2026-08-12T00:31:01Z,beaaddf747f15e64c8b311fdda9983cbb3f9de7dc92718374f9a9ded8b03822e,8809,original,IF.data data-base 202103
data_raw/ifdata/202103/trel202103_99.json,BCB/IF.data,https://www3.bcb.gov.br/ifdata/rest/arquivos?nomeArquivo=ifdata%2F202103%2Ftrel202103_99.json,2026-08-12T00:31:02Z,8eb334bfc2d231bdb7fba2ef98e9cd462f921a9bfc5fbaf8c3634077b68fad7d,6695,original,IF.data data-base 202103
data_raw/ifdata/202106/cadastro202106_1005.json,BCB/IF.data,https://www3.bcb.gov.br/ifdata/rest/arquivos?nomeArquivo=ifdata%2F202106%2Fcadastro202106_1005.json,2026-08-12T00:31:03Z,d65164e8925edf82ac939a39963f5e0063e07e7088eeba43f07daeb10e78725f,594794,original,IF.data data-base 202106 tipo 1005
data_raw/ifdata/202106/dados202106_1.json.gz,BCB/IF.data,https://www3.bcb.gov.br/ifdata/rest/arquivos?nomeArquivo=ifdata%2F202106%2Fdados202106_1.json,2026-08-12T00:31:07Z,0714c1b6e7c095eacb23e17f743279eff10432d6a68b9cad7b2594e70681264e,7332727,gzip do original,IF.data data-base 202106
data_raw/ifdata/202106/dados202106_2.json.gz,BCB/IF.data,https://www3.bcb.gov.br/ifdata/rest/arquivos?nomeArquivo=ifdata%2F202106%2Fdados202106_2.json,2026-08-12T00:31:07Z,dfaf2ff0da26e5ae40e6a6b93b87e0e7d6ed75d6082930a38a8c428ddc3a7fd8,241066,gzip do original,IF.data data-base 202106
data_raw/ifdata/202106/dados202106_3.json.gz,BCB/IF.data,https://www3.bcb.gov.br/ifdata/rest/arquivos?nomeArquivo=ifdata%2F202106%2Fdados202106_3.json,2026-08-12T00:31:11Z,3b5b37e2e71682c0f391fe97b3ee99a44de866b5e7faabfcfa613ef8b78e8671,7446589,gzip do original,IF.data data-base 202106
data_raw/ifdata/202106/dados202106_4.json.gz,BCB/IF.data,https://www3.bcb.gov.br/ifdata/rest/arquivos?nomeArquivo=ifdata%2F202106%2Fdados202106_4.json,2026-08-12T00:31:12Z,8b3a4074f82162078c544ce9f56104427dd9107c592e792e70bc7a02ea5aeeb8,80073,gzip do original,IF.data data-base 202106
data_raw/ifdata/202106/info202106.json,BCB/IF.data,https://www3.bcb.gov.br/ifdata/rest/arquivos?nomeArquivo=ifdata%2F202106%2Finfo202106.json,2026-08-12T00:31:13Z,111455c846a0181dd0c806a701c24c3c3c4aa91a37124c86e91d1b94633764b4,128506,original,IF.data data-base 202106
data_raw/ifdata/202106/sel202106.json,BCB/IF.data,https://www3.bcb.gov.br/ifdata/rest/arquivos?nomeArquivo=ifdata%2F202106%2Fsel202106.json,2026-08-12T00:31:21Z,eda10a191d168a660d568e78d818f19222951f2859e2c83ea3e01f818c4f3538,559,original,IF.data data-base 202106
data_raw/ifdata/202106/trel202106_100.json,BCB/IF.data,https://www3.bcb.gov.br/ifdata/rest/arquivos?nomeArquivo=ifdata%2F202106%2Ftrel202106_100.json,2026-08-12T00:31:23Z,c586d549286a618bb9df61680bbe9a093253a9c54134ae08045e0c7f0b601905,7504,original,IF.data data-base 202106
data_raw/ifdata/202106/trel202106_101.json,BCB/IF.data,https://www3.bcb.gov.br/ifdata/rest/arquivos?nomeArquivo=ifdata%2F202106%2Ftrel202106_101.json,2026-08-12T00:31:23Z,bdb6ffbb6796ad149e6da2e3758bb3659e60e6406541b7211be8814db0df4db6,6645,original,IF.data data-base 202106
data_raw/ifdata/202106/trel202106_3.json,BCB/IF.data,https://www3.bcb.gov.br/ifdata/rest/arquivos?nomeArquivo=ifdata%2F202106%2Ftrel202106_3.json,2026-08-12T00:31:24Z,c274231443968c5ea3c40440ae7983936f5f81d2dc9f095f667e29c4a723c16e,5994,original,IF.data data-base 202106
data_raw/ifdata/202106/trel202106_6.json,BCB/IF.data,https://www3.bcb.gov.br/ifdata/rest/arquivos?nomeArquivo=ifdata%2F202106%2Ftrel202106_6.json,2026-08-12T00:31:25Z,667f90b5fd03e855bd140802c0231b06ef55637e47b18d50ad8a6e51a9af64a3,8983,original,IF.data data-base 202106
data_raw/ifdata/202106/trel202106_62.json,BCB/IF.data,https://www3.bcb.gov.br/ifdata/rest/arquivos?nomeArquivo=ifdata%2F202106%2Ftrel202106_62.json,2026-08-12T00:31:26Z,4db2e5ef1c96e887a3a18657079fb46df96c8a4291829cb60ae8ce0af12c4d1b,24013,original,IF.data data-base 202106
data_raw/ifdata/202106/trel202106_64.json,BCB/IF.data,https://www3.bcb.gov.br/ifdata/rest/arquivos?nomeArquivo=ifdata%2F202106%2Ftrel202106_64.json,2026-08-12T00:31:27Z,984bbe4b557ca892d09c1bd8d1ddf8b0a588286ed288091c54bfce97d0485705,6161,original,IF.data data-base 202106
data_raw/ifdata/202106/trel202106_65.json,BCB/IF.data,https://www3.bcb.gov.br/ifdata/rest/arquivos?nomeArquivo=ifdata%2F202106%2Ftrel202106_65.json,2026-08-12T00:31:28Z,af20ed6ae80563927e4c8d16200e324d38e8f984c922c34cbee35448f8c06da7,10765,original,IF.data data-base 202106
data_raw/ifdata/202106/trel202106_66.json,BCB/IF.data,https://www3.bcb.gov.br/ifdata/rest/arquivos?nomeArquivo=ifdata%2F202106%2Ftrel202106_66.json,2026-08-12T00:31:29Z,3226c74a82ea64fce95c9de2eae8409e25b1178f153503ebe064f8923a2b6fb4,6887,original,IF.data data-base 202106
data_raw/ifdata/202106/trel202106_67.json,BCB/IF.data,https://www3.bcb.gov.br/ifdata/rest/arquivos?nomeArquivo=ifdata%2F202106%2Ftrel202106_67.json,2026-08-12T00:31:30Z,ee6ef00c3dbafa8912389be909fa6da33cfbfaf20d95ea565634b36ea5a51570,7784,original,IF.data data-base 202106
data_raw/ifdata/202106/trel202106_68.json,BCB/IF.data,https://www3.bcb.gov.br/ifdata/rest/arquivos?nomeArquivo=ifdata%2F202106%2Ftrel202106_68.json,2026-08-12T00:31:30Z,de9ae1130f712bfdbc646da16dd6c4472e6e77020e36ff9d037054d962c775e8,6958,original,IF.data data-base 202106
data_raw/ifdata/202106/trel202106_70.json,BCB/IF.data,https://www3.bcb.gov.br/ifdata/rest/arquivos?nomeArquivo=ifdata%2F202106%2Ftrel202106_70.json,2026-08-12T00:31:31Z,8aea0c530dd59e40c85625f4208078ddd06fed792fe6b4aabf9e916949eb1126,6172,original,IF.data data-base 202106
data_raw/ifdata/202106/trel202106_71.json,BCB/IF.data,https://www3.bcb.gov.br/ifdata/rest/arquivos?nomeArquivo=ifdata%2F202106%2Ftrel202106_71.json,2026-08-12T00:31:32Z,fd368908aa1c7eed986fb603cc1febcc29d95c1bfd6dc767cda8e1ddcbb38dd5,28619,original,IF.data data-base 202106
data_raw/ifdata/202106/trel202106_73.json,BCB/IF.data,https://www3.bcb.gov.br/ifdata/rest/arquivos?nomeArquivo=ifdata%2F202106%2Ftrel202106_73.json,2026-08-12T00:31:33Z,dc4ff94e467c1dd991a139cccd465bb080929ec8578efb3355dcdb6e414202db,30011,original,IF.data data-base 202106
data_raw/ifdata/202106/trel202106_77.json,BCB/IF.data,https://www3.bcb.gov.br/ifdata/rest/arquivos?nomeArquivo=ifdata%2F202106%2Ftrel202106_77.json,2026-08-12T00:31:34Z,8dec94ddf54cb3fecd6654bdfe9d0738c6359036673f53b5fc74370f6316c621,6797,original,IF.data data-base 202106
data_raw/ifdata/202106/trel202106_80.json,BCB/IF.data,https://www3.bcb.gov.br/ifdata/rest/arquivos?nomeArquivo=ifdata%2F202106%2Ftrel202106_80.json,2026-08-12T00:31:35Z,d19ca69426e8bf61a63e31dfcbfc26ce7f020d1fcccbbcbf3d9ae8340b6a8ec1,5290,original,IF.data data-base 202106
data_raw/ifdata/202106/trel202106_81.json,BCB/IF.data,https://www3.bcb.gov.br/ifdata/rest/arquivos?nomeArquivo=ifdata%2F202106%2Ftrel202106_81.json,2026-08-12T00:31:36Z,44a5cd4d171c83ef203aba08fbf456c1528676c578953f48f68c1242931594e8,5140,original,IF.data data-base 202106
data_raw/ifdata/202106/trel202106_90.json,BCB/IF.data,https://www3.bcb.gov.br/ifdata/rest/arquivos?nomeArquivo=ifdata%2F202106%2Ftrel202106_90.json,2026-08-12T00:31:37Z,0a8780cec28a4333537f726e13e35176629768adf9ab9b12f62402cbef78f44a,8150,original,IF.data data-base 202106
data_raw/ifdata/202106/trel202106_91.json,BCB/IF.data,https://www3.bcb.gov.br/ifdata/rest/arquivos?nomeArquivo=ifdata%2F202106%2Ftrel202106_91.json,2026-08-12T00:31:38Z,0d883f38387f73eb865028726031b1a8d47d83618f6673941c124f2b3f228d4c,8861,original,IF.data data-base 202106
data_raw/ifdata/202106/trel202106_92.json,BCB/IF.data,https://www3.bcb.gov.br/ifdata/rest/arquivos?nomeArquivo=ifdata%2F202106%2Ftrel202106_92.json,2026-08-12T00:31:39Z,0663e0552a22ecd02ae5ca0b28b1ba3c5ad4901b1e19abb440fd0b8f89d71454,6558,original,IF.data data-base 202106
data_raw/ifdata/202106/trel202106_93.json,BCB/IF.data,https://www3.bcb.gov.br/ifdata/rest/arquivos?nomeArquivo=ifdata%2F202106%2Ftrel202106_93.json,2026-08-12T00:31:40Z,d5e7ec6f4dd3c85ebb883259c0a5b5fe51672cec5b651e18747d2709372c0bac,7382,original,IF.data data-base 202106
data_raw/ifdata/202106/trel202106_94.json,BCB/IF.data,https://www3.bcb.gov.br/ifdata/rest/arquivos?nomeArquivo=ifdata%2F202106%2Ftrel202106_94.json,2026-08-12T00:31:40Z,789751f25ec3f4bfb9929011f527daa26b58444bb9eaa0c1cee6db43fdcbc0a7,9766,original,IF.data data-base 202106
data_raw/ifdata/202106/trel202106_95.json,BCB/IF.data,https://www3.bcb.gov.br/ifdata/rest/arquivos?nomeArquivo=ifdata%2F202106%2Ftrel202106_95.json,2026-08-12T00:31:41Z,b0647a311a481d4048bc7bcf9d18c9c92adb0f8e7da0afebd50f931b76f0be62,6890,original,IF.data data-base 202106
data_raw/ifdata/202106/trel202106_96.json,BCB/IF.data,https://www3.bcb.gov.br/ifdata/rest/arquivos?nomeArquivo=ifdata%2F202106%2Ftrel202106_96.json,2026-08-12T00:31:42Z,b12017f7fba2a1281ddacfc1ed04cd9ec94f07a7f2e4bfacf6b6626865bb8b86,5944,original,IF.data data-base 202106
data_raw/ifdata/202106/trel202106_98.json,BCB/IF.data,https://www3.bcb.gov.br/ifdata/rest/arquivos?nomeArquivo=ifdata%2F202106%2Ftrel202106_98.json,2026-08-12T00:31:43Z,b10ce0639bca89adf33dfa54ce3eee8453943395ae014931257594b3e650a954,8809,original,IF.data data-base 202106
data_raw/ifdata/202106/trel202106_99.json,BCB/IF.data,https://www3.bcb.gov.br/ifdata/rest/arquivos?nomeArquivo=ifdata%2F202106%2Ftrel202106_99.json,2026-08-12T00:31:44Z,bd8a6033dc81171ef11c0b4f9823c8de0e682852e85a298296f701bf745bb318,6695,original,IF.data data-base 202106
data_raw/ifdata/202109/cadastro202109_1005.json,BCB/IF.data,https://www3.bcb.gov.br/ifdata/rest/arquivos?nomeArquivo=ifdata%2F202109%2Fcadastro202109_1005.json,2026-08-12T00:31:45Z,40e6f05a46e9613d82d1c7dd21a191a9738439ee106adf32ae873c44d524fe1e,593862,original,IF.data data-base 202109 tipo 1005
data_raw/ifdata/202109/dados202109_1.json.gz,BCB/IF.data,https://www3.bcb.gov.br/ifdata/rest/arquivos?nomeArquivo=ifdata%2F202109%2Fdados202109_1.json,2026-08-12T00:31:49Z,b1720803007febc042f140645965956e768ca40cbb3991dfdf3826a6cdfadb1f,7413312,gzip do original,IF.data data-base 202109
data_raw/ifdata/202109/dados202109_2.json.gz,BCB/IF.data,https://www3.bcb.gov.br/ifdata/rest/arquivos?nomeArquivo=ifdata%2F202109%2Fdados202109_2.json,2026-08-12T00:31:50Z,ae7ae8e5b4156a3d33585842d14901686c75d1979423269f50dceefcdf0ee77c,244164,gzip do original,IF.data data-base 202109
data_raw/ifdata/202109/dados202109_3.json.gz,BCB/IF.data,https://www3.bcb.gov.br/ifdata/rest/arquivos?nomeArquivo=ifdata%2F202109%2Fdados202109_3.json,2026-08-12T00:31:53Z,f6766f5b8e15c39f8df853675e6884c9783f267f9dfbbe99a870439c09e1c6c5,7524034,gzip do original,IF.data data-base 202109
data_raw/ifdata/202109/dados202109_4.json.gz,BCB/IF.data,https://www3.bcb.gov.br/ifdata/rest/arquivos?nomeArquivo=ifdata%2F202109%2Fdados202109_4.json,2026-08-12T00:31:54Z,c2475cc482493604c363347d4257aead8f80cdd9c07de01e3f17f01f91d1ca4c,81485,gzip do original,IF.data data-base 202109
data_raw/ifdata/202109/info202109.json,BCB/IF.data,https://www3.bcb.gov.br/ifdata/rest/arquivos?nomeArquivo=ifdata%2F202109%2Finfo202109.json,2026-08-12T00:31:55Z,111455c846a0181dd0c806a701c24c3c3c4aa91a37124c86e91d1b94633764b4,128506,original,IF.data data-base 202109
data_raw/ifdata/202109/sel202109.json,BCB/IF.data,https://www3.bcb.gov.br/ifdata/rest/arquivos?nomeArquivo=ifdata%2F202109%2Fsel202109.json,2026-08-12T00:31:55Z,eda10a191d168a660d568e78d818f19222951f2859e2c83ea3e01f818c4f3538,559,original,IF.data data-base 202109
data_raw/ifdata/202109/trel202109_100.json,BCB/IF.data,https://www3.bcb.gov.br/ifdata/rest/arquivos?nomeArquivo=ifdata%2F202109%2Ftrel202109_100.json,2026-08-12T00:31:56Z,95106bc2dd6a8304cb7d5d0c2029a49e66ea8b3e7989cad21f711189848b0a06,7504,original,IF.data data-base 202109
data_raw/ifdata/202109/trel202109_101.json,BCB/IF.data,https://www3.bcb.gov.br/ifdata/rest/arquivos?nomeArquivo=ifdata%2F202109%2Ftrel202109_101.json,2026-08-12T00:31:56Z,e5e8fd2ba07cb7a2c814700fc242357273869ca110d8321b70c6b07488aed9e3,6645,original,IF.data data-base 202109
data_raw/ifdata/202109/trel202109_3.json,BCB/IF.data,https://www3.bcb.gov.br/ifdata/rest/arquivos?nomeArquivo=ifdata%2F202109%2Ftrel202109_3.json,2026-08-12T00:31:57Z,4ca4775442901860ea970bdea42755fd4639eecc75d5b2d73c9655a74d731b7f,5994,original,IF.data data-base 202109
data_raw/ifdata/202109/trel202109_6.json,BCB/IF.data,https://www3.bcb.gov.br/ifdata/rest/arquivos?nomeArquivo=ifdata%2F202109%2Ftrel202109_6.json,2026-08-12T00:31:57Z,a5bf63771425e2f56f3b3cf67b3e5c2cab83cf973abcf708d0ead7b77dc19893,8983,original,IF.data data-base 202109
data_raw/ifdata/202109/trel202109_62.json,BCB/IF.data,https://www3.bcb.gov.br/ifdata/rest/arquivos?nomeArquivo=ifdata%2F202109%2Ftrel202109_62.json,2026-08-12T00:31:58Z,cad97ee14ea4351c575e8bf28442c2ab7b3264278178686a54b4cdf10be79d18,24013,original,IF.data data-base 202109
data_raw/ifdata/202109/trel202109_64.json,BCB/IF.data,https://www3.bcb.gov.br/ifdata/rest/arquivos?nomeArquivo=ifdata%2F202109%2Ftrel202109_64.json,2026-08-12T00:31:59Z,c30d7c2589e9bb0f07163e0e501c10fee982d933e356d2a9e4ed6885b2d9106b,6161,original,IF.data data-base 202109
data_raw/ifdata/202109/trel202109_65.json,BCB/IF.data,https://www3.bcb.gov.br/ifdata/rest/arquivos?nomeArquivo=ifdata%2F202109%2Ftrel202109_65.json,2026-08-12T00:31:59Z,0c417814435fe61c471aadb1627c434b17498b5e03d7291f4b228bf738aaedcf,10765,original,IF.data data-base 202109
data_raw/ifdata/202109/trel202109_66.json,BCB/IF.data,https://www3.bcb.gov.br/ifdata/rest/arquivos?nomeArquivo=ifdata%2F202109%2Ftrel202109_66.json,2026-08-12T00:32:00Z,71016a8bfeac27d876b153d319b8db1d3c072d1eca6ffa536dbcc2abb752c6a7,6887,original,IF.data data-base 202109
data_raw/ifdata/202109/trel202109_67.json,BCB/IF.data,https://www3.bcb.gov.br/ifdata/rest/arquivos?nomeArquivo=ifdata%2F202109%2Ftrel202109_67.json,2026-08-12T00:32:00Z,a31bc144320e0baaadefbd2bb85bd63ddf1557fce2466ee3deba89591fe8258f,7784,original,IF.data data-base 202109
data_raw/ifdata/202109/trel202109_68.json,BCB/IF.data,https://www3.bcb.gov.br/ifdata/rest/arquivos?nomeArquivo=ifdata%2F202109%2Ftrel202109_68.json,2026-08-12T00:32:01Z,a344021be7ab2ad5ae01d52db6923127bc6696ae3f8c8ac34cd2d774a241f8f4,6958,original,IF.data data-base 202109
data_raw/ifdata/202109/trel202109_70.json,BCB/IF.data,https://www3.bcb.gov.br/ifdata/rest/arquivos?nomeArquivo=ifdata%2F202109%2Ftrel202109_70.json,2026-08-12T00:32:02Z,108789d2609163e3c6cde84b29aea24d330ad2adc706c8cc5fa9e5f3b439c2bc,6172,original,IF.data data-base 202109
data_raw/ifdata/202109/trel202109_71.json,BCB/IF.data,https://www3.bcb.gov.br/ifdata/rest/arquivos?nomeArquivo=ifdata%2F202109%2Ftrel202109_71.json,2026-08-12T00:32:02Z,c503c6e1c085b52bb1641d00e3130598f406ebee46410fa25f16489ae2ac3719,28619,original,IF.data data-base 202109
data_raw/ifdata/202109/trel202109_73.json,BCB/IF.data,https://www3.bcb.gov.br/ifdata/rest/arquivos?nomeArquivo=ifdata%2F202109%2Ftrel202109_73.json,2026-08-12T00:32:03Z,ca1902f46143c53821681914c213702142467efd2c7ff8e6cb64db0977afe621,30011,original,IF.data data-base 202109
data_raw/ifdata/202109/trel202109_77.json,BCB/IF.data,https://www3.bcb.gov.br/ifdata/rest/arquivos?nomeArquivo=ifdata%2F202109%2Ftrel202109_77.json,2026-08-12T00:32:03Z,f0b2dc52c822c5a9baa5484e4d222efe65437b78653ec17ce293be943a41067f,6797,original,IF.data data-base 202109
data_raw/ifdata/202109/trel202109_80.json,BCB/IF.data,https://www3.bcb.gov.br/ifdata/rest/arquivos?nomeArquivo=ifdata%2F202109%2Ftrel202109_80.json,2026-08-12T00:32:04Z,3f7472c968853baf74108b18b626151ab1cacf09775988babbc8cce98dab30a6,5290,original,IF.data data-base 202109
data_raw/ifdata/202109/trel202109_81.json,BCB/IF.data,https://www3.bcb.gov.br/ifdata/rest/arquivos?nomeArquivo=ifdata%2F202109%2Ftrel202109_81.json,2026-08-12T00:32:05Z,9a26234eda61a0147539ba7ebf1e0d1d6577cc9afd582f3e4147ce16108db629,5140,original,IF.data data-base 202109
data_raw/ifdata/202109/trel202109_90.json,BCB/IF.data,https://www3.bcb.gov.br/ifdata/rest/arquivos?nomeArquivo=ifdata%2F202109%2Ftrel202109_90.json,2026-08-12T00:32:05Z,573d5cd9c1e5fe1796da7a4df15af713224446bcac873d93c65bb69c83e62f7a,8150,original,IF.data data-base 202109
data_raw/ifdata/202109/trel202109_91.json,BCB/IF.data,https://www3.bcb.gov.br/ifdata/rest/arquivos?nomeArquivo=ifdata%2F202109%2Ftrel202109_91.json,2026-08-12T00:32:06Z,27481fbaee6486bdd77a64b9654e50459ecc656f917c9f50a25f0456d29893ca,8861,original,IF.data data-base 202109
data_raw/ifdata/202109/trel202109_92.json,BCB/IF.data,https://www3.bcb.gov.br/ifdata/rest/arquivos?nomeArquivo=ifdata%2F202109%2Ftrel202109_92.json,2026-08-12T00:32:07Z,124a89d7e73164f22423f47016fd7aa5d291aa2d86986367f8e5f94d5103ce6a,6558,original,IF.data data-base 202109
data_raw/ifdata/202109/trel202109_93.json,BCB/IF.data,https://www3.bcb.gov.br/ifdata/rest/arquivos?nomeArquivo=ifdata%2F202109%2Ftrel202109_93.json,2026-08-12T00:32:07Z,dd1a274298f2b525e981c525a0a2828677044e3bbb1171b9693e4217523a3e51,7382,original,IF.data data-base 202109
data_raw/ifdata/202109/trel202109_94.json,BCB/IF.data,https://www3.bcb.gov.br/ifdata/rest/arquivos?nomeArquivo=ifdata%2F202109%2Ftrel202109_94.json,2026-08-12T00:32:08Z,7e532bdadf5a28cc620db03c998670ce76b1c45c3d8d9449eba94c38636befc9,9766,original,IF.data data-base 202109
data_raw/ifdata/202109/trel202109_95.json,BCB/IF.data,https://www3.bcb.gov.br/ifdata/rest/arquivos?nomeArquivo=ifdata%2F202109%2Ftrel202109_95.json,2026-08-12T00:32:09Z,3ec9f9d0b30bdbe09b44db2a4183d4baa8c14582782557d2b745f1d10e8ce07d,6890,original,IF.data data-base 202109
data_raw/ifdata/202109/trel202109_96.json,BCB/IF.data,https://www3.bcb.gov.br/ifdata/rest/arquivos?nomeArquivo=ifdata%2F202109%2Ftrel202109_96.json,2026-08-12T00:32:09Z,bb1fa0c1449947cb4da0934d097ee7e5f3e161d9e0c69b24327c1ba45eaef3fb,5944,original,IF.data data-base 202109
data_raw/ifdata/202109/trel202109_98.json,BCB/IF.data,https://www3.bcb.gov.br/ifdata/rest/arquivos?nomeArquivo=ifdata%2F202109%2Ftrel202109_98.json,2026-08-12T00:32:10Z,317ba25627aaf1138e1d1b4004bb2bac9b209e48d22aae688f972c18e6713d49,8809,original,IF.data data-base 202109
data_raw/ifdata/202109/trel202109_99.json,BCB/IF.data,https://www3.bcb.gov.br/ifdata/rest/arquivos?nomeArquivo=ifdata%2F202109%2Ftrel202109_99.json,2026-08-12T00:32:10Z,ec1424d5ab659738a4ae6151aef80d6d1e59b6a474b6ad18e19aa1890577e0d4,6695,original,IF.data data-base 202109
data_raw/ifdata/202112/cadastro202112_1005.json,BCB/IF.data,https://www3.bcb.gov.br/ifdata/rest/arquivos?nomeArquivo=ifdata%2F202112%2Fcadastro202112_1005.json,2026-08-12T00:32:12Z,521c3ccf25ff03a7f5299ee63929e41e1dd2e1505ce93615ce8712cf22a89d0c,593847,original,IF.data data-base 202112 tipo 1005
data_raw/ifdata/202112/dados202112_1.json.gz,BCB/IF.data,https://www3.bcb.gov.br/ifdata/rest/arquivos?nomeArquivo=ifdata%2F202112%2Fdados202112_1.json,2026-08-12T00:32:16Z,8b57f8146e71dbd892acff4b058ae8e19dd26d04c766ea83e7ef806bfb0e2802,7547988,gzip do original,IF.data data-base 202112
data_raw/ifdata/202112/dados202112_2.json.gz,BCB/IF.data,https://www3.bcb.gov.br/ifdata/rest/arquivos?nomeArquivo=ifdata%2F202112%2Fdados202112_2.json,2026-08-12T00:32:17Z,e6b01c3987e06cdcded7dbd25a587907d228185dd36efeb5323146aef951c550,248961,gzip do original,IF.data data-base 202112
data_raw/ifdata/202112/dados202112_3.json.gz,BCB/IF.data,https://www3.bcb.gov.br/ifdata/rest/arquivos?nomeArquivo=ifdata%2F202112%2Fdados202112_3.json,2026-08-12T00:32:21Z,86b2f56856f3c034b494cc0343584a8bd3de9aa01cae139497195dd1e86287ff,7586457,gzip do original,IF.data data-base 202112
data_raw/ifdata/202112/dados202112_4.json.gz,BCB/IF.data,https://www3.bcb.gov.br/ifdata/rest/arquivos?nomeArquivo=ifdata%2F202112%2Fdados202112_4.json,2026-08-12T00:32:21Z,08a1621a0191468d3ad0d83cdfad51fb66ef51df96fa7dbf16ea431517a7882c,81074,gzip do original,IF.data data-base 202112
data_raw/ifdata/202112/info202112.json,BCB/IF.data,https://www3.bcb.gov.br/ifdata/rest/arquivos?nomeArquivo=ifdata%2F202112%2Finfo202112.json,2026-08-12T00:32:22Z,111455c846a0181dd0c806a701c24c3c3c4aa91a37124c86e91d1b94633764b4,128506,original,IF.data data-base 202112
data_raw/ifdata/202112/sel202112.json,BCB/IF.data,https://www3.bcb.gov.br/ifdata/rest/arquivos?nomeArquivo=ifdata%2F202112%2Fsel202112.json,2026-08-12T00:32:23Z,eda10a191d168a660d568e78d818f19222951f2859e2c83ea3e01f818c4f3538,559,original,IF.data data-base 202112
data_raw/ifdata/202112/trel202112_100.json,BCB/IF.data,https://www3.bcb.gov.br/ifdata/rest/arquivos?nomeArquivo=ifdata%2F202112%2Ftrel202112_100.json,2026-08-12T00:32:23Z,1d4a8fc3cb2668737c43987c4772d3432892e5786ab403eb1108795291f059d8,7504,original,IF.data data-base 202112
data_raw/ifdata/202112/trel202112_101.json,BCB/IF.data,https://www3.bcb.gov.br/ifdata/rest/arquivos?nomeArquivo=ifdata%2F202112%2Ftrel202112_101.json,2026-08-12T00:32:24Z,2c07121b7bd7fea408c2056f6c92e0c7867e4e9ad5697057165ae224df840579,6645,original,IF.data data-base 202112
data_raw/ifdata/202112/trel202112_3.json,BCB/IF.data,https://www3.bcb.gov.br/ifdata/rest/arquivos?nomeArquivo=ifdata%2F202112%2Ftrel202112_3.json,2026-08-12T00:32:24Z,1daa026c3f9e9e252cb02db3bb0d418eb090f3056b19783186f463dbffe60c05,5994,original,IF.data data-base 202112
data_raw/ifdata/202112/trel202112_6.json,BCB/IF.data,https://www3.bcb.gov.br/ifdata/rest/arquivos?nomeArquivo=ifdata%2F202112%2Ftrel202112_6.json,2026-08-12T00:32:25Z,18aebe022a73ecadff44cc036521f057f4d485aa70ec11cf7bffc58ed636db03,8983,original,IF.data data-base 202112
data_raw/ifdata/202112/trel202112_62.json,BCB/IF.data,https://www3.bcb.gov.br/ifdata/rest/arquivos?nomeArquivo=ifdata%2F202112%2Ftrel202112_62.json,2026-08-12T00:32:25Z,38575393325e79a198a095fb97430beb79dbf6409769452be1598f4256dd524e,24013,original,IF.data data-base 202112
data_raw/ifdata/202112/trel202112_64.json,BCB/IF.data,https://www3.bcb.gov.br/ifdata/rest/arquivos?nomeArquivo=ifdata%2F202112%2Ftrel202112_64.json,2026-08-12T00:32:26Z,0e60d08828315bb432b457cd0a90e746d3b73d72bc1f15474ff122a3e79a978f,6161,original,IF.data data-base 202112
data_raw/ifdata/202112/trel202112_65.json,BCB/IF.data,https://www3.bcb.gov.br/ifdata/rest/arquivos?nomeArquivo=ifdata%2F202112%2Ftrel202112_65.json,2026-08-12T00:32:27Z,effb2f16c9dbe6ea7c5a601b0093713355fcf23d9dc636df9ed45883fda68e98,10765,original,IF.data data-base 202112
data_raw/ifdata/202112/trel202112_66.json,BCB/IF.data,https://www3.bcb.gov.br/ifdata/rest/arquivos?nomeArquivo=ifdata%2F202112%2Ftrel202112_66.json,2026-08-12T00:32:27Z,c3b9a151a21b9e3d5258294d9598c50b5072dba01a688a204ea3d98462ccb65e,6887,original,IF.data data-base 202112
data_raw/ifdata/202112/trel202112_67.json,BCB/IF.data,https://www3.bcb.gov.br/ifdata/rest/arquivos?nomeArquivo=ifdata%2F202112%2Ftrel202112_67.json,2026-08-12T00:32:28Z,07f6105f59bb69ae9606f0d44fded2faac55c704112cbabc7864384af84afc7a,7784,original,IF.data data-base 202112
data_raw/ifdata/202112/trel202112_68.json,BCB/IF.data,https://www3.bcb.gov.br/ifdata/rest/arquivos?nomeArquivo=ifdata%2F202112%2Ftrel202112_68.json,2026-08-12T00:32:28Z,3098d205bc5332d41a27e8b2b55efa34935cf886a8e53c2b3f122123fcd70cbb,6958,original,IF.data data-base 202112
data_raw/ifdata/202112/trel202112_70.json,BCB/IF.data,https://www3.bcb.gov.br/ifdata/rest/arquivos?nomeArquivo=ifdata%2F202112%2Ftrel202112_70.json,2026-08-12T00:32:29Z,4e4b9c276fe7c3782e56750f0713fd62dc9cca203a3e802b25e717e08a81b6a0,6172,original,IF.data data-base 202112
data_raw/ifdata/202112/trel202112_71.json,BCB/IF.data,https://www3.bcb.gov.br/ifdata/rest/arquivos?nomeArquivo=ifdata%2F202112%2Ftrel202112_71.json,2026-08-12T00:32:30Z,f5a9590600cfeef5f7138520e2f6ffc791d1c4fed8e62ebdb46a88173063acae,28619,original,IF.data data-base 202112
data_raw/ifdata/202112/trel202112_73.json,BCB/IF.data,https://www3.bcb.gov.br/ifdata/rest/arquivos?nomeArquivo=ifdata%2F202112%2Ftrel202112_73.json,2026-08-12T00:32:30Z,30458e21609f309e8c21461a16f813a575462bb1c22a500ce7b38b9ad78c00c1,30011,original,IF.data data-base 202112
data_raw/ifdata/202112/trel202112_77.json,BCB/IF.data,https://www3.bcb.gov.br/ifdata/rest/arquivos?nomeArquivo=ifdata%2F202112%2Ftrel202112_77.json,2026-08-12T00:32:31Z,1c9ea0451d39e7c6dbf6a702bc1d931b4a0df313b278e5ca2af73cf9f370944b,6797,original,IF.data data-base 202112
data_raw/ifdata/202112/trel202112_80.json,BCB/IF.data,https://www3.bcb.gov.br/ifdata/rest/arquivos?nomeArquivo=ifdata%2F202112%2Ftrel202112_80.json,2026-08-12T00:32:31Z,12647a2ff340b0bc289f6dc70701ca1e27fc4de0b3e7fa61b342c774b3b0f9fe,5290,original,IF.data data-base 202112
data_raw/ifdata/202112/trel202112_81.json,BCB/IF.data,https://www3.bcb.gov.br/ifdata/rest/arquivos?nomeArquivo=ifdata%2F202112%2Ftrel202112_81.json,2026-08-12T00:32:32Z,6cb5ce8de3d094415a300ebba5bd38b4f8dd5f9dbe9e71ce4515154ca689bd3b,5140,original,IF.data data-base 202112
data_raw/ifdata/202112/trel202112_90.json,BCB/IF.data,https://www3.bcb.gov.br/ifdata/rest/arquivos?nomeArquivo=ifdata%2F202112%2Ftrel202112_90.json,2026-08-12T00:32:33Z,c356603c34ff33c84cd6b5b7a72e77efdfb29ffce1ebb15565f565c44a42c406,8150,original,IF.data data-base 202112
data_raw/ifdata/202112/trel202112_91.json,BCB/IF.data,https://www3.bcb.gov.br/ifdata/rest/arquivos?nomeArquivo=ifdata%2F202112%2Ftrel202112_91.json,2026-08-12T00:32:33Z,a6fc4255d88ff7cf6c790aa5af545a9bd4ccc7132e69594a3585e9b58da704fa,8861,original,IF.data data-base 202112
data_raw/ifdata/202112/trel202112_92.json,BCB/IF.data,https://www3.bcb.gov.br/ifdata/rest/arquivos?nomeArquivo=ifdata%2F202112%2Ftrel202112_92.json,2026-08-12T00:32:34Z,ee8e67bbf3e404e572d03bc79048adb4ab640304e5e48d032f850985203d7bc6,6558,original,IF.data data-base 202112
data_raw/ifdata/202112/trel202112_93.json,BCB/IF.data,https://www3.bcb.gov.br/ifdata/rest/arquivos?nomeArquivo=ifdata%2F202112%2Ftrel202112_93.json,2026-08-12T00:32:56Z,d0cd25ccf17e676c78d33926f1d04aa41dc6aec00ce2bf6236dcd69ac5b00fe4,7382,original,IF.data data-base 202112
data_raw/ifdata/202112/trel202112_94.json,BCB/IF.data,https://www3.bcb.gov.br/ifdata/rest/arquivos?nomeArquivo=ifdata%2F202112%2Ftrel202112_94.json,2026-08-12T00:32:57Z,6bb953e04409095af37213d98879dcfa353c4a61c5b57c718c259aeb02947947,9766,original,IF.data data-base 202112
data_raw/ifdata/202112/trel202112_95.json,BCB/IF.data,https://www3.bcb.gov.br/ifdata/rest/arquivos?nomeArquivo=ifdata%2F202112%2Ftrel202112_95.json,2026-08-12T00:32:58Z,210e977110dd4f18bfc84710f2ad32ef21004f0ccfe8d28c666f7e359c53c9ce,6890,original,IF.data data-base 202112
data_raw/ifdata/202112/trel202112_96.json,BCB/IF.data,https://www3.bcb.gov.br/ifdata/rest/arquivos?nomeArquivo=ifdata%2F202112%2Ftrel202112_96.json,2026-08-12T00:32:59Z,26616cf187e7c2a816bfdd704b96c81770f82a3b936a8983b5a4664740a00866,5944,original,IF.data data-base 202112
data_raw/ifdata/202112/trel202112_98.json,BCB/IF.data,https://www3.bcb.gov.br/ifdata/rest/arquivos?nomeArquivo=ifdata%2F202112%2Ftrel202112_98.json,2026-08-12T00:32:59Z,3d4c3c9cd6c09d22e30be7d0c17f32421aee86deef571595caf54a8faedebfe1,8809,original,IF.data data-base 202112
data_raw/ifdata/202112/trel202112_99.json,BCB/IF.data,https://www3.bcb.gov.br/ifdata/rest/arquivos?nomeArquivo=ifdata%2F202112%2Ftrel202112_99.json,2026-08-12T00:33:00Z,edd1eb4e18bb297c9658e9a75be4a139e8431b52995f21668911445ab779e981,6695,original,IF.data data-base 202112
data_raw/ifdata/202203/cadastro202203_1005.json,BCB/IF.data,https://www3.bcb.gov.br/ifdata/rest/arquivos?nomeArquivo=ifdata%2F202203%2Fcadastro202203_1005.json,2026-08-12T00:33:01Z,e83bf1ce95aa5bd88f4a400186c3479819179224801870c8acd78b82acd29152,598681,original,IF.data data-base 202203 tipo 1005
data_raw/ifdata/202203/dados202203_1.json.gz,BCB/IF.data,https://www3.bcb.gov.br/ifdata/rest/arquivos?nomeArquivo=ifdata%2F202203%2Fdados202203_1.json,2026-08-12T00:33:05Z,fd173bdb2247f09dd4409225e2e20602ccb57cb5e8e3a21f3ae5dcf0ce2c8289,7568103,gzip do original,IF.data data-base 202203
data_raw/ifdata/202203/dados202203_2.json.gz,BCB/IF.data,https://www3.bcb.gov.br/ifdata/rest/arquivos?nomeArquivo=ifdata%2F202203%2Fdados202203_2.json,2026-08-12T00:33:07Z,a4542aeff85b3e371dd2a5b732c952337f9344d2984d0f499126baf3158bf324,250177,gzip do original,IF.data data-base 202203
data_raw/ifdata/202203/dados202203_3.json.gz,BCB/IF.data,https://www3.bcb.gov.br/ifdata/rest/arquivos?nomeArquivo=ifdata%2F202203%2Fdados202203_3.json,2026-08-12T00:33:11Z,949de282d17e0b4e7bb8639e535e0da11a41f91f25508caea2b1395a530c3bcb,7671778,gzip do original,IF.data data-base 202203
data_raw/ifdata/202203/dados202203_4.json.gz,BCB/IF.data,https://www3.bcb.gov.br/ifdata/rest/arquivos?nomeArquivo=ifdata%2F202203%2Fdados202203_4.json,2026-08-12T00:33:13Z,3b5abea515cae3a44abf41fd0290bc5d96c73cd560b80e16ca6f7d0279413b63,81360,gzip do original,IF.data data-base 202203
data_raw/ifdata/202203/info202203.json,BCB/IF.data,https://www3.bcb.gov.br/ifdata/rest/arquivos?nomeArquivo=ifdata%2F202203%2Finfo202203.json,2026-08-12T00:33:14Z,111455c846a0181dd0c806a701c24c3c3c4aa91a37124c86e91d1b94633764b4,128506,original,IF.data data-base 202203
data_raw/ifdata/202203/sel202203.json,BCB/IF.data,https://www3.bcb.gov.br/ifdata/rest/arquivos?nomeArquivo=ifdata%2F202203%2Fsel202203.json,2026-08-12T00:33:15Z,eda10a191d168a660d568e78d818f19222951f2859e2c83ea3e01f818c4f3538,559,original,IF.data data-base 202203
data_raw/ifdata/202203/trel202203_100.json,BCB/IF.data,https://www3.bcb.gov.br/ifdata/rest/arquivos?nomeArquivo=ifdata%2F202203%2Ftrel202203_100.json,2026-08-12T00:33:15Z,25bf31c7256770b191be67f8d7839a7c9679d29be6c55df8883fa40b2ddd6358,7504,original,IF.data data-base 202203
data_raw/ifdata/202203/trel202203_101.json,BCB/IF.data,https://www3.bcb.gov.br/ifdata/rest/arquivos?nomeArquivo=ifdata%2F202203%2Ftrel202203_101.json,2026-08-12T00:33:16Z,8e039c86674656c8b69bb83674114f186045001c7cc8dac93f48bfc1df60256c,6645,original,IF.data data-base 202203
data_raw/ifdata/202203/trel202203_3.json,BCB/IF.data,https://www3.bcb.gov.br/ifdata/rest/arquivos?nomeArquivo=ifdata%2F202203%2Ftrel202203_3.json,2026-08-12T00:33:16Z,9a2e2ec72f399e928d4d2b00c4f4d41a52d5bee9bda43a72e99d7bdb735e2596,5994,original,IF.data data-base 202203
data_raw/ifdata/202203/trel202203_6.json,BCB/IF.data,https://www3.bcb.gov.br/ifdata/rest/arquivos?nomeArquivo=ifdata%2F202203%2Ftrel202203_6.json,2026-08-12T00:33:17Z,75a778619f48be64fedf52bc3a1a303b569d4a504317d1e200b00fb55caa6ab6,8983,original,IF.data data-base 202203
data_raw/ifdata/202203/trel202203_62.json,BCB/IF.data,https://www3.bcb.gov.br/ifdata/rest/arquivos?nomeArquivo=ifdata%2F202203%2Ftrel202203_62.json,2026-08-12T00:33:17Z,ab165112644bdcfddf5f84356e5b65ee20941a8ed00c9c36128f2112599db41c,24013,original,IF.data data-base 202203
data_raw/ifdata/202203/trel202203_64.json,BCB/IF.data,https://www3.bcb.gov.br/ifdata/rest/arquivos?nomeArquivo=ifdata%2F202203%2Ftrel202203_64.json,2026-08-12T00:33:18Z,75027ce2d143b7962c0857ee0d6e2453f89bc88ff7e0796a4295f785280ae618,6161,original,IF.data data-base 202203
data_raw/ifdata/202203/trel202203_65.json,BCB/IF.data,https://www3.bcb.gov.br/ifdata/rest/arquivos?nomeArquivo=ifdata%2F202203%2Ftrel202203_65.json,2026-08-12T00:33:18Z,e05160a16233d0ee6115515f694f8b87233fc90033165e18fabe2e11903b7b54,10765,original,IF.data data-base 202203
data_raw/ifdata/202203/trel202203_66.json,BCB/IF.data,https://www3.bcb.gov.br/ifdata/rest/arquivos?nomeArquivo=ifdata%2F202203%2Ftrel202203_66.json,2026-08-12T00:33:19Z,d3268da8d60c3c3eab93413d66de1f3277f81d005539b0c035c1a49f65b2dcc3,6887,original,IF.data data-base 202203
data_raw/ifdata/202203/trel202203_67.json,BCB/IF.data,https://www3.bcb.gov.br/ifdata/rest/arquivos?nomeArquivo=ifdata%2F202203%2Ftrel202203_67.json,2026-08-12T00:33:20Z,e5ba31c3ce145acfba4eb23019a84cb4af83e70372bf329adef3c2f90da459eb,7784,original,IF.data data-base 202203
data_raw/ifdata/202203/trel202203_68.json,BCB/IF.data,https://www3.bcb.gov.br/ifdata/rest/arquivos?nomeArquivo=ifdata%2F202203%2Ftrel202203_68.json,2026-08-12T00:33:20Z,008fd8151baedaa756565bca7b3bcf0fb5936b1018905bfe1477f6b780b51bc2,6958,original,IF.data data-base 202203
data_raw/ifdata/202203/trel202203_70.json,BCB/IF.data,https://www3.bcb.gov.br/ifdata/rest/arquivos?nomeArquivo=ifdata%2F202203%2Ftrel202203_70.json,2026-08-12T00:33:21Z,8a5f9cf57acb4c6d10edc0b439d2260e3a9d8f92e8d55fe086492fe1c52be9d5,6172,original,IF.data data-base 202203
data_raw/ifdata/202203/trel202203_71.json,BCB/IF.data,https://www3.bcb.gov.br/ifdata/rest/arquivos?nomeArquivo=ifdata%2F202203%2Ftrel202203_71.json,2026-08-12T00:33:22Z,1ac24e67d954470db1ff93e93c628bca974708db834b780b37c6353d061be942,29190,original,IF.data data-base 202203
data_raw/ifdata/202203/trel202203_73.json,BCB/IF.data,https://www3.bcb.gov.br/ifdata/rest/arquivos?nomeArquivo=ifdata%2F202203%2Ftrel202203_73.json,2026-08-12T00:33:22Z,ac758d4417ade140cd0fecd4d2cc4fa6baf353d88f7a9e4e29a7eb83ff41c545,30011,original,IF.data data-base 202203
data_raw/ifdata/202203/trel202203_77.json,BCB/IF.data,https://www3.bcb.gov.br/ifdata/rest/arquivos?nomeArquivo=ifdata%2F202203%2Ftrel202203_77.json,2026-08-12T00:33:23Z,dccb7e59c7d744e9499def70970571ab78fcb523dcd59aeadfb9d5ab6ab9b5af,6797,original,IF.data data-base 202203
data_raw/ifdata/202203/trel202203_80.json,BCB/IF.data,https://www3.bcb.gov.br/ifdata/rest/arquivos?nomeArquivo=ifdata%2F202203%2Ftrel202203_80.json,2026-08-12T00:33:23Z,7573789d2555b16bc93aa18ce2d809b9b85ea5015323b3c0e0ea014bd6dd2cd5,5290,original,IF.data data-base 202203
data_raw/ifdata/202203/trel202203_81.json,BCB/IF.data,https://www3.bcb.gov.br/ifdata/rest/arquivos?nomeArquivo=ifdata%2F202203%2Ftrel202203_81.json,2026-08-12T00:33:24Z,f6d046fa5452acf7f573953ad63e8addb7c8abf435a3a4d70b582651e6b295c2,5140,original,IF.data data-base 202203
data_raw/ifdata/202203/trel202203_90.json,BCB/IF.data,https://www3.bcb.gov.br/ifdata/rest/arquivos?nomeArquivo=ifdata%2F202203%2Ftrel202203_90.json,2026-08-12T00:33:46Z,dbaf17089c717084240b35caf87fee0e333b32a28ba66e03e629b67b8f82ab75,8150,original,IF.data data-base 202203
data_raw/ifdata/202203/trel202203_91.json,BCB/IF.data,https://www3.bcb.gov.br/ifdata/rest/arquivos?nomeArquivo=ifdata%2F202203%2Ftrel202203_91.json,2026-08-12T00:33:47Z,ac273dfb734622c79b16135a3bb74b03b22f8bd9b3faad7b8f87073e55cbe7d2,8861,original,IF.data data-base 202203
data_raw/ifdata/202203/trel202203_92.json,BCB/IF.data,https://www3.bcb.gov.br/ifdata/rest/arquivos?nomeArquivo=ifdata%2F202203%2Ftrel202203_92.json,2026-08-12T00:33:47Z,913f7abe9b7a60b9ebb6cae188364aeac9844096edd63291a891eab31b8e5db5,6558,original,IF.data data-base 202203
data_raw/ifdata/202203/trel202203_93.json,BCB/IF.data,https://www3.bcb.gov.br/ifdata/rest/arquivos?nomeArquivo=ifdata%2F202203%2Ftrel202203_93.json,2026-08-12T00:33:48Z,d088d2f09bab522aef6d4ed653cf4bcd809cf7c440b9d81dcbfae1f72219104e,7382,original,IF.data data-base 202203
data_raw/ifdata/202203/trel202203_94.json,BCB/IF.data,https://www3.bcb.gov.br/ifdata/rest/arquivos?nomeArquivo=ifdata%2F202203%2Ftrel202203_94.json,2026-08-12T00:33:49Z,17a7431eb209a80162ac88771ae21eea9e6490b697944e3461c189f1b39014fc,9766,original,IF.data data-base 202203
data_raw/ifdata/202203/trel202203_95.json,BCB/IF.data,https://www3.bcb.gov.br/ifdata/rest/arquivos?nomeArquivo=ifdata%2F202203%2Ftrel202203_95.json,2026-08-12T00:33:49Z,46fe0dbbbc11fa3e5e49636ebae3fb4db9a8c58922f3965dfaa851b4985b40b7,6890,original,IF.data data-base 202203
data_raw/ifdata/202203/trel202203_96.json,BCB/IF.data,https://www3.bcb.gov.br/ifdata/rest/arquivos?nomeArquivo=ifdata%2F202203%2Ftrel202203_96.json,2026-08-12T00:33:50Z,f823f01b6b07972eaac188c059771f964f8ecf88a21b7e348e594dce01246a96,5944,original,IF.data data-base 202203
data_raw/ifdata/202203/trel202203_98.json,BCB/IF.data,https://www3.bcb.gov.br/ifdata/rest/arquivos?nomeArquivo=ifdata%2F202203%2Ftrel202203_98.json,2026-08-12T00:33:51Z,9e6124b9a2cd19f02f72468fda8999fef3b306c534bc0707a7940e3f986c5e52,8809,original,IF.data data-base 202203
data_raw/ifdata/202203/trel202203_99.json,BCB/IF.data,https://www3.bcb.gov.br/ifdata/rest/arquivos?nomeArquivo=ifdata%2F202203%2Ftrel202203_99.json,2026-08-12T00:33:52Z,22f07a59b3a2448f900f1125fcdc4ca4d59e108b227e0e04d82ab61255b9e9f6,6695,original,IF.data data-base 202203
data_raw/ifdata/202206/cadastro202206_1005.json,BCB/IF.data,https://www3.bcb.gov.br/ifdata/rest/arquivos?nomeArquivo=ifdata%2F202206%2Fcadastro202206_1005.json,2026-08-12T00:33:53Z,9a9392857b05fc815ce9c35b818b6eb83606bf9831a7bc29375e918d10f07a82,601033,original,IF.data data-base 202206 tipo 1005
data_raw/ifdata/202206/dados202206_1.json.gz,BCB/IF.data,https://www3.bcb.gov.br/ifdata/rest/arquivos?nomeArquivo=ifdata%2F202206%2Fdados202206_1.json,2026-08-12T00:33:56Z,11af3a43cb06240df9e393cc4c0e90ba9df2bf0797b024de56c21f4b4a49ff30,7656277,gzip do original,IF.data data-base 202206
data_raw/ifdata/202206/dados202206_2.json.gz,BCB/IF.data,https://www3.bcb.gov.br/ifdata/rest/arquivos?nomeArquivo=ifdata%2F202206%2Fdados202206_2.json,2026-08-12T00:33:57Z,cf9e0bb58de4a7ea0551b99c152d15d2d1701c1a5ee3f2563ff21a01d8dc73a7,252972,gzip do original,IF.data data-base 202206
data_raw/ifdata/202206/dados202206_3.json.gz,BCB/IF.data,https://www3.bcb.gov.br/ifdata/rest/arquivos?nomeArquivo=ifdata%2F202206%2Fdados202206_3.json,2026-08-12T00:34:01Z,319cdabc2dcd8702ba485caaf32d171962a4675d9d6c9ad79ce0465a77da1563,7701262,gzip do original,IF.data data-base 202206
data_raw/ifdata/202206/dados202206_4.json.gz,BCB/IF.data,https://www3.bcb.gov.br/ifdata/rest/arquivos?nomeArquivo=ifdata%2F202206%2Fdados202206_4.json,2026-08-12T00:34:02Z,5f70ab15da41126e3d3bd0a85ad0a43cabf37e159aacbaedc702345eab0d8956,82831,gzip do original,IF.data data-base 202206
data_raw/ifdata/202206/info202206.json,BCB/IF.data,https://www3.bcb.gov.br/ifdata/rest/arquivos?nomeArquivo=ifdata%2F202206%2Finfo202206.json,2026-08-12T00:34:03Z,111455c846a0181dd0c806a701c24c3c3c4aa91a37124c86e91d1b94633764b4,128506,original,IF.data data-base 202206
data_raw/ifdata/202206/sel202206.json,BCB/IF.data,https://www3.bcb.gov.br/ifdata/rest/arquivos?nomeArquivo=ifdata%2F202206%2Fsel202206.json,2026-08-12T00:34:04Z,eda10a191d168a660d568e78d818f19222951f2859e2c83ea3e01f818c4f3538,559,original,IF.data data-base 202206
data_raw/ifdata/202206/trel202206_100.json,BCB/IF.data,https://www3.bcb.gov.br/ifdata/rest/arquivos?nomeArquivo=ifdata%2F202206%2Ftrel202206_100.json,2026-08-12T00:34:05Z,b3906fb1ac330581cbb931c7bc46ee6607dd0720547a4faddad38427c7666696,7503,original,IF.data data-base 202206
data_raw/ifdata/202206/trel202206_101.json,BCB/IF.data,https://www3.bcb.gov.br/ifdata/rest/arquivos?nomeArquivo=ifdata%2F202206%2Ftrel202206_101.json,2026-08-12T00:34:06Z,f54a93c09e7b3292a3fe325860f845d9dd17ec3f33f1d41ba1ceb4ab65d48c2e,6644,original,IF.data data-base 202206
data_raw/ifdata/202206/trel202206_3.json,BCB/IF.data,https://www3.bcb.gov.br/ifdata/rest/arquivos?nomeArquivo=ifdata%2F202206%2Ftrel202206_3.json,2026-08-12T00:34:07Z,a4bf32bff3767938f1816ba5d25616013abbad79de54e968f7e20b692beb71b7,5993,original,IF.data data-base 202206
data_raw/ifdata/202206/trel202206_6.json,BCB/IF.data,https://www3.bcb.gov.br/ifdata/rest/arquivos?nomeArquivo=ifdata%2F202206%2Ftrel202206_6.json,2026-08-12T00:34:07Z,a64aed3e029b0e7ae24beecfad55c8ee9b44355056604c67b3321594676ef77c,8982,original,IF.data data-base 202206
data_raw/ifdata/202206/trel202206_62.json,BCB/IF.data,https://www3.bcb.gov.br/ifdata/rest/arquivos?nomeArquivo=ifdata%2F202206%2Ftrel202206_62.json,2026-08-12T00:34:08Z,1a2982a58031493170b0a62be41d2b8acdaaa02ed036fed5e7da155abc5f17c8,24012,original,IF.data data-base 202206
data_raw/ifdata/202206/trel202206_64.json,BCB/IF.data,https://www3.bcb.gov.br/ifdata/rest/arquivos?nomeArquivo=ifdata%2F202206%2Ftrel202206_64.json,2026-08-12T00:34:09Z,cd48f306d5107cc0013f291676a6995dc6d32aec0da64f83b8c165cfe2d0c2a3,6160,original,IF.data data-base 202206
data_raw/ifdata/202206/trel202206_65.json,BCB/IF.data,https://www3.bcb.gov.br/ifdata/rest/arquivos?nomeArquivo=ifdata%2F202206%2Ftrel202206_65.json,2026-08-12T00:34:10Z,62aa5bf8a32b5ce2bf4da36491e525dea8fd524ed83f018031652624b23b0dc9,10764,original,IF.data data-base 202206
data_raw/ifdata/202206/trel202206_66.json,BCB/IF.data,https://www3.bcb.gov.br/ifdata/rest/arquivos?nomeArquivo=ifdata%2F202206%2Ftrel202206_66.json,2026-08-12T00:34:11Z,42ac487c1c237752cd04f6fb59fc2cb32450c2f9528819c394357f2bc1b90b69,6886,original,IF.data data-base 202206
data_raw/ifdata/202206/trel202206_67.json,BCB/IF.data,https://www3.bcb.gov.br/ifdata/rest/arquivos?nomeArquivo=ifdata%2F202206%2Ftrel202206_67.json,2026-08-12T00:34:12Z,efe729162164f7a169e50909ad32ea7cd3fe8f5d3a0070457315d42cbdab47b2,7783,original,IF.data data-base 202206
data_raw/ifdata/202206/trel202206_68.json,BCB/IF.data,https://www3.bcb.gov.br/ifdata/rest/arquivos?nomeArquivo=ifdata%2F202206%2Ftrel202206_68.json,2026-08-12T00:34:13Z,959918df7fc32c481efc4b79e12bf7d7e5b2b40a9a81ce0d35a21e5be2e04b85,6957,original,IF.data data-base 202206
data_raw/ifdata/202206/trel202206_70.json,BCB/IF.data,https://www3.bcb.gov.br/ifdata/rest/arquivos?nomeArquivo=ifdata%2F202206%2Ftrel202206_70.json,2026-08-12T00:34:13Z,c398422ffe0f461d99906f687302c03b37dffba9b51db0fe61eede4d9321083f,6171,original,IF.data data-base 202206
data_raw/ifdata/202206/trel202206_71.json,BCB/IF.data,https://www3.bcb.gov.br/ifdata/rest/arquivos?nomeArquivo=ifdata%2F202206%2Ftrel202206_71.json,2026-08-12T00:34:14Z,1ac24e67d954470db1ff93e93c628bca974708db834b780b37c6353d061be942,29190,original,IF.data data-base 202206
data_raw/ifdata/202206/trel202206_73.json,BCB/IF.data,https://www3.bcb.gov.br/ifdata/rest/arquivos?nomeArquivo=ifdata%2F202206%2Ftrel202206_73.json,2026-08-12T00:34:15Z,382bc3a962a36210dff7494153920253fc8d8204971ef41f45a13ccc946018d7,30010,original,IF.data data-base 202206
data_raw/ifdata/202206/trel202206_77.json,BCB/IF.data,https://www3.bcb.gov.br/ifdata/rest/arquivos?nomeArquivo=ifdata%2F202206%2Ftrel202206_77.json,2026-08-12T00:34:16Z,80d17c336786bd1f5440074adc61bc90b49dec9b55313f333b7f987ca72d23d8,6796,original,IF.data data-base 202206
data_raw/ifdata/202206/trel202206_80.json,BCB/IF.data,https://www3.bcb.gov.br/ifdata/rest/arquivos?nomeArquivo=ifdata%2F202206%2Ftrel202206_80.json,2026-08-12T00:34:17Z,879a49a987792963aeef3d858e9a09075cadeea795c5716a63d0348b24188882,5289,original,IF.data data-base 202206
data_raw/ifdata/202206/trel202206_81.json,BCB/IF.data,https://www3.bcb.gov.br/ifdata/rest/arquivos?nomeArquivo=ifdata%2F202206%2Ftrel202206_81.json,2026-08-12T00:34:18Z,973125dd63e250258a23bc379810ae75cee79a05778df192ff226186ffe76cc5,5139,original,IF.data data-base 202206
data_raw/ifdata/202206/trel202206_90.json,BCB/IF.data,https://www3.bcb.gov.br/ifdata/rest/arquivos?nomeArquivo=ifdata%2F202206%2Ftrel202206_90.json,2026-08-12T00:34:18Z,a6808cab3a3ecf3aa2564f33e164f7895a144b70134164a4e672a2b74ca641a9,8149,original,IF.data data-base 202206
data_raw/ifdata/202206/trel202206_91.json,BCB/IF.data,https://www3.bcb.gov.br/ifdata/rest/arquivos?nomeArquivo=ifdata%2F202206%2Ftrel202206_91.json,2026-08-12T00:34:19Z,833bf2ff9e83946732c2ef8bc878b20c1f2f5de23f0840ba5a02fe4253ecbec8,8860,original,IF.data data-base 202206
data_raw/ifdata/202206/trel202206_92.json,BCB/IF.data,https://www3.bcb.gov.br/ifdata/rest/arquivos?nomeArquivo=ifdata%2F202206%2Ftrel202206_92.json,2026-08-12T00:34:20Z,fafb0a3eb0d4ff993d7a10d2cf7be4db8815646b711bb3f50c09a1ddcacbd49c,6557,original,IF.data data-base 202206
data_raw/ifdata/202206/trel202206_93.json,BCB/IF.data,https://www3.bcb.gov.br/ifdata/rest/arquivos?nomeArquivo=ifdata%2F202206%2Ftrel202206_93.json,2026-08-12T00:34:20Z,1c28f0e75d31751fcdb012231735a74f6f0c9584318f04f6fe1a991f113634ad,7381,original,IF.data data-base 202206
data_raw/ifdata/202206/trel202206_94.json,BCB/IF.data,https://www3.bcb.gov.br/ifdata/rest/arquivos?nomeArquivo=ifdata%2F202206%2Ftrel202206_94.json,2026-08-12T00:34:21Z,570f8973cddf9c643cf353bbe1d99da4fa5ef66ea57726105b2152f6d1fd2ffd,9765,original,IF.data data-base 202206
data_raw/ifdata/202206/trel202206_95.json,BCB/IF.data,https://www3.bcb.gov.br/ifdata/rest/arquivos?nomeArquivo=ifdata%2F202206%2Ftrel202206_95.json,2026-08-12T00:34:21Z,a51adb784344c49287aad89dc8c2e6a4f3ce02b60b4ddee5b7694bcd6ba4a2b8,6889,original,IF.data data-base 202206
data_raw/ifdata/202206/trel202206_96.json,BCB/IF.data,https://www3.bcb.gov.br/ifdata/rest/arquivos?nomeArquivo=ifdata%2F202206%2Ftrel202206_96.json,2026-08-12T00:34:22Z,5cb454c14e76e8ffeafd6a07d7ba131afc070736dadb31d7c5962c200bb652a2,5943,original,IF.data data-base 202206
data_raw/ifdata/202206/trel202206_98.json,BCB/IF.data,https://www3.bcb.gov.br/ifdata/rest/arquivos?nomeArquivo=ifdata%2F202206%2Ftrel202206_98.json,2026-08-12T00:34:23Z,05c673b20131fb3ca88fbe3c18d10fad8dcf4b68e487c802f0e608c0850c6523,8808,original,IF.data data-base 202206
data_raw/ifdata/202206/trel202206_99.json,BCB/IF.data,https://www3.bcb.gov.br/ifdata/rest/arquivos?nomeArquivo=ifdata%2F202206%2Ftrel202206_99.json,2026-08-12T00:34:23Z,bd377cb4a635a8ba384d63db2196e99dcd1c80fa6dfca6f35afbe0c244b40bd0,6694,original,IF.data data-base 202206
data_raw/ifdata/202209/cadastro202209_1005.json,BCB/IF.data,https://www3.bcb.gov.br/ifdata/rest/arquivos?nomeArquivo=ifdata%2F202209%2Fcadastro202209_1005.json,2026-08-12T00:34:24Z,9f9147699b76c47b9af9d2fb491ff7c2cef90dbea0b1c17785bc0cece13d414a,602915,original,IF.data data-base 202209 tipo 1005
data_raw/ifdata/202209/dados202209_1.json.gz,BCB/IF.data,https://www3.bcb.gov.br/ifdata/rest/arquivos?nomeArquivo=ifdata%2F202209%2Fdados202209_1.json,2026-08-12T00:34:27Z,29a53eb7ab3301466e18bae5a87d277ad3c59c9aebbd37ceb0f5cd48ba1503d4,7914155,gzip do original,IF.data data-base 202209
data_raw/ifdata/202209/dados202209_2.json.gz,BCB/IF.data,https://www3.bcb.gov.br/ifdata/rest/arquivos?nomeArquivo=ifdata%2F202209%2Fdados202209_2.json,2026-08-12T00:34:28Z,63d9a1bba3250b161d7c5b67aaa45d45d3ff5f69bd389687ace154d28eddf041,263168,gzip do original,IF.data data-base 202209
data_raw/ifdata/202209/dados202209_3.json.gz,BCB/IF.data,https://www3.bcb.gov.br/ifdata/rest/arquivos?nomeArquivo=ifdata%2F202209%2Fdados202209_3.json,2026-08-12T00:34:53Z,01cf4f4a11dc981c1838930dbc0a37e09ea88b5da544df26b93b9d56bb4dc2ee,7447099,gzip do original,IF.data data-base 202209
data_raw/ifdata/202209/dados202209_4.json.gz,BCB/IF.data,https://www3.bcb.gov.br/ifdata/rest/arquivos?nomeArquivo=ifdata%2F202209%2Fdados202209_4.json,2026-08-12T00:34:54Z,85192654ff6a5666f34c6bb97c625eab4804f99724f34f5ea1f2f9a93b4c9c46,82312,gzip do original,IF.data data-base 202209
data_raw/ifdata/202209/info202209.json,BCB/IF.data,https://www3.bcb.gov.br/ifdata/rest/arquivos?nomeArquivo=ifdata%2F202209%2Finfo202209.json,2026-08-12T00:34:55Z,111455c846a0181dd0c806a701c24c3c3c4aa91a37124c86e91d1b94633764b4,128506,original,IF.data data-base 202209
data_raw/ifdata/202209/sel202209.json,BCB/IF.data,https://www3.bcb.gov.br/ifdata/rest/arquivos?nomeArquivo=ifdata%2F202209%2Fsel202209.json,2026-08-12T00:34:56Z,eda10a191d168a660d568e78d818f19222951f2859e2c83ea3e01f818c4f3538,559,original,IF.data data-base 202209
data_raw/ifdata/202209/trel202209_100.json,BCB/IF.data,https://www3.bcb.gov.br/ifdata/rest/arquivos?nomeArquivo=ifdata%2F202209%2Ftrel202209_100.json,2026-08-12T00:34:56Z,f189f84676df1c34500dae7972c3cd3147a7a051b203b0dbfb669f59d087a771,7504,original,IF.data data-base 202209
data_raw/ifdata/202209/trel202209_101.json,BCB/IF.data,https://www3.bcb.gov.br/ifdata/rest/arquivos?nomeArquivo=ifdata%2F202209%2Ftrel202209_101.json,2026-08-12T00:34:57Z,66ff02db217be2e43bf7784770309880b9e0c801a054339774e268e06e1c3b4b,6645,original,IF.data data-base 202209
data_raw/ifdata/202209/trel202209_3.json,BCB/IF.data,https://www3.bcb.gov.br/ifdata/rest/arquivos?nomeArquivo=ifdata%2F202209%2Ftrel202209_3.json,2026-08-12T00:34:58Z,9712f58feda5639da1339a309f2a21a1bcb69c2b44d4f9fa16bb40e23bfcfc94,5994,original,IF.data data-base 202209
data_raw/ifdata/202209/trel202209_6.json,BCB/IF.data,https://www3.bcb.gov.br/ifdata/rest/arquivos?nomeArquivo=ifdata%2F202209%2Ftrel202209_6.json,2026-08-12T00:34:59Z,efc8f0072c32893c5460bda03c3e50e650d9820c380d95c6fd2a305a531a5b8b,8983,original,IF.data data-base 202209
data_raw/ifdata/202209/trel202209_62.json,BCB/IF.data,https://www3.bcb.gov.br/ifdata/rest/arquivos?nomeArquivo=ifdata%2F202209%2Ftrel202209_62.json,2026-08-12T00:35:00Z,fa013826568012df3c59c06f64418cfbc321d2a23e6b160b2f2ea479353b9f10,24013,original,IF.data data-base 202209
data_raw/ifdata/202209/trel202209_64.json,BCB/IF.data,https://www3.bcb.gov.br/ifdata/rest/arquivos?nomeArquivo=ifdata%2F202209%2Ftrel202209_64.json,2026-08-12T00:35:01Z,a2c718abda620d2f3b07e20f1c86119ade1cadcc0374cf5c6c8c7fe1062aa804,6161,original,IF.data data-base 202209
data_raw/ifdata/202209/trel202209_65.json,BCB/IF.data,https://www3.bcb.gov.br/ifdata/rest/arquivos?nomeArquivo=ifdata%2F202209%2Ftrel202209_65.json,2026-08-12T00:35:02Z,b50913ccb13d5a2a1cae64643ceaf915a204275129a280946472089806fe1762,10765,original,IF.data data-base 202209
data_raw/ifdata/202209/trel202209_66.json,BCB/IF.data,https://www3.bcb.gov.br/ifdata/rest/arquivos?nomeArquivo=ifdata%2F202209%2Ftrel202209_66.json,2026-08-12T00:35:03Z,e79b3abdac1085641dfa9171bc19de648f7fc87d519799baaf011959ef125d9c,6887,original,IF.data data-base 202209
data_raw/ifdata/202209/trel202209_67.json,BCB/IF.data,https://www3.bcb.gov.br/ifdata/rest/arquivos?nomeArquivo=ifdata%2F202209%2Ftrel202209_67.json,2026-08-12T00:35:04Z,32683965b700d248662e596e37f657e0873d99567a384ac8345941bf0f387ecf,7784,original,IF.data data-base 202209
data_raw/ifdata/202209/trel202209_68.json,BCB/IF.data,https://www3.bcb.gov.br/ifdata/rest/arquivos?nomeArquivo=ifdata%2F202209%2Ftrel202209_68.json,2026-08-12T00:35:04Z,7668207b3693bc37c60ece4c2d3c21953aeea69c504b5d6f69cc7ed623b9ce81,6958,original,IF.data data-base 202209
data_raw/ifdata/202209/trel202209_70.json,BCB/IF.data,https://www3.bcb.gov.br/ifdata/rest/arquivos?nomeArquivo=ifdata%2F202209%2Ftrel202209_70.json,2026-08-12T00:35:05Z,3f9d8dfce7b5402831ed16b467f9b6d29f42a722ffa17ca5522905406ed84e8f,6172,original,IF.data data-base 202209
data_raw/ifdata/202209/trel202209_71.json,BCB/IF.data,https://www3.bcb.gov.br/ifdata/rest/arquivos?nomeArquivo=ifdata%2F202209%2Ftrel202209_71.json,2026-08-12T00:35:06Z,aa256d44a7fd2455e58190cbc74e049f5a8197decb7b39a22ddd0b7030f983f3,29190,original,IF.data data-base 202209
data_raw/ifdata/202209/trel202209_73.json,BCB/IF.data,https://www3.bcb.gov.br/ifdata/rest/arquivos?nomeArquivo=ifdata%2F202209%2Ftrel202209_73.json,2026-08-12T00:35:06Z,fd6564fc67773941d99a901e3de2be842758088a3ad60afe5e2354b42910c70c,30011,original,IF.data data-base 202209
data_raw/ifdata/202209/trel202209_77.json,BCB/IF.data,https://www3.bcb.gov.br/ifdata/rest/arquivos?nomeArquivo=ifdata%2F202209%2Ftrel202209_77.json,2026-08-12T00:35:07Z,0b009097fb2982e137e52fca4a4b6c8e012dc71a12a02c8a366eeb61f3111f25,6797,original,IF.data data-base 202209
data_raw/ifdata/202209/trel202209_80.json,BCB/IF.data,https://www3.bcb.gov.br/ifdata/rest/arquivos?nomeArquivo=ifdata%2F202209%2Ftrel202209_80.json,2026-08-12T00:35:08Z,6f046ae26cf5f5f2570eeb1efcfe943151209d58b8a7af29591496c92789fd34,5290,original,IF.data data-base 202209
data_raw/ifdata/202209/trel202209_81.json,BCB/IF.data,https://www3.bcb.gov.br/ifdata/rest/arquivos?nomeArquivo=ifdata%2F202209%2Ftrel202209_81.json,2026-08-12T00:35:08Z,9fc4d047cd2baf5719979bf7d724b2469201c8243d154e15201d4b0ae16ca502,5140,original,IF.data data-base 202209
data_raw/ifdata/202209/trel202209_90.json,BCB/IF.data,https://www3.bcb.gov.br/ifdata/rest/arquivos?nomeArquivo=ifdata%2F202209%2Ftrel202209_90.json,2026-08-12T00:35:09Z,1130e7f16d2c4a52e2702f8803a7ea56d74d0b6b1e144b6282524b26daf92a25,8150,original,IF.data data-base 202209
data_raw/ifdata/202209/trel202209_91.json,BCB/IF.data,https://www3.bcb.gov.br/ifdata/rest/arquivos?nomeArquivo=ifdata%2F202209%2Ftrel202209_91.json,2026-08-12T00:35:09Z,831c5ba9983c426778bb9414fb544365655129892df236c3c55a0edc684a4a7e,8861,original,IF.data data-base 202209
data_raw/ifdata/202209/trel202209_92.json,BCB/IF.data,https://www3.bcb.gov.br/ifdata/rest/arquivos?nomeArquivo=ifdata%2F202209%2Ftrel202209_92.json,2026-08-12T00:35:10Z,9575dfc964cab0e36166c27aafd708b39fcfd285cf0dfbe802fefd917cccc160,6558,original,IF.data data-base 202209
data_raw/ifdata/202209/trel202209_93.json,BCB/IF.data,https://www3.bcb.gov.br/ifdata/rest/arquivos?nomeArquivo=ifdata%2F202209%2Ftrel202209_93.json,2026-08-12T00:35:11Z,eeaeabba2dccd1957dcfbe4c82d6ea80d4227231c8a75d6faa0ec7d0efa8e4c5,7382,original,IF.data data-base 202209
data_raw/ifdata/202209/trel202209_94.json,BCB/IF.data,https://www3.bcb.gov.br/ifdata/rest/arquivos?nomeArquivo=ifdata%2F202209%2Ftrel202209_94.json,2026-08-12T00:35:12Z,a971b959a6cb713b8ad50e0b0737866d3ee5709b0c8d1eaec91800dbf611f13c,9766,original,IF.data data-base 202209
data_raw/ifdata/202209/trel202209_95.json,BCB/IF.data,https://www3.bcb.gov.br/ifdata/rest/arquivos?nomeArquivo=ifdata%2F202209%2Ftrel202209_95.json,2026-08-12T00:35:13Z,cc7661501302b55c04700aaf814c4a93363492dde20013fa71dd881ef5efe4c4,6890,original,IF.data data-base 202209
data_raw/ifdata/202209/trel202209_96.json,BCB/IF.data,https://www3.bcb.gov.br/ifdata/rest/arquivos?nomeArquivo=ifdata%2F202209%2Ftrel202209_96.json,2026-08-12T00:35:13Z,b5c467abdf264ab4860bd08b69121dfc993e693b6193db2bc2e7bd54c02a4649,5944,original,IF.data data-base 202209
data_raw/ifdata/202209/trel202209_98.json,BCB/IF.data,https://www3.bcb.gov.br/ifdata/rest/arquivos?nomeArquivo=ifdata%2F202209%2Ftrel202209_98.json,2026-08-12T00:35:14Z,8d39bfe7641c2c00796816150769b954b6c7a9f8190d06df4f17a7177bcb7bfd,8809,original,IF.data data-base 202209
data_raw/ifdata/202209/trel202209_99.json,BCB/IF.data,https://www3.bcb.gov.br/ifdata/rest/arquivos?nomeArquivo=ifdata%2F202209%2Ftrel202209_99.json,2026-08-12T00:35:15Z,2e0c40fb01b544ce7803108a8001420d21397456f7cac3946ec026ba7251e11b,6695,original,IF.data data-base 202209
data_raw/ifdata/202212/cadastro202212_1005.json,BCB/IF.data,https://www3.bcb.gov.br/ifdata/rest/arquivos?nomeArquivo=ifdata%2F202212%2Fcadastro202212_1005.json,2026-08-12T00:35:15Z,3be1ae927de239f0a56391cb6343442612a3f4ca843b53d8c71d21a50e39142e,617827,original,IF.data data-base 202212 tipo 1005
data_raw/ifdata/202212/dados202212_1.json.gz,BCB/IF.data,https://www3.bcb.gov.br/ifdata/rest/arquivos?nomeArquivo=ifdata%2F202212%2Fdados202212_1.json,2026-08-12T00:35:18Z,818d47dd9f14e3b1455810e4120bd3abc9d47ff6d30c226facc1b5a37dbb5b46,14264266,gzip do original,IF.data data-base 202212
data_raw/ifdata/202212/dados202212_2.json.gz,BCB/IF.data,https://www3.bcb.gov.br/ifdata/rest/arquivos?nomeArquivo=ifdata%2F202212%2Fdados202212_2.json,2026-08-12T00:35:19Z,017c0b3a01134542bc308e4b60bce50550f67a7de121055c523895b46652ce2c,209729,gzip do original,IF.data data-base 202212
data_raw/ifdata/202212/dados202212_3.json.gz,BCB/IF.data,https://www3.bcb.gov.br/ifdata/rest/arquivos?nomeArquivo=ifdata%2F202212%2Fdados202212_3.json,2026-08-12T00:35:22Z,5ca31715a70e2ad09b1380e6c3a17da8204eb59986a481971a8c48c0080977bf,7478973,gzip do original,IF.data data-base 202212
data_raw/ifdata/202212/dados202212_4.json.gz,BCB/IF.data,https://www3.bcb.gov.br/ifdata/rest/arquivos?nomeArquivo=ifdata%2F202212%2Fdados202212_4.json,2026-08-12T00:35:23Z,cbf86bed49b18aa3245c624372ad5c47e416c1adcc7a5123afb209836f967bce,82161,gzip do original,IF.data data-base 202212
data_raw/ifdata/202212/dados202212_5.json.gz,BCB/IF.data,https://www3.bcb.gov.br/ifdata/rest/arquivos?nomeArquivo=ifdata%2F202212%2Fdados202212_5.json,2026-08-12T00:35:24Z,7da2a02fa6fb0ce54fc34c87fa0f9a8ce57b0cb375ec82b993ea935fb1500327,287814,gzip do original,IF.data data-base 202212
data_raw/ifdata/202212/info202212.json,BCB/IF.data,https://www3.bcb.gov.br/ifdata/rest/arquivos?nomeArquivo=ifdata%2F202212%2Finfo202212.json,2026-08-12T00:35:24Z,77db03ff9d2d9f5bef0ee1a0f354cc5297699e5b103d6ce3b3fbd033de92c343,173753,original,IF.data data-base 202212
data_raw/ifdata/202212/sel202212.json,BCB/IF.data,https://www3.bcb.gov.br/ifdata/rest/arquivos?nomeArquivo=ifdata%2F202212%2Fsel202212.json,2026-08-12T00:35:25Z,1574e1b7a4dbc984bd155b7ab2c017d4da5fc5cfa27a055fc9bed8bd3d17487b,583,original,IF.data data-base 202212
data_raw/ifdata/202212/trel202212_100.json,BCB/IF.data,https://www3.bcb.gov.br/ifdata/rest/arquivos?nomeArquivo=ifdata%2F202212%2Ftrel202212_100.json,2026-08-12T00:35:25Z,ac46bbe40d424c5eddeda833639b8a6a5e5adea984f0f8702d1554b1a6a5b9cf,7391,original,IF.data data-base 202212
data_raw/ifdata/202212/trel202212_101.json,BCB/IF.data,https://www3.bcb.gov.br/ifdata/rest/arquivos?nomeArquivo=ifdata%2F202212%2Ftrel202212_101.json,2026-08-12T00:35:26Z,1bcd9fb869fd32cbd409b2617701fea94dd2c00a2087926cfae9ddf31d783734,7106,original,IF.data data-base 202212
data_raw/ifdata/202212/trel202212_3.json,BCB/IF.data,https://www3.bcb.gov.br/ifdata/rest/arquivos?nomeArquivo=ifdata%2F202212%2Ftrel202212_3.json,2026-08-12T00:35:27Z,e302f5a806e21aa8070460b505384fac5bc31fbc5e38186d1bcd1083019fdbc0,6012,original,IF.data data-base 202212
data_raw/ifdata/202212/trel202212_6.json,BCB/IF.data,https://www3.bcb.gov.br/ifdata/rest/arquivos?nomeArquivo=ifdata%2F202212%2Ftrel202212_6.json,2026-08-12T00:35:27Z,360a8be84c2d7f43007fe6c7a9350d0f73605775202dfefcd000b9d50e06c89f,8915,original,IF.data data-base 202212
data_raw/ifdata/202212/trel202212_62.json,BCB/IF.data,https://www3.bcb.gov.br/ifdata/rest/arquivos?nomeArquivo=ifdata%2F202212%2Ftrel202212_62.json,2026-08-12T00:35:28Z,0296b0adca707fa540471434bbd541d6a3c6abb2428317bc03d6ff533ab5bc74,24582,original,IF.data data-base 202212
data_raw/ifdata/202212/trel202212_64.json,BCB/IF.data,https://www3.bcb.gov.br/ifdata/rest/arquivos?nomeArquivo=ifdata%2F202212%2Ftrel202212_64.json,2026-08-12T00:35:29Z,856119045a3e2debd14898b52dd09d80865da2fdb8d73927708a3d3b51d6fc6c,6732,original,IF.data data-base 202212
data_raw/ifdata/202212/trel202212_65.json,BCB/IF.data,https://www3.bcb.gov.br/ifdata/rest/arquivos?nomeArquivo=ifdata%2F202212%2Ftrel202212_65.json,2026-08-12T00:35:29Z,293a0bddc09bc2a3bf1a7f6b86fe19ce56566915c902fb5818f6b9809bfbb1f9,11336,original,IF.data data-base 202212
data_raw/ifdata/202212/trel202212_66.json,BCB/IF.data,https://www3.bcb.gov.br/ifdata/rest/arquivos?nomeArquivo=ifdata%2F202212%2Ftrel202212_66.json,2026-08-12T00:35:30Z,925ef1cc6b256417a3cc429d05ef2240de8232585f9647983e0acc4bc4a45042,7457,original,IF.data data-base 202212
data_raw/ifdata/202212/trel202212_67.json,BCB/IF.data,https://www3.bcb.gov.br/ifdata/rest/arquivos?nomeArquivo=ifdata%2F202212%2Ftrel202212_67.json,2026-08-12T00:35:31Z,33c09caedc625caa905d5951c317eeb98261b1b846eb4f68b74779cf1936b278,8355,original,IF.data data-base 202212
data_raw/ifdata/202212/trel202212_68.json,BCB/IF.data,https://www3.bcb.gov.br/ifdata/rest/arquivos?nomeArquivo=ifdata%2F202212%2Ftrel202212_68.json,2026-08-12T00:35:32Z,1a78ede2907e47072235fdba9c89cdb8c6536320178167381ab288b571c430c6,7529,original,IF.data data-base 202212
data_raw/ifdata/202212/trel202212_70.json,BCB/IF.data,https://www3.bcb.gov.br/ifdata/rest/arquivos?nomeArquivo=ifdata%2F202212%2Ftrel202212_70.json,2026-08-12T00:35:32Z,47eef9e8435335de537fd326491b34b258e1eaa066caff2ec34aaf454bb0659e,6189,original,IF.data data-base 202212
data_raw/ifdata/202212/trel202212_71.json,BCB/IF.data,https://www3.bcb.gov.br/ifdata/rest/arquivos?nomeArquivo=ifdata%2F202212%2Ftrel202212_71.json,2026-08-12T00:35:33Z,395900d5109ef2c88c635ad4b7be24d8e7257fbbf27983314b633f695063dc76,29190,original,IF.data data-base 202212
data_raw/scr/dominio_modalidade.json,BCB/SCR.data,https://www.bcb.gov.br/api/servico/sitebcb/sistemainformacaocredito_modalidade,2026-08-12T00:35:33Z,45b2564d44a6b8c63ea1b12a39b73c4a5cec062a8288fdbfc1166b83d35f9dd1,1290,original,dominio da dimensao modalidade
data_raw/ifdata/202212/trel202212_73.json,BCB/IF.data,https://www3.bcb.gov.br/ifdata/rest/arquivos?nomeArquivo=ifdata%2F202212%2Ftrel202212_73.json,2026-08-12T00:35:34Z,a54df7385d14ff163b9e8a79fb0edc74069b9539e289aa7230b9d0a1e30acf4a,30582,original,IF.data data-base 202212
data_raw/ifdata/202212/trel202212_77.json,BCB/IF.data,https://www3.bcb.gov.br/ifdata/rest/arquivos?nomeArquivo=ifdata%2F202212%2Ftrel202212_77.json,2026-08-12T00:35:34Z,ce7df49a4abfee25464aef8762edae4d05dd650d4437d92f28b91e8548f27094,6797,original,IF.data data-base 202212
data_raw/scr/dominio_porte.json,BCB/SCR.data,https://www.bcb.gov.br/api/servico/sitebcb/sistemainformacaocredito_porte,2026-08-12T00:35:34Z,d40d2b44cabb926015c58cb6d20986376613b5c10b7083c08ea6fc4f19199a57,1024,original,dominio da dimensao porte
data_raw/ifdata/202212/trel202212_80.json,BCB/IF.data,https://www3.bcb.gov.br/ifdata/rest/arquivos?nomeArquivo=ifdata%2F202212%2Ftrel202212_80.json,2026-08-12T00:35:35Z,4fd45e73f301564deeec7777834ed713bf64babdb74037021e5441766166f10c,5107,original,IF.data data-base 202212
data_raw/ifdata/202212/trel202212_81.json,BCB/IF.data,https://www3.bcb.gov.br/ifdata/rest/arquivos?nomeArquivo=ifdata%2F202212%2Ftrel202212_81.json,2026-08-12T00:35:36Z,5a6978bcf2d5f8a409f711e2bd647c0a3e754a6d05d290de0cb91c14a1463676,5140,original,IF.data data-base 202212
data_raw/scr/dominio_indexador.json,BCB/SCR.data,https://www.bcb.gov.br/api/servico/sitebcb/sistemainformacaocredito_indexador,2026-08-12T00:35:36Z,2d526a4fc8c9cf0ff52e6c4886efa8630b6b42fd5de341cc2fbafd6227a1d503,314,original,dominio da dimensao indexador
data_raw/ifdata/202212/trel202212_90.json,BCB/IF.data,https://www3.bcb.gov.br/ifdata/rest/arquivos?nomeArquivo=ifdata%2F202212%2Ftrel202212_90.json,2026-08-12T00:35:36Z,0b52171fe30e324eb36b4154557bbebad20fd75f0c6d2332d75e10b00898b797,8188,original,IF.data data-base 202212
data_raw/ifdata/202212/trel202212_91.json,BCB/IF.data,https://www3.bcb.gov.br/ifdata/rest/arquivos?nomeArquivo=ifdata%2F202212%2Ftrel202212_91.json,2026-08-12T00:35:37Z,da66ed7c01a54256156b2d0206394a062ee8ea0183da22747511973ced0b8b28,8879,original,IF.data data-base 202212
data_raw/scr/dominio_cnae_ocupacao.json,BCB/SCR.data,https://www.bcb.gov.br/api/servico/sitebcb/sistemainformacaocredito_cnae_ocupacao,2026-08-12T00:35:37Z,50042dc14f2d63dd64d9a3d982879dc5fc85c1a1747f6b7beb01500253dd3563,2844,original,dominio da dimensao cnae_ocupacao
data_raw/ifdata/202212/trel202212_92.json,BCB/IF.data,https://www3.bcb.gov.br/ifdata/rest/arquivos?nomeArquivo=ifdata%2F202212%2Ftrel202212_92.json,2026-08-12T00:35:38Z,5015850f243dbc7b3e726e2ec1cda7f0eda1293cce658a4866136e2b4f698137,7096,original,IF.data data-base 202212
data_raw/ifdata/202212/trel202212_93.json,BCB/IF.data,https://www3.bcb.gov.br/ifdata/rest/arquivos?nomeArquivo=ifdata%2F202212%2Ftrel202212_93.json,2026-08-12T00:35:38Z,5ef3b5f4a9e2bdc3825173d1e96693c462172385ac36069839efb2692acc93e8,7382,original,IF.data data-base 202212
data_raw/ifdata/202212/trel202212_94.json,BCB/IF.data,https://www3.bcb.gov.br/ifdata/rest/arquivos?nomeArquivo=ifdata%2F202212%2Ftrel202212_94.json,2026-08-12T00:35:39Z,91bba60c28e9479b247dc48452f7226adf2e019fdd1b40b19fb9bc28f2204a65,9766,original,IF.data data-base 202212
data_raw/ifdata/202212/trel202212_96.json,BCB/IF.data,https://www3.bcb.gov.br/ifdata/rest/arquivos?nomeArquivo=ifdata%2F202212%2Ftrel202212_96.json,2026-08-12T00:35:40Z,5196a493f54db0c3805d168ce984e239efb20b7a12e25893d86464a3879251f1,6521,original,IF.data data-base 202212
data_raw/scr/scr_Todos_Todas.json,BCB/SCR.data,https://www.bcb.gov.br/api/servico/sitebcb/sistemainformacaocredito?dataIn=2015-01-01&dataFim=2026-06-30&uf_filtro=Todas&cnaeocup_filtro=Todos&porte_filtro=Todos&modalidade_filtro=Todas&origem_filtro=Todas&indexador_filtro=Todos&cliente_filtro=Todos&subModalidade_filtro=Todas&segmento_filtro=Todos,2026-08-12T00:35:41Z,7c06d8f9cb29fc936d7d52d5d6bcd2622158af9883a02653257fcb4b190fcde1,32669,original,cliente=Todos | modalidade=Todas | 2015-01-01..2026-06-30
data_raw/ifdata/202212/trel202212_98.json,BCB/IF.data,https://www3.bcb.gov.br/ifdata/rest/arquivos?nomeArquivo=ifdata%2F202212%2Ftrel202212_98.json,2026-08-12T00:35:41Z,51e5a990e8037a27d77037e7be7a2f11049159b430005a415aa1320ae9de82aa,9386,original,IF.data data-base 202212
data_raw/ifdata/202212/trel202212_99.json,BCB/IF.data,https://www3.bcb.gov.br/ifdata/rest/arquivos?nomeArquivo=ifdata%2F202212%2Ftrel202212_99.json,2026-08-12T00:35:42Z,9c9f4dae579df11698a09d968bf345358e36487909060e4328b33757a633c38b,6713,original,IF.data data-base 202212
data_raw/ifdata/202303/cadastro202303_1005.json,BCB/IF.data,https://www3.bcb.gov.br/ifdata/rest/arquivos?nomeArquivo=ifdata%2F202303%2Fcadastro202303_1005.json,2026-08-12T00:35:43Z,681a476a63295cd95696fe1a99570fba4a09cf52b7295a3649bfc98647b122dc,621601,original,IF.data data-base 202303 tipo 1005
data_raw/scr/scr_Todos_PF_Cartao-de-credito.json,BCB/SCR.data,https://www.bcb.gov.br/api/servico/sitebcb/sistemainformacaocredito?dataIn=2015-01-01&dataFim=2026-06-30&uf_filtro=Todas&cnaeocup_filtro=Todos&porte_filtro=Todos&modalidade_filtro=PF - Cartão de crédito&origem_filtro=Todas&indexador_filtro=Todos&cliente_filtro=Todos&subModalidade_filtro=Todas&segmento_filtro=Todos,2026-08-12T00:35:44Z,9457c58e2ace4ad4e956d9d4c64d14c66bc216e493c8a55e4ab4a0fad1e9d318,35245,original,cliente=Todos | modalidade=PF - Cartão de crédito | 2015-01-01..2026-06-30
data_raw/ifdata/202303/dados202303_1.json.gz,BCB/IF.data,https://www3.bcb.gov.br/ifdata/rest/arquivos?nomeArquivo=ifdata%2F202303%2Fdados202303_1.json,2026-08-12T00:35:48Z,346797cf2279ff813aef830204a64e1824607ca3be6d7f76c3510007dde2090f,14458875,gzip do original,IF.data data-base 202303
data_raw/scr/scr_Todos_PF_Emprestimo-sem-consignacao-em-folha.json,BCB/SCR.data,https://www.bcb.gov.br/api/servico/sitebcb/sistemainformacaocredito?dataIn=2015-01-01&dataFim=2026-06-30&uf_filtro=Todas&cnaeocup_filtro=Todos&porte_filtro=Todos&modalidade_filtro=PF - Empréstimo sem consignação em folha&origem_filtro=Todas&indexador_filtro=Todos&cliente_filtro=Todos&subModalidade_filtro=Todas&segmento_filtro=Todos,2026-08-12T00:35:48Z,22fea16fabe8a31ae612db056ae23c23db2cb2a855427e35535152f247a7976c,37860,original,cliente=Todos | modalidade=PF - Empréstimo sem consignação em folha | 2015-01-01..2026-06-30
data_raw/ifdata/202303/dados202303_2.json.gz,BCB/IF.data,https://www3.bcb.gov.br/ifdata/rest/arquivos?nomeArquivo=ifdata%2F202303%2Fdados202303_2.json,2026-08-12T00:35:49Z,fa68e8e7c4e11e221710969be134f3af9e68d2b649356a05542915cd22337fca,212260,gzip do original,IF.data data-base 202303
data_raw/scr/scr_Todos_PF_Emprestimo-com-consignacao-em-folha.json,BCB/SCR.data,https://www.bcb.gov.br/api/servico/sitebcb/sistemainformacaocredito?dataIn=2015-01-01&dataFim=2026-06-30&uf_filtro=Todas&cnaeocup_filtro=Todos&porte_filtro=Todos&modalidade_filtro=PF - Empréstimo com consignação em folha&origem_filtro=Todas&indexador_filtro=Todos&cliente_filtro=Todos&subModalidade_filtro=Todas&segmento_filtro=Todos,2026-08-12T00:35:51Z,1f2219f7eb01744b9a98fd43965c36cd18e27667021f0934123d7900855881ee,37798,original,cliente=Todos | modalidade=PF - Empréstimo com consignação em folha | 2015-01-01..2026-06-30
data_raw/ifdata/202303/dados202303_3.json.gz,BCB/IF.data,https://www3.bcb.gov.br/ifdata/rest/arquivos?nomeArquivo=ifdata%2F202303%2Fdados202303_3.json,2026-08-12T00:35:53Z,54b63df92153315d50bb205c3edaf82d58928f62e2318eb4217d8fbe672ec886,7476792,gzip do original,IF.data data-base 202303
data_raw/ifdata/202303/dados202303_4.json.gz,BCB/IF.data,https://www3.bcb.gov.br/ifdata/rest/arquivos?nomeArquivo=ifdata%2F202303%2Fdados202303_4.json,2026-08-12T00:35:54Z,b0ca37f3062462cb7ef6bb6e1f9155c3ffe60fbe24c82cf389c23280267c7056,82198,gzip do original,IF.data data-base 202303
data_raw/ifdata/202303/dados202303_5.json.gz,BCB/IF.data,https://www3.bcb.gov.br/ifdata/rest/arquivos?nomeArquivo=ifdata%2F202303%2Fdados202303_5.json,2026-08-12T00:35:55Z,902a4d28a2a84ecfbdbfe14af0220babd64dd255d66dc8348a888e6cf1967807,285215,gzip do original,IF.data data-base 202303
data_raw/scr/scr_Todos_PF_Habitacional.json,BCB/SCR.data,https://www.bcb.gov.br/api/servico/sitebcb/sistemainformacaocredito?dataIn=2015-01-01&dataFim=2026-06-30&uf_filtro=Todas&cnaeocup_filtro=Todos&porte_filtro=Todos&modalidade_filtro=PF - Habitacional&origem_filtro=Todas&indexador_filtro=Todos&cliente_filtro=Todos&subModalidade_filtro=Todas&segmento_filtro=Todos,2026-08-12T00:35:55Z,c384c5305fa44a89d4e020bee6250a399aba86aa9467e8e2e70241e4a5b12090,34228,original,cliente=Todos | modalidade=PF - Habitacional | 2015-01-01..2026-06-30
data_raw/ifdata/202303/info202303.json,BCB/IF.data,https://www3.bcb.gov.br/ifdata/rest/arquivos?nomeArquivo=ifdata%2F202303%2Finfo202303.json,2026-08-12T00:35:56Z,77db03ff9d2d9f5bef0ee1a0f354cc5297699e5b103d6ce3b3fbd033de92c343,173753,original,IF.data data-base 202303
data_raw/ifdata/202303/sel202303.json,BCB/IF.data,https://www3.bcb.gov.br/ifdata/rest/arquivos?nomeArquivo=ifdata%2F202303%2Fsel202303.json,2026-08-12T00:35:56Z,1574e1b7a4dbc984bd155b7ab2c017d4da5fc5cfa27a055fc9bed8bd3d17487b,583,original,IF.data data-base 202303
data_raw/ifdata/202303/trel202303_100.json,BCB/IF.data,https://www3.bcb.gov.br/ifdata/rest/arquivos?nomeArquivo=ifdata%2F202303%2Ftrel202303_100.json,2026-08-12T00:35:57Z,af914d8273fba033252613c52f0a84c0741d938909113e105419aa82ed9285d9,7391,original,IF.data data-base 202303
data_raw/ifdata/202303/trel202303_101.json,BCB/IF.data,https://www3.bcb.gov.br/ifdata/rest/arquivos?nomeArquivo=ifdata%2F202303%2Ftrel202303_101.json,2026-08-12T00:35:57Z,66c1cb874bbe6894b1cc56226ac9984b10c8d3afc2f0dccc1f2e7c58397c6df5,7106,original,IF.data data-base 202303
data_raw/ifdata/202303/trel202303_114.json,BCB/IF.data,https://www3.bcb.gov.br/ifdata/rest/arquivos?nomeArquivo=ifdata%2F202303%2Ftrel202303_114.json,2026-08-12T00:35:58Z,411c6cd40fe9d7c7ab25b21ae394406f525386dabc2806eacc9690fe29d12201,8090,original,IF.data data-base 202303
data_raw/scr/scr_Todos_PF_Veiculos.json,BCB/SCR.data,https://www.bcb.gov.br/api/servico/sitebcb/sistemainformacaocredito?dataIn=2015-01-01&dataFim=2026-06-30&uf_filtro=Todas&cnaeocup_filtro=Todos&porte_filtro=Todos&modalidade_filtro=PF - Veículos&origem_filtro=Todas&indexador_filtro=Todos&cliente_filtro=Todos&subModalidade_filtro=Todas&segmento_filtro=Todos,2026-08-12T00:35:59Z,b76881f0746e2a23ea2e87ed926b61f8986c77bc55b7efddedd5b7f6ca037c73,33785,original,cliente=Todos | modalidade=PF - Veículos | 2015-01-01..2026-06-30
data_raw/ifdata/202303/trel202303_3.json,BCB/IF.data,https://www3.bcb.gov.br/ifdata/rest/arquivos?nomeArquivo=ifdata%2F202303%2Ftrel202303_3.json,2026-08-12T00:35:59Z,2e22093efea0518289280e03f27ae4efa27d2841db3ae6829abb3ff0135d4193,6012,original,IF.data data-base 202303
data_raw/ifdata/202303/trel202303_62.json,BCB/IF.data,https://www3.bcb.gov.br/ifdata/rest/arquivos?nomeArquivo=ifdata%2F202303%2Ftrel202303_62.json,2026-08-12T00:35:59Z,64237d1abbeec66ca9807eedf9f7a8e8c44e7f15b3b2cc33db6026fe80b30ecc,24582,original,IF.data data-base 202303
data_raw/ifdata/202303/trel202303_64.json,BCB/IF.data,https://www3.bcb.gov.br/ifdata/rest/arquivos?nomeArquivo=ifdata%2F202303%2Ftrel202303_64.json,2026-08-12T00:36:00Z,e62cd943138d3f0afde8f4c31af2eb5cf4c7ddf7367bd29f63364a6dc499b960,6732,original,IF.data data-base 202303
data_raw/ifdata/202303/trel202303_65.json,BCB/IF.data,https://www3.bcb.gov.br/ifdata/rest/arquivos?nomeArquivo=ifdata%2F202303%2Ftrel202303_65.json,2026-08-12T00:36:01Z,64564e98dad3d6f2844e0d24bb95fe0942dc6767dc62186ddfc982605d131003,11336,original,IF.data data-base 202303
data_raw/ifdata/202303/trel202303_66.json,BCB/IF.data,https://www3.bcb.gov.br/ifdata/rest/arquivos?nomeArquivo=ifdata%2F202303%2Ftrel202303_66.json,2026-08-12T00:36:01Z,88267b3056b6f7cd361129f5282dd2a75444b2bc4d17198b16cf897f6f7e003f,7457,original,IF.data data-base 202303
data_raw/ifdata/202303/trel202303_67.json,BCB/IF.data,https://www3.bcb.gov.br/ifdata/rest/arquivos?nomeArquivo=ifdata%2F202303%2Ftrel202303_67.json,2026-08-12T00:36:02Z,294cdd28f00eb5db81be641d39b8bf2b9318729e2dc429bd83db83119077fe0b,8355,original,IF.data data-base 202303
data_raw/scr/scr_Todos_PJ_Capital-de-giro.json,BCB/SCR.data,https://www.bcb.gov.br/api/servico/sitebcb/sistemainformacaocredito?dataIn=2015-01-01&dataFim=2026-06-30&uf_filtro=Todas&cnaeocup_filtro=Todos&porte_filtro=Todos&modalidade_filtro=PJ - Capital de giro&origem_filtro=Todas&indexador_filtro=Todos&cliente_filtro=Todos&subModalidade_filtro=Todas&segmento_filtro=Todos,2026-08-12T00:36:02Z,37c5335ed1c71c0cd500836cf632272f1022142d74c40e24163fe3f49856ff1f,34639,original,cliente=Todos | modalidade=PJ - Capital de giro | 2015-01-01..2026-06-30
data_raw/ifdata/202303/trel202303_68.json,BCB/IF.data,https://www3.bcb.gov.br/ifdata/rest/arquivos?nomeArquivo=ifdata%2F202303%2Ftrel202303_68.json,2026-08-12T00:36:03Z,c1a7fe9b1bdcd054a987b386e53733ef5664531c1afbbf0e8db95939df3cf2c6,7529,original,IF.data data-base 202303
data_raw/ifdata/202303/trel202303_70.json,BCB/IF.data,https://www3.bcb.gov.br/ifdata/rest/arquivos?nomeArquivo=ifdata%2F202303%2Ftrel202303_70.json,2026-08-12T00:36:03Z,476e9d56e82c6bdb6e2397bdb405831c530aa1f7422fe3fce637125b50dadaab,6189,original,IF.data data-base 202303
data_raw/scr/scr_Todos_PJ_Cheque-especial-e-conta-garantida.json,BCB/SCR.data,https://www.bcb.gov.br/api/servico/sitebcb/sistemainformacaocredito?dataIn=2015-01-01&dataFim=2026-06-30&uf_filtro=Todas&cnaeocup_filtro=Todos&porte_filtro=Todos&modalidade_filtro=PJ - Cheque especial e conta garantida&origem_filtro=Todas&indexador_filtro=Todos&cliente_filtro=Todos&subModalidade_filtro=Todas&segmento_filtro=Todos,2026-08-12T00:36:05Z,bf9bc42362bcd1ae57362336d345512c5363863fe00fddf7b03e25018e08345d,36976,original,cliente=Todos | modalidade=PJ - Cheque especial e conta garantida | 2015-01-01..2026-06-30
data_raw/scr/scr_PF_Todas.json,BCB/SCR.data,https://www.bcb.gov.br/api/servico/sitebcb/sistemainformacaocredito?dataIn=2015-01-01&dataFim=2026-06-30&uf_filtro=Todas&cnaeocup_filtro=Todos&porte_filtro=Todos&modalidade_filtro=Todas&origem_filtro=Todas&indexador_filtro=Todos&cliente_filtro=PF&subModalidade_filtro=Todas&segmento_filtro=Todos,2026-08-12T00:36:09Z,9c45609ad4a7ef1251d478275b310a0ee270534f6947bad5f45b4b23b05db3cd,32261,original,cliente=PF | modalidade=Todas | 2015-01-01..2026-06-30
data_raw/scr/scr_PF_PF_Cartao-de-credito.json,BCB/SCR.data,https://www.bcb.gov.br/api/servico/sitebcb/sistemainformacaocredito?dataIn=2015-01-01&dataFim=2026-06-30&uf_filtro=Todas&cnaeocup_filtro=Todos&porte_filtro=Todos&modalidade_filtro=PF - Cartão de crédito&origem_filtro=Todas&indexador_filtro=Todos&cliente_filtro=PF&subModalidade_filtro=Todas&segmento_filtro=Todos,2026-08-12T00:36:12Z,e6d1cf9cdac006410ab5ffef6efd696bfbba5fcb13af98670f99745db2e4fe3e,34831,original,cliente=PF | modalidade=PF - Cartão de crédito | 2015-01-01..2026-06-30
data_raw/scr/scr_PF_PF_Emprestimo-sem-consignacao-em-folha.json,BCB/SCR.data,https://www.bcb.gov.br/api/servico/sitebcb/sistemainformacaocredito?dataIn=2015-01-01&dataFim=2026-06-30&uf_filtro=Todas&cnaeocup_filtro=Todos&porte_filtro=Todos&modalidade_filtro=PF - Empréstimo sem consignação em folha&origem_filtro=Todas&indexador_filtro=Todos&cliente_filtro=PF&subModalidade_filtro=Todas&segmento_filtro=Todos,2026-08-12T00:36:16Z,190e556f7baf5d36e1e9adf5e7fd8a98468c0de8d4dfa7af40501f42f180f083,37446,original,cliente=PF | modalidade=PF - Empréstimo sem consignação em folha | 2015-01-01..2026-06-30
data_raw/scr/scr_PF_PF_Emprestimo-com-consignacao-em-folha.json,BCB/SCR.data,https://www.bcb.gov.br/api/servico/sitebcb/sistemainformacaocredito?dataIn=2015-01-01&dataFim=2026-06-30&uf_filtro=Todas&cnaeocup_filtro=Todos&porte_filtro=Todos&modalidade_filtro=PF - Empréstimo com consignação em folha&origem_filtro=Todas&indexador_filtro=Todos&cliente_filtro=PF&subModalidade_filtro=Todas&segmento_filtro=Todos,2026-08-12T00:36:19Z,9db18d100bd7bbdeababb72fd1c7a767675f4103a32f82dcd00244c0171fd0da,37384,original,cliente=PF | modalidade=PF - Empréstimo com consignação em folha | 2015-01-01..2026-06-30
data_raw/scr/scr_PF_PF_Habitacional.json,BCB/SCR.data,https://www.bcb.gov.br/api/servico/sitebcb/sistemainformacaocredito?dataIn=2015-01-01&dataFim=2026-06-30&uf_filtro=Todas&cnaeocup_filtro=Todos&porte_filtro=Todos&modalidade_filtro=PF - Habitacional&origem_filtro=Todas&indexador_filtro=Todos&cliente_filtro=PF&subModalidade_filtro=Todas&segmento_filtro=Todos,2026-08-12T00:36:22Z,f9002a5ae0c1148a3c28e6c0f8bbf6b8d2e478886953d941b09a3a640c3e2931,33814,original,cliente=PF | modalidade=PF - Habitacional | 2015-01-01..2026-06-30
data_raw/scr/scr_PF_PF_Veiculos.json,BCB/SCR.data,https://www.bcb.gov.br/api/servico/sitebcb/sistemainformacaocredito?dataIn=2015-01-01&dataFim=2026-06-30&uf_filtro=Todas&cnaeocup_filtro=Todos&porte_filtro=Todos&modalidade_filtro=PF - Veículos&origem_filtro=Todas&indexador_filtro=Todos&cliente_filtro=PF&subModalidade_filtro=Todas&segmento_filtro=Todos,2026-08-12T00:36:24Z,fab484d5d6865a5dcca2c30eb0b829ce03688b7128c032740afe2d26c487d203,33371,original,cliente=PF | modalidade=PF - Veículos | 2015-01-01..2026-06-30
data_raw/ifdata/202303/trel202303_71.json,BCB/IF.data,https://www3.bcb.gov.br/ifdata/rest/arquivos?nomeArquivo=ifdata%2F202303%2Ftrel202303_71.json,2026-08-12T00:36:25Z,ba27c2cc94b0ea3b9ee110096e12cbc046720ad9555ff003d0b2c552da2fd850,29190,original,IF.data data-base 202303
data_raw/ifdata/202303/trel202303_73.json,BCB/IF.data,https://www3.bcb.gov.br/ifdata/rest/arquivos?nomeArquivo=ifdata%2F202303%2Ftrel202303_73.json,2026-08-12T00:36:27Z,d03ce5e6d30c6440068f146ce740e0bf57cdabf9791727830e7f2f5d15630918,30582,original,IF.data data-base 202303
data_raw/ifdata/202303/trel202303_77.json,BCB/IF.data,https://www3.bcb.gov.br/ifdata/rest/arquivos?nomeArquivo=ifdata%2F202303%2Ftrel202303_77.json,2026-08-12T00:36:27Z,75601c9436946f09eb89336c4f92832c1f2fafabd91a62fa224762060b097d35,6797,original,IF.data data-base 202303
data_raw/scr/scr_PJ_Todas.json,BCB/SCR.data,https://www.bcb.gov.br/api/servico/sitebcb/sistemainformacaocredito?dataIn=2015-01-01&dataFim=2026-06-30&uf_filtro=Todas&cnaeocup_filtro=Todos&porte_filtro=Todos&modalidade_filtro=Todas&origem_filtro=Todas&indexador_filtro=Todos&cliente_filtro=PJ&subModalidade_filtro=Todas&segmento_filtro=Todos,2026-08-12T00:36:28Z,0046c234f8678721f14daa3343f28f3083c7872d9df7881c9e798ba43269ac2a,32267,original,cliente=PJ | modalidade=Todas | 2015-01-01..2026-06-30
data_raw/ifdata/202303/trel202303_80.json,BCB/IF.data,https://www3.bcb.gov.br/ifdata/rest/arquivos?nomeArquivo=ifdata%2F202303%2Ftrel202303_80.json,2026-08-12T00:36:28Z,c39e15a2543ea16f250ed802f8e72cd89a9042d797ed8ea24f7f89b6019cf23f,5107,original,IF.data data-base 202303
data_raw/ifdata/202303/trel202303_81.json,BCB/IF.data,https://www3.bcb.gov.br/ifdata/rest/arquivos?nomeArquivo=ifdata%2F202303%2Ftrel202303_81.json,2026-08-12T00:36:29Z,fe90c4f7d4a0cea4fc00a1f1f37f33ec3b8427e38590e742032e8b551729fbba,5140,original,IF.data data-base 202303
data_raw/ifdata/202303/trel202303_90.json,BCB/IF.data,https://www3.bcb.gov.br/ifdata/rest/arquivos?nomeArquivo=ifdata%2F202303%2Ftrel202303_90.json,2026-08-12T00:36:30Z,05a1a738e9dfb452f07e2766c89cd7602ca623ea46d8fc7a8ac746bc5a798193,8188,original,IF.data data-base 202303
data_raw/scr/scr_PJ_PJ_Capital-de-giro.json,BCB/SCR.data,https://www.bcb.gov.br/api/servico/sitebcb/sistemainformacaocredito?dataIn=2015-01-01&dataFim=2026-06-30&uf_filtro=Todas&cnaeocup_filtro=Todos&porte_filtro=Todos&modalidade_filtro=PJ - Capital de giro&origem_filtro=Todas&indexador_filtro=Todos&cliente_filtro=PJ&subModalidade_filtro=Todas&segmento_filtro=Todos,2026-08-12T00:36:31Z,13569eb4f73eb52aedd4c3381f38f2f88b71ed0ee149f49ada8d330ea01b4e25,34225,original,cliente=PJ | modalidade=PJ - Capital de giro | 2015-01-01..2026-06-30
data_raw/ifdata/202303/trel202303_91.json,BCB/IF.data,https://www3.bcb.gov.br/ifdata/rest/arquivos?nomeArquivo=ifdata%2F202303%2Ftrel202303_91.json,2026-08-12T00:36:31Z,33732e82c929a8ed23b4eff3eb28ad525ca5e6d6ada99f9bab643068571698da,8879,original,IF.data data-base 202303
data_raw/ifdata/202303/trel202303_92.json,BCB/IF.data,https://www3.bcb.gov.br/ifdata/rest/arquivos?nomeArquivo=ifdata%2F202303%2Ftrel202303_92.json,2026-08-12T00:36:32Z,dcf6aa40875cd79dc9463fcee94366d88e4434c309ce4c015db8edd8a13014c9,7096,original,IF.data data-base 202303
data_raw/ifdata/202303/trel202303_93.json,BCB/IF.data,https://www3.bcb.gov.br/ifdata/rest/arquivos?nomeArquivo=ifdata%2F202303%2Ftrel202303_93.json,2026-08-12T00:36:32Z,fa7eb5b4a376e87cd462dd0a5e30d3c4ca2eed58fadf0db8d491d3114ea43c25,7382,original,IF.data data-base 202303
data_raw/ifdata/202303/trel202303_94.json,BCB/IF.data,https://www3.bcb.gov.br/ifdata/rest/arquivos?nomeArquivo=ifdata%2F202303%2Ftrel202303_94.json,2026-08-12T00:36:33Z,c6c7052814d09dbb7e5accf50bb3ff4d97337f6684607011db9a6c93937b1284,9766,original,IF.data data-base 202303
data_raw/ifdata/202303/trel202303_96.json,BCB/IF.data,https://www3.bcb.gov.br/ifdata/rest/arquivos?nomeArquivo=ifdata%2F202303%2Ftrel202303_96.json,2026-08-12T00:36:33Z,5129b6a32312b715e03f0b96011fb89dc6db549ae6be14b63a94b747e788d528,6521,original,IF.data data-base 202303
data_raw/ifdata/202303/trel202303_98.json,BCB/IF.data,https://www3.bcb.gov.br/ifdata/rest/arquivos?nomeArquivo=ifdata%2F202303%2Ftrel202303_98.json,2026-08-12T00:36:34Z,9d6edb8b454fa88ee4fc125018bf8e72af2a5ac72f72fa84359340684ce08d4f,9386,original,IF.data data-base 202303
data_raw/scr/scr_PJ_PJ_Cheque-especial-e-conta-garantida.json,BCB/SCR.data,https://www.bcb.gov.br/api/servico/sitebcb/sistemainformacaocredito?dataIn=2015-01-01&dataFim=2026-06-30&uf_filtro=Todas&cnaeocup_filtro=Todos&porte_filtro=Todos&modalidade_filtro=PJ - Cheque especial e conta garantida&origem_filtro=Todas&indexador_filtro=Todos&cliente_filtro=PJ&subModalidade_filtro=Todas&segmento_filtro=Todos,2026-08-12T00:36:34Z,f451cf7c07c120e0039237a6074ce03c5014eb780984a21737787681167d282b,36562,original,cliente=PJ | modalidade=PJ - Cheque especial e conta garantida | 2015-01-01..2026-06-30
data_raw/ifdata/202303/trel202303_99.json,BCB/IF.data,https://www3.bcb.gov.br/ifdata/rest/arquivos?nomeArquivo=ifdata%2F202303%2Ftrel202303_99.json,2026-08-12T00:36:35Z,6b33fd0ec7fa6750741e053318f0466ec77648b69e21dd2b99f0fbe0f1fc57c7,6713,original,IF.data data-base 202303
data_raw/ifdata/202306/cadastro202306_1005.json,BCB/IF.data,https://www3.bcb.gov.br/ifdata/rest/arquivos?nomeArquivo=ifdata%2F202306%2Fcadastro202306_1005.json,2026-08-12T00:36:36Z,461d64c7416b15142146b4f81fda1946d5b54f9bdea9d88f591bba40851a708b,623716,original,IF.data data-base 202306 tipo 1005
data_raw/ifdata/202306/dados202306_1.json.gz,BCB/IF.data,https://www3.bcb.gov.br/ifdata/rest/arquivos?nomeArquivo=ifdata%2F202306%2Fdados202306_1.json,2026-08-12T00:36:40Z,79ef1c65622eb609225f4ab208ac7fb188fc38305dd75a3d08c8cd2241177b0f,14635549,gzip do original,IF.data data-base 202306
data_raw/ifdata/202306/dados202306_2.json.gz,BCB/IF.data,https://www3.bcb.gov.br/ifdata/rest/arquivos?nomeArquivo=ifdata%2F202306%2Fdados202306_2.json,2026-08-12T00:36:41Z,2f6917574e6d1906ea0cf9c276700181b69553a0d802adc599a6fbb47cc7fef8,214919,gzip do original,IF.data data-base 202306
data_raw/ifdata/202306/dados202306_3.json.gz,BCB/IF.data,https://www3.bcb.gov.br/ifdata/rest/arquivos?nomeArquivo=ifdata%2F202306%2Fdados202306_3.json,2026-08-12T00:36:45Z,173c47408a549ee2657e364dbe59e47da1fdf47b96f8688805c4083c0034a881,7535017,gzip do original,IF.data data-base 202306
data_raw/ifdata/202306/dados202306_4.json.gz,BCB/IF.data,https://www3.bcb.gov.br/ifdata/rest/arquivos?nomeArquivo=ifdata%2F202306%2Fdados202306_4.json,2026-08-12T00:36:46Z,7bf29d1fed291f8a57ab14f09ce62369d4ac25667a78eff3262c530e28bd9086,82268,gzip do original,IF.data data-base 202306
data_raw/ifdata/202306/dados202306_5.json.gz,BCB/IF.data,https://www3.bcb.gov.br/ifdata/rest/arquivos?nomeArquivo=ifdata%2F202306%2Fdados202306_5.json,2026-08-12T00:36:47Z,7e61f68919aaf6dcc14f248eae09bb0ff6488530302af63c371d361b0d38ab4c,287904,gzip do original,IF.data data-base 202306
data_raw/ifdata/202306/info202306.json,BCB/IF.data,https://www3.bcb.gov.br/ifdata/rest/arquivos?nomeArquivo=ifdata%2F202306%2Finfo202306.json,2026-08-12T00:36:49Z,77db03ff9d2d9f5bef0ee1a0f354cc5297699e5b103d6ce3b3fbd033de92c343,173753,original,IF.data data-base 202306
data_raw/ifdata/202306/sel202306.json,BCB/IF.data,https://www3.bcb.gov.br/ifdata/rest/arquivos?nomeArquivo=ifdata%2F202306%2Fsel202306.json,2026-08-12T00:36:49Z,1574e1b7a4dbc984bd155b7ab2c017d4da5fc5cfa27a055fc9bed8bd3d17487b,583,original,IF.data data-base 202306
data_raw/ifdata/202306/trel202306_100.json,BCB/IF.data,https://www3.bcb.gov.br/ifdata/rest/arquivos?nomeArquivo=ifdata%2F202306%2Ftrel202306_100.json,2026-08-12T00:36:50Z,e767d1cc9ba53767cd24fdfd33e0c3f8e42ec255874a0ba6b145f5f27422106f,7391,original,IF.data data-base 202306
data_raw/ifdata/202306/trel202306_101.json,BCB/IF.data,https://www3.bcb.gov.br/ifdata/rest/arquivos?nomeArquivo=ifdata%2F202306%2Ftrel202306_101.json,2026-08-12T00:36:51Z,b0f61757dcf117d2114f530da17e520e4d23415a855a15d27dcebfe7177c4d45,7106,original,IF.data data-base 202306
data_raw/ifdata/202306/trel202306_114.json,BCB/IF.data,https://www3.bcb.gov.br/ifdata/rest/arquivos?nomeArquivo=ifdata%2F202306%2Ftrel202306_114.json,2026-08-12T00:36:51Z,99d53b33c07f1247097b0eeb6192e8553472007e644c13259ddb7db9a9d298ce,8090,original,IF.data data-base 202306
data_raw/ifdata/202306/trel202306_3.json,BCB/IF.data,https://www3.bcb.gov.br/ifdata/rest/arquivos?nomeArquivo=ifdata%2F202306%2Ftrel202306_3.json,2026-08-12T00:36:52Z,a4f64b65ebb3effa4655a499c0f33db7e365df7bd9fc18d1e4ba00b450f6b7c6,6012,original,IF.data data-base 202306
data_raw/ifdata/202306/trel202306_62.json,BCB/IF.data,https://www3.bcb.gov.br/ifdata/rest/arquivos?nomeArquivo=ifdata%2F202306%2Ftrel202306_62.json,2026-08-12T00:36:52Z,29af6966ec542914e3fee5fe8607b55637b7ee65cc6d3140ef8a4ff25ce9fbcf,24582,original,IF.data data-base 202306
data_raw/ifdata/202306/trel202306_64.json,BCB/IF.data,https://www3.bcb.gov.br/ifdata/rest/arquivos?nomeArquivo=ifdata%2F202306%2Ftrel202306_64.json,2026-08-12T00:36:53Z,bb11f3d14c8d4fdcf4eacb4b9c0eb63e29253ec43e1a72deb11e863ae48ada83,6732,original,IF.data data-base 202306
data_raw/ifdata/202306/trel202306_65.json,BCB/IF.data,https://www3.bcb.gov.br/ifdata/rest/arquivos?nomeArquivo=ifdata%2F202306%2Ftrel202306_65.json,2026-08-12T00:36:54Z,1faf64741ead5d44842f400603d65ca1ee9e415f855edf935366150c02745424,11336,original,IF.data data-base 202306
data_raw/ifdata/202306/trel202306_66.json,BCB/IF.data,https://www3.bcb.gov.br/ifdata/rest/arquivos?nomeArquivo=ifdata%2F202306%2Ftrel202306_66.json,2026-08-12T00:36:54Z,fef0bb565a62409420dca7aeb04cb7a0bb635c16382e1174338340f3576fe44f,7457,original,IF.data data-base 202306
data_raw/ifdata/202306/trel202306_67.json,BCB/IF.data,https://www3.bcb.gov.br/ifdata/rest/arquivos?nomeArquivo=ifdata%2F202306%2Ftrel202306_67.json,2026-08-12T00:36:55Z,4a229327d5430d788352032edcbdbcd862309477bdde917552914efb15929d54,8355,original,IF.data data-base 202306
data_raw/ifdata/202306/trel202306_68.json,BCB/IF.data,https://www3.bcb.gov.br/ifdata/rest/arquivos?nomeArquivo=ifdata%2F202306%2Ftrel202306_68.json,2026-08-12T00:36:56Z,3f67022fcdbe3e0cf13ee826c50592ff28a788d52840356aae7c55853aa34681,7529,original,IF.data data-base 202306
data_raw/ifdata/202306/trel202306_70.json,BCB/IF.data,https://www3.bcb.gov.br/ifdata/rest/arquivos?nomeArquivo=ifdata%2F202306%2Ftrel202306_70.json,2026-08-12T00:36:56Z,e1f4f60bed5ecd63b3d8ccc01df78f8be87228c65e48b602de57fb6e033f63c9,6189,original,IF.data data-base 202306
data_raw/ifdata/202306/trel202306_71.json,BCB/IF.data,https://www3.bcb.gov.br/ifdata/rest/arquivos?nomeArquivo=ifdata%2F202306%2Ftrel202306_71.json,2026-08-12T00:36:57Z,6c111dce9b65b1efa7fcd0a2db865272e550f06b00d7fa1c0ed825a4d8992ada,29190,original,IF.data data-base 202306
data_raw/ifdata/202306/trel202306_73.json,BCB/IF.data,https://www3.bcb.gov.br/ifdata/rest/arquivos?nomeArquivo=ifdata%2F202306%2Ftrel202306_73.json,2026-08-12T00:36:57Z,784977e0f55a97f6e544f2a7ad60fced299c650d4433762b7b45f9366c1e34b1,30582,original,IF.data data-base 202306
data_raw/ifdata/202306/trel202306_77.json,BCB/IF.data,https://www3.bcb.gov.br/ifdata/rest/arquivos?nomeArquivo=ifdata%2F202306%2Ftrel202306_77.json,2026-08-12T00:36:58Z,2e8093408bb258313d3a616b027ea88dbdeadde5ce71d32686984c05d4f257a9,6797,original,IF.data data-base 202306
data_raw/ifdata/202306/trel202306_80.json,BCB/IF.data,https://www3.bcb.gov.br/ifdata/rest/arquivos?nomeArquivo=ifdata%2F202306%2Ftrel202306_80.json,2026-08-12T00:36:59Z,a72f700a5bbe007a8482794fe75382d3ecfd9985b95d6ff756200852a065c64d,5107,original,IF.data data-base 202306
data_raw/ifdata/202306/trel202306_81.json,BCB/IF.data,https://www3.bcb.gov.br/ifdata/rest/arquivos?nomeArquivo=ifdata%2F202306%2Ftrel202306_81.json,2026-08-12T00:36:59Z,609cf0bd9e94bcf55dfed16fb89c7679e6314d26730ccf58c89d56355e7ba34e,5140,original,IF.data data-base 202306
data_raw/ifdata/202306/trel202306_90.json,BCB/IF.data,https://www3.bcb.gov.br/ifdata/rest/arquivos?nomeArquivo=ifdata%2F202306%2Ftrel202306_90.json,2026-08-12T00:37:00Z,affd706a3bfd081ee232deec8dba82387df343a90da9aff9cece830cfe1ee80f,8188,original,IF.data data-base 202306
data_raw/ifdata/202306/trel202306_91.json,BCB/IF.data,https://www3.bcb.gov.br/ifdata/rest/arquivos?nomeArquivo=ifdata%2F202306%2Ftrel202306_91.json,2026-08-12T00:37:01Z,8df8e59396554d051ad6d09cb9331a1c3732ec2621872d5fbc9ed16dd3a78de6,8879,original,IF.data data-base 202306
data_raw/ifdata/202306/trel202306_92.json,BCB/IF.data,https://www3.bcb.gov.br/ifdata/rest/arquivos?nomeArquivo=ifdata%2F202306%2Ftrel202306_92.json,2026-08-12T00:37:01Z,fb90533108140019b6e07590bebb9151b4a53518395908e60f8efa40f068101b,7096,original,IF.data data-base 202306
data_raw/ifdata/202306/trel202306_93.json,BCB/IF.data,https://www3.bcb.gov.br/ifdata/rest/arquivos?nomeArquivo=ifdata%2F202306%2Ftrel202306_93.json,2026-08-12T00:37:02Z,177f7004efb929ce53b1063dc6f987ddc22b9006291c2c7a9f44c89d0cd132db,7382,original,IF.data data-base 202306
data_raw/ifdata/202306/trel202306_94.json,BCB/IF.data,https://www3.bcb.gov.br/ifdata/rest/arquivos?nomeArquivo=ifdata%2F202306%2Ftrel202306_94.json,2026-08-12T00:37:03Z,0f00087fc985aaba4f95e2c760dc605f8ca1d3ad81097763dad36855462e5f6d,9766,original,IF.data data-base 202306
data_raw/ifdata/202306/trel202306_96.json,BCB/IF.data,https://www3.bcb.gov.br/ifdata/rest/arquivos?nomeArquivo=ifdata%2F202306%2Ftrel202306_96.json,2026-08-12T00:37:03Z,2356ee4c37f6263e0c76bd5d2013779a874663c0bd2c161507bd7ffe76c68568,6521,original,IF.data data-base 202306
data_raw/ifdata/202306/trel202306_98.json,BCB/IF.data,https://www3.bcb.gov.br/ifdata/rest/arquivos?nomeArquivo=ifdata%2F202306%2Ftrel202306_98.json,2026-08-12T00:37:04Z,dc1a99390e349e84e1e30def6b5f0222db3433e8d5ec01811e12b8f351019aba,9386,original,IF.data data-base 202306
data_raw/ifdata/202306/trel202306_99.json,BCB/IF.data,https://www3.bcb.gov.br/ifdata/rest/arquivos?nomeArquivo=ifdata%2F202306%2Ftrel202306_99.json,2026-08-12T00:37:04Z,940f5a76736de14f14b38bf06877cae38536cb6cd0b3c3cb6912a415c9ceda49,6713,original,IF.data data-base 202306
data_raw/ifdata/202309/cadastro202309_1005.json,BCB/IF.data,https://www3.bcb.gov.br/ifdata/rest/arquivos?nomeArquivo=ifdata%2F202309%2Fcadastro202309_1005.json,2026-08-12T00:37:05Z,ab59821ba43f86e01b35f5b87b79dbb18999082d2b7b4e0daab94748d2b8b56c,627598,original,IF.data data-base 202309 tipo 1005
data_raw/estban/202603_ESTBAN.csv.zip,BCB/ESTBAN,https://www.bcb.gov.br/content/estatisticas/estatistica_bancaria_estban/municipio/202603_ESTBAN.csv.zip,2026-08-12T00:37:09Z,90b2e968c441a20e6b052218e072db566d8414845f15b708ecb64c133ef78b64,876591,original,"saldos por municipio, data-base 202603"
data_raw/ifdata/202309/dados202309_1.json.gz,BCB/IF.data,https://www3.bcb.gov.br/ifdata/rest/arquivos?nomeArquivo=ifdata%2F202309%2Fdados202309_1.json,2026-08-12T00:37:09Z,d3138de12ff317908c09f9d42a36d4346cbdada4060240ec82fd3658b714a8c7,14975345,gzip do original,IF.data data-base 202309
data_raw/ifdata/202309/dados202309_2.json.gz,BCB/IF.data,https://www3.bcb.gov.br/ifdata/rest/arquivos?nomeArquivo=ifdata%2F202309%2Fdados202309_2.json,2026-08-12T00:37:10Z,46b91ef719a66efd261138d86b478d3997c4adcd91008c1b9134309768018ebf,219761,gzip do original,IF.data data-base 202309
data_raw/estban/202602_ESTBAN.csv.zip,BCB/ESTBAN,https://www.bcb.gov.br/content/estatisticas/estatistica_bancaria_estban/municipio/202602_ESTBAN.csv.zip,2026-08-12T00:37:11Z,3ef9d03b16d863bc763bed15aac6339739131bee53ca70e7b45a483efd71173e,876197,original,"saldos por municipio, data-base 202602"
data_raw/estban/202601_ESTBAN.csv.zip,BCB/ESTBAN,https://www.bcb.gov.br/content/estatisticas/estatistica_bancaria_estban/municipio/202601_ESTBAN.csv.zip,2026-08-12T00:37:13Z,94e9108e70b26d2f3f23e96de2a0475edce9e06baf60898d75842749797dddf0,874147,original,"saldos por municipio, data-base 202601"
data_raw/ifdata/202309/dados202309_3.json.gz,BCB/IF.data,https://www3.bcb.gov.br/ifdata/rest/arquivos?nomeArquivo=ifdata%2F202309%2Fdados202309_3.json,2026-08-12T00:37:14Z,1401e4a89187a75ee7d95a58cbd9eccbae90a51093e3a46ed0a60f9c21cf4784,7549055,gzip do original,IF.data data-base 202309
data_raw/ifdata/202309/dados202309_4.json.gz,BCB/IF.data,https://www3.bcb.gov.br/ifdata/rest/arquivos?nomeArquivo=ifdata%2F202309%2Fdados202309_4.json,2026-08-12T00:37:15Z,8dad8c83b81f04c4a00fe3bbc9f32bf6cedd8a3deb9eb406eca82f89cccba8ba,29,gzip do original,IF.data data-base 202309
data_raw/ifdata/202309/dados202309_5.json.gz,BCB/IF.data,https://www3.bcb.gov.br/ifdata/rest/arquivos?nomeArquivo=ifdata%2F202309%2Fdados202309_5.json,2026-08-12T00:37:15Z,6bc29a4032afa9246d9df756bd9265a196ed47fff0e6b7272c7c5531276c4ef2,337120,gzip do original,IF.data data-base 202309
data_raw/estban/202512_ESTBAN.csv.zip,BCB/ESTBAN,https://www.bcb.gov.br/content/estatisticas/estatistica_bancaria_estban/municipio/202512_ESTBAN.csv.zip,2026-08-12T00:37:16Z,abe585256346ab21b18ff4ed2c5bde6680aa70c7c9a0d48dff24f6dfff6389d3,878634,original,"saldos por municipio, data-base 202512"
data_raw/ifdata/202309/info202309.json,BCB/IF.data,https://www3.bcb.gov.br/ifdata/rest/arquivos?nomeArquivo=ifdata%2F202309%2Finfo202309.json,2026-08-12T00:37:16Z,77db03ff9d2d9f5bef0ee1a0f354cc5297699e5b103d6ce3b3fbd033de92c343,173753,original,IF.data data-base 202309
data_raw/ifdata/202309/sel202309.json,BCB/IF.data,https://www3.bcb.gov.br/ifdata/rest/arquivos?nomeArquivo=ifdata%2F202309%2Fsel202309.json,2026-08-12T00:37:17Z,3d066ee9963cb8d02df5026f8fdabe9a430f8d75eaad50f5093239bc47b300e0,440,original,IF.data data-base 202309
data_raw/ifdata/202309/trel202309_100.json,BCB/IF.data,https://www3.bcb.gov.br/ifdata/rest/arquivos?nomeArquivo=ifdata%2F202309%2Ftrel202309_100.json,2026-08-12T00:37:18Z,be71a9709eefd040c6442f3a8fea164b073ec035faa26e6c635bf874a43edfe1,7391,original,IF.data data-base 202309
data_raw/ifdata/202309/trel202309_101.json,BCB/IF.data,https://www3.bcb.gov.br/ifdata/rest/arquivos?nomeArquivo=ifdata%2F202309%2Ftrel202309_101.json,2026-08-12T00:37:18Z,4365f7dd0f7efcc2984cbc69c46e7d1cc1cc6ae8911bb1933f36c04cf27f8cb0,7106,original,IF.data data-base 202309
data_raw/ifdata/202309/trel202309_102.json,BCB/IF.data,https://www3.bcb.gov.br/ifdata/rest/arquivos?nomeArquivo=ifdata%2F202309%2Ftrel202309_102.json,2026-08-12T00:37:19Z,0d8bec9826c6a8519697ae215dd2a7801430cee149ca3dafc263dbd96e865478,4603,original,IF.data data-base 202309
data_raw/estban/202511_ESTBAN.csv.zip,BCB/ESTBAN,https://www.bcb.gov.br/content/estatisticas/estatistica_bancaria_estban/municipio/202511_ESTBAN.csv.zip,2026-08-12T00:37:19Z,e91a85eb2de7879057a17255ad41db73090286a59f5024f18808753dd3aa9bf5,889045,original,"saldos por municipio, data-base 202511"
data_raw/ifdata/202309/trel202309_103.json,BCB/IF.data,https://www3.bcb.gov.br/ifdata/rest/arquivos?nomeArquivo=ifdata%2F202309%2Ftrel202309_103.json,2026-08-12T00:37:19Z,0134edba08a1e492dfad87dc191b718fc17b3d992bb27a5b91342b2fcf745051,8937,original,IF.data data-base 202309
data_raw/ifdata/202309/trel202309_104.json,BCB/IF.data,https://www3.bcb.gov.br/ifdata/rest/arquivos?nomeArquivo=ifdata%2F202309%2Ftrel202309_104.json,2026-08-12T00:37:20Z,ed4230d1ae25b267ad3a25fad25e8a66e711ff9d95e46d3e74b76da4578d2a8c,7501,original,IF.data data-base 202309
data_raw/ifdata/202309/trel202309_111.json,BCB/IF.data,https://www3.bcb.gov.br/ifdata/rest/arquivos?nomeArquivo=ifdata%2F202309%2Ftrel202309_111.json,2026-08-12T00:37:20Z,de1e1fb437fe2b13b6d814faecb2cbb56eb84b16d9808da52614122c3f038325,5963,original,IF.data data-base 202309
data_raw/ifdata/202309/trel202309_112.json,BCB/IF.data,https://www3.bcb.gov.br/ifdata/rest/arquivos?nomeArquivo=ifdata%2F202309%2Ftrel202309_112.json,2026-08-12T00:37:21Z,a624d4b0e413e4af1ce3a4c81ab94130d6bb31cf83091a35159c922cae4d0337,6598,original,IF.data data-base 202309
data_raw/estban/202510_ESTBAN.csv.zip,BCB/ESTBAN,https://www.bcb.gov.br/content/estatisticas/estatistica_bancaria_estban/municipio/202510_ESTBAN.csv.zip,2026-08-12T00:37:21Z,9cd207a2cb5ac2b5449b2f47989932966025a02d6bf568b6c3fafcf7f5e5f90f,884868,original,"saldos por municipio, data-base 202510"
data_raw/ifdata/202309/trel202309_113.json,BCB/IF.data,https://www3.bcb.gov.br/ifdata/rest/arquivos?nomeArquivo=ifdata%2F202309%2Ftrel202309_113.json,2026-08-12T00:37:22Z,3f4168fc9cb171fc9e22865b4a2d3b7dd1aac53d2510b62735d55f0ecea2fdfa,8828,original,IF.data data-base 202309
data_raw/ifdata/202309/trel202309_62.json,BCB/IF.data,https://www3.bcb.gov.br/ifdata/rest/arquivos?nomeArquivo=ifdata%2F202309%2Ftrel202309_62.json,2026-08-12T00:37:22Z,966246de68458195f63c958dcc8e06e393502a2b26befa6c129e2918e31c84b9,24582,original,IF.data data-base 202309
data_raw/ifdata/202309/trel202309_64.json,BCB/IF.data,https://www3.bcb.gov.br/ifdata/rest/arquivos?nomeArquivo=ifdata%2F202309%2Ftrel202309_64.json,2026-08-12T00:37:23Z,a2d7b685ba8860fd467277db3d08ee54fbb665f66caf6a7332cefe2f3bf3b2ee,6732,original,IF.data data-base 202309
data_raw/ifdata/202309/trel202309_65.json,BCB/IF.data,https://www3.bcb.gov.br/ifdata/rest/arquivos?nomeArquivo=ifdata%2F202309%2Ftrel202309_65.json,2026-08-12T00:37:24Z,6b9d47ac4e83ae68c296c826e7035f7a3d5f0994fe2172fb022543a9acb4c9c1,11336,original,IF.data data-base 202309
data_raw/ifdata/202309/trel202309_66.json,BCB/IF.data,https://www3.bcb.gov.br/ifdata/rest/arquivos?nomeArquivo=ifdata%2F202309%2Ftrel202309_66.json,2026-08-12T00:37:24Z,b67ef3c2c6916fad2ae9f000a79b7c89652f02c1ee40de0ad57fb643c3e01e5d,7457,original,IF.data data-base 202309
data_raw/ifdata/202309/trel202309_67.json,BCB/IF.data,https://www3.bcb.gov.br/ifdata/rest/arquivos?nomeArquivo=ifdata%2F202309%2Ftrel202309_67.json,2026-08-12T00:37:25Z,de813af33e0ec5b0971af7eb6c5ad7ccb6ca2853f6c5b3cf9641745e9f55e21d,8355,original,IF.data data-base 202309
data_raw/ifdata/202309/trel202309_68.json,BCB/IF.data,https://www3.bcb.gov.br/ifdata/rest/arquivos?nomeArquivo=ifdata%2F202309%2Ftrel202309_68.json,2026-08-12T00:37:26Z,60450f5cead3eccd70e4fd3547ce2ce74f451f61d5f38e6c3ecf4cb37872f86d,7529,original,IF.data data-base 202309
data_raw/ifdata/202309/trel202309_70.json,BCB/IF.data,https://www3.bcb.gov.br/ifdata/rest/arquivos?nomeArquivo=ifdata%2F202309%2Ftrel202309_70.json,2026-08-12T00:37:27Z,5807f4233272c2d6a64ef5e1a7938946315969759e64f3f6e5424b36c08f5fe4,6189,original,IF.data data-base 202309
data_raw/ifdata/202309/trel202309_71.json,BCB/IF.data,https://www3.bcb.gov.br/ifdata/rest/arquivos?nomeArquivo=ifdata%2F202309%2Ftrel202309_71.json,2026-08-12T00:37:28Z,4cda55527c27d848f84f973253f0d91dcfc29ab0cd106ca0d786c884045b1272,29190,original,IF.data data-base 202309
data_raw/ifdata/202309/trel202309_73.json,BCB/IF.data,https://www3.bcb.gov.br/ifdata/rest/arquivos?nomeArquivo=ifdata%2F202309%2Ftrel202309_73.json,2026-08-12T00:37:29Z,17bcf73df52ed59816532a3db57c6d40a7a17864f91e801c4dfc8c450c12dc29,30582,original,IF.data data-base 202309
data_raw/ifdata/202309/trel202309_77.json,BCB/IF.data,https://www3.bcb.gov.br/ifdata/rest/arquivos?nomeArquivo=ifdata%2F202309%2Ftrel202309_77.json,2026-08-12T00:37:30Z,9ec0e4b1675b67f584ac9374dae9e533e63db01f90c7ab10c1a2b139b02fab56,6797,original,IF.data data-base 202309
data_raw/ifdata/202309/trel202309_92.json,BCB/IF.data,https://www3.bcb.gov.br/ifdata/rest/arquivos?nomeArquivo=ifdata%2F202309%2Ftrel202309_92.json,2026-08-12T00:37:31Z,99354361d86cb7a8574742e30a76339a6ee8692402ba8fcf3876c914939c38f8,7096,original,IF.data data-base 202309
data_raw/ifdata/202309/trel202309_93.json,BCB/IF.data,https://www3.bcb.gov.br/ifdata/rest/arquivos?nomeArquivo=ifdata%2F202309%2Ftrel202309_93.json,2026-08-12T00:37:32Z,df269f136e46567e149e54d9ca0e7ae67ffb73c7bcb116ba2a433b78eb51b2f4,7382,original,IF.data data-base 202309
data_raw/ifdata/202309/trel202309_94.json,BCB/IF.data,https://www3.bcb.gov.br/ifdata/rest/arquivos?nomeArquivo=ifdata%2F202309%2Ftrel202309_94.json,2026-08-12T00:37:33Z,610ce73d6480de6f515458ac5f34356f4c43c662215c0a1b9db55f37ce8b7a89,9766,original,IF.data data-base 202309
data_raw/ifdata/202309/trel202309_96.json,BCB/IF.data,https://www3.bcb.gov.br/ifdata/rest/arquivos?nomeArquivo=ifdata%2F202309%2Ftrel202309_96.json,2026-08-12T00:37:34Z,06df66a31d187994a8f68fbc6f03ca8faf251fc9c234415e31ac25a5d896d132,6521,original,IF.data data-base 202309
data_raw/ifdata/202309/trel202309_98.json,BCB/IF.data,https://www3.bcb.gov.br/ifdata/rest/arquivos?nomeArquivo=ifdata%2F202309%2Ftrel202309_98.json,2026-08-12T00:37:34Z,ee9033907562670120928163e5a3e2410d73f10f6f62242a0544da2504bfea84,9386,original,IF.data data-base 202309
data_raw/ifdata/202312/cadastro202312_1005.json,BCB/IF.data,https://www3.bcb.gov.br/ifdata/rest/arquivos?nomeArquivo=ifdata%2F202312%2Fcadastro202312_1005.json,2026-08-12T00:37:35Z,30ab717bcba0279c1d4431e40bc216293ef93407872499e95051baca09af684e,629912,original,IF.data data-base 202312 tipo 1005
data_raw/ifdata/202312/dados202312_1.json.gz,BCB/IF.data,https://www3.bcb.gov.br/ifdata/rest/arquivos?nomeArquivo=ifdata%2F202312%2Fdados202312_1.json,2026-08-12T00:37:41Z,fb85523b59409bb6ebc8bb32bf78751a2380eea3b880873f27331398e5511eae,15316532,gzip do original,IF.data data-base 202312
data_raw/ifdata/202312/dados202312_2.json.gz,BCB/IF.data,https://www3.bcb.gov.br/ifdata/rest/arquivos?nomeArquivo=ifdata%2F202312%2Fdados202312_2.json,2026-08-12T00:37:42Z,eb1f84f07f618407caa07098b2b6eb51a44d6496cef5e63c25aea0a4d35c81bc,243836,gzip do original,IF.data data-base 202312
data_raw/ifdata/202312/dados202312_3.json.gz,BCB/IF.data,https://www3.bcb.gov.br/ifdata/rest/arquivos?nomeArquivo=ifdata%2F202312%2Fdados202312_3.json,2026-08-12T00:37:46Z,ab70aa1f231d35d24c56c0d2d68ab206d66faa3c5494d3dcd3bc351925e7d2b6,7531300,gzip do original,IF.data data-base 202312
data_raw/ifdata/202312/dados202312_4.json.gz,BCB/IF.data,https://www3.bcb.gov.br/ifdata/rest/arquivos?nomeArquivo=ifdata%2F202312%2Fdados202312_4.json,2026-08-12T00:37:48Z,93831e6e83a2e79e0be14dfd46968ba8ae926be005d5ad9dec15768f7a7c298f,81697,gzip do original,IF.data data-base 202312
data_raw/ifdata/202312/dados202312_5.json.gz,BCB/IF.data,https://www3.bcb.gov.br/ifdata/rest/arquivos?nomeArquivo=ifdata%2F202312%2Fdados202312_5.json,2026-08-12T00:37:49Z,65ec8241710a54fecc511b2739884559e4819d939125f9391b057410a3744fc6,337814,gzip do original,IF.data data-base 202312
data_raw/ifdata/202312/info202312.json,BCB/IF.data,https://www3.bcb.gov.br/ifdata/rest/arquivos?nomeArquivo=ifdata%2F202312%2Finfo202312.json,2026-08-12T00:37:50Z,11a0704ec62d3123c8af2ceb7c98b545c683781e297f8a3f4d89e449122c7ee2,174579,original,IF.data data-base 202312
data_raw/ifdata/202312/sel202312.json,BCB/IF.data,https://www3.bcb.gov.br/ifdata/rest/arquivos?nomeArquivo=ifdata%2F202312%2Fsel202312.json,2026-08-12T00:37:51Z,3d066ee9963cb8d02df5026f8fdabe9a430f8d75eaad50f5093239bc47b300e0,440,original,IF.data data-base 202312
data_raw/ifdata/202312/trel202312_100.json,BCB/IF.data,https://www3.bcb.gov.br/ifdata/rest/arquivos?nomeArquivo=ifdata%2F202312%2Ftrel202312_100.json,2026-08-12T00:37:52Z,7eede4ac733f309d3ac0115396a5c8426e14e46ecd53026b538c03f0b34af390,7391,original,IF.data data-base 202312
data_raw/ifdata/202312/trel202312_101.json,BCB/IF.data,https://www3.bcb.gov.br/ifdata/rest/arquivos?nomeArquivo=ifdata%2F202312%2Ftrel202312_101.json,2026-08-12T00:37:53Z,03d4c0645efc7a3dbc843014f8f636ee0d375de94a46f91d04676a785ac1beaa,7178,original,IF.data data-base 202312
data_raw/ifdata/202312/trel202312_102.json,BCB/IF.data,https://www3.bcb.gov.br/ifdata/rest/arquivos?nomeArquivo=ifdata%2F202312%2Ftrel202312_102.json,2026-08-12T00:37:54Z,ad658fa960079a278043e7e308ebc7dff7fa98f067042e023b46d117acabc95d,4689,original,IF.data data-base 202312
data_raw/ifdata/202312/trel202312_103.json,BCB/IF.data,https://www3.bcb.gov.br/ifdata/rest/arquivos?nomeArquivo=ifdata%2F202312%2Ftrel202312_103.json,2026-08-12T00:37:55Z,2ff818849c3b26a575f9e35ae34f162fb5a2003903ad36ea540bd7defc888033,9009,original,IF.data data-base 202312
data_raw/ifdata/202312/trel202312_104.json,BCB/IF.data,https://www3.bcb.gov.br/ifdata/rest/arquivos?nomeArquivo=ifdata%2F202312%2Ftrel202312_104.json,2026-08-12T00:37:57Z,af3c9bd68c769708dc4a1795be4b36c3fe49cd61767afe2a002a4271e8b48e08,7587,original,IF.data data-base 202312
data_raw/ifdata/202312/trel202312_111.json,BCB/IF.data,https://www3.bcb.gov.br/ifdata/rest/arquivos?nomeArquivo=ifdata%2F202312%2Ftrel202312_111.json,2026-08-12T00:37:58Z,d75d4f87fe15cbf38ae94d262c74fc8e675886650070b44951e1437e45dd1a8b,6035,original,IF.data data-base 202312
data_raw/ifdata/202312/trel202312_112.json,BCB/IF.data,https://www3.bcb.gov.br/ifdata/rest/arquivos?nomeArquivo=ifdata%2F202312%2Ftrel202312_112.json,2026-08-12T00:37:59Z,d4617f387fe79f7905c135a4172048cedd6952f8872d4b0b874130df731fe544,6670,original,IF.data data-base 202312
data_raw/ifdata/202312/trel202312_113.json,BCB/IF.data,https://www3.bcb.gov.br/ifdata/rest/arquivos?nomeArquivo=ifdata%2F202312%2Ftrel202312_113.json,2026-08-12T00:38:00Z,33abb7c19b2071c03c8c8cd261bd9df947c1f7d04d222e1b4a4d7744e5989ed0,8900,original,IF.data data-base 202312
data_raw/ifdata/202312/trel202312_62.json,BCB/IF.data,https://www3.bcb.gov.br/ifdata/rest/arquivos?nomeArquivo=ifdata%2F202312%2Ftrel202312_62.json,2026-08-12T00:38:02Z,5420c5160862c45406f7f80cd03c28ad4ac2a7a414f33c703613e856cb47d815,24582,original,IF.data data-base 202312
data_raw/ifdata/202312/trel202312_64.json,BCB/IF.data,https://www3.bcb.gov.br/ifdata/rest/arquivos?nomeArquivo=ifdata%2F202312%2Ftrel202312_64.json,2026-08-12T00:38:03Z,3ae2169614e2d2058294c6e2c9fa9b8eb24f0b025e964443bd369d9326ca09c6,6732,original,IF.data data-base 202312
data_raw/ifdata/202312/trel202312_65.json,BCB/IF.data,https://www3.bcb.gov.br/ifdata/rest/arquivos?nomeArquivo=ifdata%2F202312%2Ftrel202312_65.json,2026-08-12T00:38:04Z,becb8efb8be74c419aa87a7b12ddd9bc8f19e86d0bde30dbfc98f76e21a4a628,11336,original,IF.data data-base 202312
data_raw/ifdata/202312/trel202312_66.json,BCB/IF.data,https://www3.bcb.gov.br/ifdata/rest/arquivos?nomeArquivo=ifdata%2F202312%2Ftrel202312_66.json,2026-08-12T00:38:05Z,241aa956a6b60561eb4b7643965d407133b08913f7f6ce4bd6b8119e8eb0e556,7457,original,IF.data data-base 202312
data_raw/ifdata/202312/trel202312_67.json,BCB/IF.data,https://www3.bcb.gov.br/ifdata/rest/arquivos?nomeArquivo=ifdata%2F202312%2Ftrel202312_67.json,2026-08-12T00:38:06Z,f3796965ac0dad0a9feea1aa26c6a3a3ebc4b00fbce3c4c46e163b968633aeac,8355,original,IF.data data-base 202312
data_raw/ifdata/202312/trel202312_68.json,BCB/IF.data,https://www3.bcb.gov.br/ifdata/rest/arquivos?nomeArquivo=ifdata%2F202312%2Ftrel202312_68.json,2026-08-12T00:38:07Z,955c0a9f2d4037a8d09c20b0fd09e2bb42305be2e6e4b0296777a34ee7e9485b,7529,original,IF.data data-base 202312
data_raw/ifdata/202312/trel202312_70.json,BCB/IF.data,https://www3.bcb.gov.br/ifdata/rest/arquivos?nomeArquivo=ifdata%2F202312%2Ftrel202312_70.json,2026-08-12T00:38:08Z,e89d72f720ea8911eb92a62d7d660c50bf07601b3e741ad3ce8ee4f1ce00fc72,6189,original,IF.data data-base 202312
data_raw/ifdata/202312/trel202312_71.json,BCB/IF.data,https://www3.bcb.gov.br/ifdata/rest/arquivos?nomeArquivo=ifdata%2F202312%2Ftrel202312_71.json,2026-08-12T00:38:09Z,f4bbf1bb2fcfc3a7e210c93dcf2d6748e7cbf811645ad77c5d09c20588bd06a7,29190,original,IF.data data-base 202312
data_raw/ifdata/202312/trel202312_73.json,BCB/IF.data,https://www3.bcb.gov.br/ifdata/rest/arquivos?nomeArquivo=ifdata%2F202312%2Ftrel202312_73.json,2026-08-12T00:38:09Z,eb4c1dee3b05a218c576f6fe1a1ce89320b35406ef42b77ccb87a762b0641414,30582,original,IF.data data-base 202312
data_raw/ifdata/202312/trel202312_77.json,BCB/IF.data,https://www3.bcb.gov.br/ifdata/rest/arquivos?nomeArquivo=ifdata%2F202312%2Ftrel202312_77.json,2026-08-12T00:38:10Z,5f80da769a653f9d3d92ab7dd4a0d3c30562b994fea3ccf7bc199955f04cb64e,6797,original,IF.data data-base 202312
data_raw/ifdata/202312/trel202312_92.json,BCB/IF.data,https://www3.bcb.gov.br/ifdata/rest/arquivos?nomeArquivo=ifdata%2F202312%2Ftrel202312_92.json,2026-08-12T00:38:11Z,851fa5fb5778983eebff92cf3bb3cf0b959955dc5473ac8f42bee081eb3ed36d,7168,original,IF.data data-base 202312
data_raw/ifdata/202312/trel202312_93.json,BCB/IF.data,https://www3.bcb.gov.br/ifdata/rest/arquivos?nomeArquivo=ifdata%2F202312%2Ftrel202312_93.json,2026-08-12T00:38:11Z,1a14072f308caa69da99442976207ff883ad01671426f6a3b37dd392ac82b339,7382,original,IF.data data-base 202312
data_raw/ifdata/202312/trel202312_94.json,BCB/IF.data,https://www3.bcb.gov.br/ifdata/rest/arquivos?nomeArquivo=ifdata%2F202312%2Ftrel202312_94.json,2026-08-12T00:38:12Z,368ebe5dfe2cd7c73dfb06c64f0f768d612759e95d38f0a38b223747a644dcce,9766,original,IF.data data-base 202312
data_raw/ifdata/202312/trel202312_96.json,BCB/IF.data,https://www3.bcb.gov.br/ifdata/rest/arquivos?nomeArquivo=ifdata%2F202312%2Ftrel202312_96.json,2026-08-12T00:38:12Z,ad4b8c8ebf5aced40c9068ddc3f3684c24998da254643b822599135e2d3149a5,6593,original,IF.data data-base 202312
data_raw/ifdata/202312/trel202312_98.json,BCB/IF.data,https://www3.bcb.gov.br/ifdata/rest/arquivos?nomeArquivo=ifdata%2F202312%2Ftrel202312_98.json,2026-08-12T00:38:13Z,3e88ec000b9131c0a1d8a6706a414f9a4dc51cba55481d08cf8d1427098562c5,9458,original,IF.data data-base 202312
data_raw/ifdata/202403/cadastro202403_1005.json,BCB/IF.data,https://www3.bcb.gov.br/ifdata/rest/arquivos?nomeArquivo=ifdata%2F202403%2Fcadastro202403_1005.json,2026-08-12T00:38:14Z,20e29f0221483f2e81266deb3cb7bcbd31a77a07993d2913c3839a61eea512e2,634072,original,IF.data data-base 202403 tipo 1005
data_raw/ifdata/202403/dados202403_1.json.gz,BCB/IF.data,https://www3.bcb.gov.br/ifdata/rest/arquivos?nomeArquivo=ifdata%2F202403%2Fdados202403_1.json,2026-08-12T00:38:17Z,b3da5094a8388db0392c3e57567f375a39a82534e1d2795800f3fc658b9435d0,15533506,gzip do original,IF.data data-base 202403
data_raw/ifdata/202403/dados202403_2.json.gz,BCB/IF.data,https://www3.bcb.gov.br/ifdata/rest/arquivos?nomeArquivo=ifdata%2F202403%2Fdados202403_2.json,2026-08-12T00:38:17Z,bab889d266eb0b5d3a37b2c416f4d96d145af41c3ead02c9fe1db97154910d1a,247670,gzip do original,IF.data data-base 202403
data_raw/ifdata/202403/dados202403_3.json.gz,BCB/IF.data,https://www3.bcb.gov.br/ifdata/rest/arquivos?nomeArquivo=ifdata%2F202403%2Fdados202403_3.json,2026-08-12T00:38:21Z,af9efec46663a0b177de00376a9d690366eb7981f8c3ba4c5f290dc8aeaad376,7576222,gzip do original,IF.data data-base 202403
data_raw/ifdata/202403/dados202403_4.json.gz,BCB/IF.data,https://www3.bcb.gov.br/ifdata/rest/arquivos?nomeArquivo=ifdata%2F202403%2Fdados202403_4.json,2026-08-12T00:38:22Z,a166042e64324fc727e93cfb6591940c3958794aef34407a3e4e15389a52e71a,219,gzip do original,IF.data data-base 202403
data_raw/ifdata/202403/dados202403_5.json.gz,BCB/IF.data,https://www3.bcb.gov.br/ifdata/rest/arquivos?nomeArquivo=ifdata%2F202403%2Fdados202403_5.json,2026-08-12T00:38:23Z,3ea89b1aa259a95590c74966782de3af82993a2c54d70dbb109d579cfba8d446,339217,gzip do original,IF.data data-base 202403
data_raw/ifdata/202403/info202403.json,BCB/IF.data,https://www3.bcb.gov.br/ifdata/rest/arquivos?nomeArquivo=ifdata%2F202403%2Finfo202403.json,2026-08-12T00:38:24Z,11a0704ec62d3123c8af2ceb7c98b545c683781e297f8a3f4d89e449122c7ee2,174579,original,IF.data data-base 202403
data_raw/ifdata/202403/sel202403.json,BCB/IF.data,https://www3.bcb.gov.br/ifdata/rest/arquivos?nomeArquivo=ifdata%2F202403%2Fsel202403.json,2026-08-12T00:38:25Z,3d066ee9963cb8d02df5026f8fdabe9a430f8d75eaad50f5093239bc47b300e0,440,original,IF.data data-base 202403
data_raw/ifdata/202403/trel202403_100.json,BCB/IF.data,https://www3.bcb.gov.br/ifdata/rest/arquivos?nomeArquivo=ifdata%2F202403%2Ftrel202403_100.json,2026-08-12T00:38:26Z,06fd4a35e50640dd1984be46300494f3490697912c409918aa9c332dec367546,7391,original,IF.data data-base 202403
data_raw/ifdata/202403/trel202403_101.json,BCB/IF.data,https://www3.bcb.gov.br/ifdata/rest/arquivos?nomeArquivo=ifdata%2F202403%2Ftrel202403_101.json,2026-08-12T00:38:27Z,4ab72a74d7ef1368606e5a373f323328ab2aa8385866019ebfbeb43a25d2cdd2,7178,original,IF.data data-base 202403
data_raw/ifdata/202403/trel202403_102.json,BCB/IF.data,https://www3.bcb.gov.br/ifdata/rest/arquivos?nomeArquivo=ifdata%2F202403%2Ftrel202403_102.json,2026-08-12T00:38:28Z,f2a0db30baad0968faf045e0ade42fbc609495d19b301cd7be7f89617a670b75,4689,original,IF.data data-base 202403
data_raw/ifdata/202403/trel202403_103.json,BCB/IF.data,https://www3.bcb.gov.br/ifdata/rest/arquivos?nomeArquivo=ifdata%2F202403%2Ftrel202403_103.json,2026-08-12T00:38:29Z,a579a12369009560b689a4ef9efbf9735fe0ebfcf4aeaee80cd2de263d926638,9009,original,IF.data data-base 202403
data_raw/ifdata/202403/trel202403_104.json,BCB/IF.data,https://www3.bcb.gov.br/ifdata/rest/arquivos?nomeArquivo=ifdata%2F202403%2Ftrel202403_104.json,2026-08-12T00:38:30Z,c0e5c0837bcf4f10ae7ed83f8dfe10c5e2868c13c4c87d01602304cd28902b0b,7587,original,IF.data data-base 202403
data_raw/ifdata/202403/trel202403_111.json,BCB/IF.data,https://www3.bcb.gov.br/ifdata/rest/arquivos?nomeArquivo=ifdata%2F202403%2Ftrel202403_111.json,2026-08-12T00:38:30Z,b6d939ec35204a534dac20795233403e35e6a4c458f4ca9c7fba9ccbea69511e,6035,original,IF.data data-base 202403
data_raw/ifdata/202403/trel202403_112.json,BCB/IF.data,https://www3.bcb.gov.br/ifdata/rest/arquivos?nomeArquivo=ifdata%2F202403%2Ftrel202403_112.json,2026-08-12T00:38:31Z,ee52b9588f18d8edabef8a0dd4ef43ef4afb48dd773a0ba18b9882c97d9991e1,6670,original,IF.data data-base 202403
data_raw/ifdata/202403/trel202403_113.json,BCB/IF.data,https://www3.bcb.gov.br/ifdata/rest/arquivos?nomeArquivo=ifdata%2F202403%2Ftrel202403_113.json,2026-08-12T00:38:32Z,02a6dc6267b64e2bf4168e838a1db603daa1d4d350852794e54eb4e05bea59dc,8900,original,IF.data data-base 202403
data_raw/ifdata/202403/trel202403_62.json,BCB/IF.data,https://www3.bcb.gov.br/ifdata/rest/arquivos?nomeArquivo=ifdata%2F202403%2Ftrel202403_62.json,2026-08-12T00:38:32Z,66b887fec15e57fe39f77b01956113dde6e6bb7f0dffdf15b69767986996a617,24582,original,IF.data data-base 202403
data_raw/ifdata/202403/trel202403_64.json,BCB/IF.data,https://www3.bcb.gov.br/ifdata/rest/arquivos?nomeArquivo=ifdata%2F202403%2Ftrel202403_64.json,2026-08-12T00:38:33Z,2f5af2e73f23e7558dbf8600868daf9d131a31e16fab521dc4fd7a6786a0419b,6732,original,IF.data data-base 202403
data_raw/ifdata/202403/trel202403_65.json,BCB/IF.data,https://www3.bcb.gov.br/ifdata/rest/arquivos?nomeArquivo=ifdata%2F202403%2Ftrel202403_65.json,2026-08-12T00:38:34Z,f721219ddc22140dad12952718601ffec785ac364773f51fccc12aa5459e8f06,11336,original,IF.data data-base 202403
data_raw/ifdata/202403/trel202403_66.json,BCB/IF.data,https://www3.bcb.gov.br/ifdata/rest/arquivos?nomeArquivo=ifdata%2F202403%2Ftrel202403_66.json,2026-08-12T00:38:35Z,10ff53670eda80abdeb45c8b653b0b8ec239979e44d6e17cee4832a974a76623,7457,original,IF.data data-base 202403
data_raw/ifdata/202403/trel202403_67.json,BCB/IF.data,https://www3.bcb.gov.br/ifdata/rest/arquivos?nomeArquivo=ifdata%2F202403%2Ftrel202403_67.json,2026-08-12T00:38:36Z,0501fd87ad20b5487c6b5414b9fbd4af846dba50ce8873c407ee0f2cdd27e7ce,8355,original,IF.data data-base 202403
data_raw/ifdata/202403/trel202403_68.json,BCB/IF.data,https://www3.bcb.gov.br/ifdata/rest/arquivos?nomeArquivo=ifdata%2F202403%2Ftrel202403_68.json,2026-08-12T00:38:37Z,9fffd46cf076dff60a049aea2f10d70dff2ef7cb7cae60c2e3b40976a1e95791,7529,original,IF.data data-base 202403
data_raw/ifdata/202403/trel202403_70.json,BCB/IF.data,https://www3.bcb.gov.br/ifdata/rest/arquivos?nomeArquivo=ifdata%2F202403%2Ftrel202403_70.json,2026-08-12T00:38:59Z,ae83e2d2b9fa49fa066a5446f2ff5b5652d78fe351ee8f9efc1433d9d21e6b01,6189,original,IF.data data-base 202403
data_raw/ifdata/202403/trel202403_71.json,BCB/IF.data,https://www3.bcb.gov.br/ifdata/rest/arquivos?nomeArquivo=ifdata%2F202403%2Ftrel202403_71.json,2026-08-12T00:39:20Z,589e291ec6711c3673d574923317783101586e917fe7df8a7ee24be9f52d3029,29190,original,IF.data data-base 202403
data_raw/ifdata/202403/trel202403_73.json,BCB/IF.data,https://www3.bcb.gov.br/ifdata/rest/arquivos?nomeArquivo=ifdata%2F202403%2Ftrel202403_73.json,2026-08-12T00:39:21Z,910d155693e3186d2c6485c85316cca41fc1226d8e04796a7b376ef3a3f0524f,30582,original,IF.data data-base 202403
data_raw/ifdata/202403/trel202403_77.json,BCB/IF.data,https://www3.bcb.gov.br/ifdata/rest/arquivos?nomeArquivo=ifdata%2F202403%2Ftrel202403_77.json,2026-08-12T00:39:22Z,f90e0a8577767d3bcb57a2e14b0770ed8fc7097847d752e3fc198c23a72e3f97,6797,original,IF.data data-base 202403
data_raw/ifdata/202403/trel202403_92.json,BCB/IF.data,https://www3.bcb.gov.br/ifdata/rest/arquivos?nomeArquivo=ifdata%2F202403%2Ftrel202403_92.json,2026-08-12T00:39:23Z,e43827dd711d6b8c1a93981eb58db83a704c98baff0255a71d3a42a23c42b187,7168,original,IF.data data-base 202403
data_raw/ifdata/202403/trel202403_93.json,BCB/IF.data,https://www3.bcb.gov.br/ifdata/rest/arquivos?nomeArquivo=ifdata%2F202403%2Ftrel202403_93.json,2026-08-12T00:39:23Z,c131d9476cc484f16ab13f4c2688a76ca9f8b820e1b1a5bc504471c87e81d4c5,7382,original,IF.data data-base 202403
data_raw/ifdata/202403/trel202403_94.json,BCB/IF.data,https://www3.bcb.gov.br/ifdata/rest/arquivos?nomeArquivo=ifdata%2F202403%2Ftrel202403_94.json,2026-08-12T00:39:24Z,0184c760cd33fefa91dcdbf1c6a3756f9bc5897c2ba7165800bc3f12fc3031f2,9766,original,IF.data data-base 202403
data_raw/ifdata/202403/trel202403_96.json,BCB/IF.data,https://www3.bcb.gov.br/ifdata/rest/arquivos?nomeArquivo=ifdata%2F202403%2Ftrel202403_96.json,2026-08-12T00:39:25Z,6612c036223493a380c013784a57ece28dc39f345dffe9ac99111bcc286d319f,6593,original,IF.data data-base 202403
data_raw/ifdata/202403/trel202403_98.json,BCB/IF.data,https://www3.bcb.gov.br/ifdata/rest/arquivos?nomeArquivo=ifdata%2F202403%2Ftrel202403_98.json,2026-08-12T00:39:26Z,b72cf405dc109b001c1a52cb10e8e646218c4809a53b7ea4f688f34c0212eda5,9458,original,IF.data data-base 202403
data_raw/ifdata/202406/cadastro202406_1005.json,BCB/IF.data,https://www3.bcb.gov.br/ifdata/rest/arquivos?nomeArquivo=ifdata%2F202406%2Fcadastro202406_1005.json,2026-08-12T00:39:26Z,bab30244bdf492ef9cc9a781ea61da7b9f846b681c0d58e02381293e8fda8496,635087,original,IF.data data-base 202406 tipo 1005
data_raw/ifdata/202406/dados202406_1.json.gz,BCB/IF.data,https://www3.bcb.gov.br/ifdata/rest/arquivos?nomeArquivo=ifdata%2F202406%2Fdados202406_1.json,2026-08-12T00:39:31Z,b19fb27614f15abf2f20ce72fd7fd3f902a4aed3570b6668e1a0b7c15fbb46b1,15631748,gzip do original,IF.data data-base 202406
data_raw/ifdata/202406/dados202406_2.json.gz,BCB/IF.data,https://www3.bcb.gov.br/ifdata/rest/arquivos?nomeArquivo=ifdata%2F202406%2Fdados202406_2.json,2026-08-12T00:39:32Z,1523f167ac9dc359a573395656a7e267a855e9291999d4cdfd52111d4a3d1a5d,249101,gzip do original,IF.data data-base 202406
data_raw/ifdata/202406/dados202406_3.json.gz,BCB/IF.data,https://www3.bcb.gov.br/ifdata/rest/arquivos?nomeArquivo=ifdata%2F202406%2Fdados202406_3.json,2026-08-12T00:39:36Z,54335697bcd55bf4d3169a08304364cc579a423549396d562ce42382cad1494a,7567624,gzip do original,IF.data data-base 202406
data_raw/ifdata/202406/dados202406_4.json.gz,BCB/IF.data,https://www3.bcb.gov.br/ifdata/rest/arquivos?nomeArquivo=ifdata%2F202406%2Fdados202406_4.json,2026-08-12T00:39:37Z,a166042e64324fc727e93cfb6591940c3958794aef34407a3e4e15389a52e71a,219,gzip do original,IF.data data-base 202406
data_raw/ifdata/202406/dados202406_5.json.gz,BCB/IF.data,https://www3.bcb.gov.br/ifdata/rest/arquivos?nomeArquivo=ifdata%2F202406%2Fdados202406_5.json,2026-08-12T00:39:38Z,cce559135568af83859bb9cf5febf7f8faf0fe3ad25cb04986361d0ad330294d,339644,gzip do original,IF.data data-base 202406
data_raw/ifdata/202406/info202406.json,BCB/IF.data,https://www3.bcb.gov.br/ifdata/rest/arquivos?nomeArquivo=ifdata%2F202406%2Finfo202406.json,2026-08-12T00:39:39Z,11a0704ec62d3123c8af2ceb7c98b545c683781e297f8a3f4d89e449122c7ee2,174579,original,IF.data data-base 202406
data_raw/ifdata/202406/sel202406.json,BCB/IF.data,https://www3.bcb.gov.br/ifdata/rest/arquivos?nomeArquivo=ifdata%2F202406%2Fsel202406.json,2026-08-12T00:39:39Z,3d066ee9963cb8d02df5026f8fdabe9a430f8d75eaad50f5093239bc47b300e0,440,original,IF.data data-base 202406
data_raw/ifdata/202406/trel202406_100.json,BCB/IF.data,https://www3.bcb.gov.br/ifdata/rest/arquivos?nomeArquivo=ifdata%2F202406%2Ftrel202406_100.json,2026-08-12T00:39:40Z,888b354fe32dcada484f71a8c80cc0cfb8228575c99709bfe7211cf941e90c0d,7391,original,IF.data data-base 202406
data_raw/ifdata/202406/trel202406_101.json,BCB/IF.data,https://www3.bcb.gov.br/ifdata/rest/arquivos?nomeArquivo=ifdata%2F202406%2Ftrel202406_101.json,2026-08-12T00:39:41Z,38271e07c1d6ba2e087e90e64c97dccbbc9a245d9e4f4dca0072891a85cd970a,7178,original,IF.data data-base 202406
data_raw/ifdata/202406/trel202406_102.json,BCB/IF.data,https://www3.bcb.gov.br/ifdata/rest/arquivos?nomeArquivo=ifdata%2F202406%2Ftrel202406_102.json,2026-08-12T00:39:42Z,2f9157fc1decf6e23ed877cd2d7133b662ab3b62125adb0f7f4a4b06c18c6616,4689,original,IF.data data-base 202406
data_raw/ifdata/202406/trel202406_103.json,BCB/IF.data,https://www3.bcb.gov.br/ifdata/rest/arquivos?nomeArquivo=ifdata%2F202406%2Ftrel202406_103.json,2026-08-12T00:39:43Z,2a7fb4b79d230939ca323489ef85c36f9641cff172cee83a1c9fe50625581e03,9009,original,IF.data data-base 202406
data_raw/ifdata/202406/trel202406_104.json,BCB/IF.data,https://www3.bcb.gov.br/ifdata/rest/arquivos?nomeArquivo=ifdata%2F202406%2Ftrel202406_104.json,2026-08-12T00:39:43Z,39323a799007d17de5c683b97f47cce61a5fcdccf27ac1c8a9c3a8d67bd34c0a,7587,original,IF.data data-base 202406
data_raw/ifdata/202406/trel202406_111.json,BCB/IF.data,https://www3.bcb.gov.br/ifdata/rest/arquivos?nomeArquivo=ifdata%2F202406%2Ftrel202406_111.json,2026-08-12T00:39:44Z,142023cd03c5043ada350ea18e27486933f6296a4ab99ef6e93a59b201fd9d31,6035,original,IF.data data-base 202406
data_raw/ifdata/202406/trel202406_112.json,BCB/IF.data,https://www3.bcb.gov.br/ifdata/rest/arquivos?nomeArquivo=ifdata%2F202406%2Ftrel202406_112.json,2026-08-12T00:39:45Z,6d24e1108824bd76083907e0c0bb34ba899beba82bd010a17f1e5bb59bd4b5f7,6670,original,IF.data data-base 202406
data_raw/ifdata/202406/trel202406_113.json,BCB/IF.data,https://www3.bcb.gov.br/ifdata/rest/arquivos?nomeArquivo=ifdata%2F202406%2Ftrel202406_113.json,2026-08-12T00:39:45Z,d297f3d62283948cadc8f54b0719c31048b9d2b1fca0b712fa2b7aca15da7585,8900,original,IF.data data-base 202406
data_raw/ifdata/202406/trel202406_62.json,BCB/IF.data,https://www3.bcb.gov.br/ifdata/rest/arquivos?nomeArquivo=ifdata%2F202406%2Ftrel202406_62.json,2026-08-12T00:39:46Z,44163e077828afe4f62a0338929fbdc3c4d11cc0de3f65838020b6910cc46373,24582,original,IF.data data-base 202406
data_raw/ifdata/202406/trel202406_64.json,BCB/IF.data,https://www3.bcb.gov.br/ifdata/rest/arquivos?nomeArquivo=ifdata%2F202406%2Ftrel202406_64.json,2026-08-12T00:39:46Z,2c3270330803294aa552cbb627cc37064e2758b49b54093630b6405296716722,6732,original,IF.data data-base 202406
data_raw/ifdata/202406/trel202406_65.json,BCB/IF.data,https://www3.bcb.gov.br/ifdata/rest/arquivos?nomeArquivo=ifdata%2F202406%2Ftrel202406_65.json,2026-08-12T00:39:47Z,8dad8c83b81f04c4a00fe3bbc9f32bf6cedd8a3deb9eb406eca82f89cccba8ba,29,original,IF.data data-base 202406
data_raw/ifdata/202406/trel202406_66.json,BCB/IF.data,https://www3.bcb.gov.br/ifdata/rest/arquivos?nomeArquivo=ifdata%2F202406%2Ftrel202406_66.json,2026-08-12T00:39:48Z,580732f2a2321a2379bb85ef2820b34f763a24c05d9c9e1eb55260bc563df8bf,7457,original,IF.data data-base 202406
data_raw/ifdata/202406/trel202406_67.json,BCB/IF.data,https://www3.bcb.gov.br/ifdata/rest/arquivos?nomeArquivo=ifdata%2F202406%2Ftrel202406_67.json,2026-08-12T00:39:48Z,8de865d20518a12be149699bf9b73b21fcb670a106167db42e13df8634e15ed4,8355,original,IF.data data-base 202406
data_raw/ifdata/202406/trel202406_68.json,BCB/IF.data,https://www3.bcb.gov.br/ifdata/rest/arquivos?nomeArquivo=ifdata%2F202406%2Ftrel202406_68.json,2026-08-12T00:39:49Z,356426ce89abafac443abf1a41f1accfeaf4e9fe79e96f35196c487c0b83f0fc,7529,original,IF.data data-base 202406
data_raw/ifdata/202406/trel202406_70.json,BCB/IF.data,https://www3.bcb.gov.br/ifdata/rest/arquivos?nomeArquivo=ifdata%2F202406%2Ftrel202406_70.json,2026-08-12T00:39:50Z,2caf29c7da6127755986fff501a90f7a214e1dff1170d6bf1abf74f13ba9b94d,6189,original,IF.data data-base 202406
data_raw/ifdata/202406/trel202406_71.json,BCB/IF.data,https://www3.bcb.gov.br/ifdata/rest/arquivos?nomeArquivo=ifdata%2F202406%2Ftrel202406_71.json,2026-08-12T00:39:50Z,9eb29d4b0bca2a4f25fb1b0db8602a7dc37d6fa7a980034fc739bd4866a78bc7,29190,original,IF.data data-base 202406
data_raw/ifdata/202406/trel202406_73.json,BCB/IF.data,https://www3.bcb.gov.br/ifdata/rest/arquivos?nomeArquivo=ifdata%2F202406%2Ftrel202406_73.json,2026-08-12T00:39:51Z,d9765009d0574935c0e717f746951a2081b297610f8967c58f4dabd72ea10be1,30582,original,IF.data data-base 202406
data_raw/ifdata/202406/trel202406_77.json,BCB/IF.data,https://www3.bcb.gov.br/ifdata/rest/arquivos?nomeArquivo=ifdata%2F202406%2Ftrel202406_77.json,2026-08-12T00:39:52Z,f937eb15a66bcd8d590725af950a4c02b52954dddb7579227000becd591c8946,6797,original,IF.data data-base 202406
data_raw/ifdata/202406/trel202406_92.json,BCB/IF.data,https://www3.bcb.gov.br/ifdata/rest/arquivos?nomeArquivo=ifdata%2F202406%2Ftrel202406_92.json,2026-08-12T00:39:53Z,a9853a318d31f64d24dabc1a39dbed0970f692064182c8cb4eec1bd93431cc26,7168,original,IF.data data-base 202406
data_raw/ifdata/202406/trel202406_93.json,BCB/IF.data,https://www3.bcb.gov.br/ifdata/rest/arquivos?nomeArquivo=ifdata%2F202406%2Ftrel202406_93.json,2026-08-12T00:39:53Z,418c311c658b6b828427a18affac7bf29fbaae80d356cb871119e2c2bcd6d89a,7382,original,IF.data data-base 202406
data_raw/ifdata/202406/trel202406_94.json,BCB/IF.data,https://www3.bcb.gov.br/ifdata/rest/arquivos?nomeArquivo=ifdata%2F202406%2Ftrel202406_94.json,2026-08-12T00:39:54Z,490253625e43149dba389d361d5498e9979594f56b5c320ccfc9a92aca8ba104,9766,original,IF.data data-base 202406
data_raw/ifdata/202406/trel202406_96.json,BCB/IF.data,https://www3.bcb.gov.br/ifdata/rest/arquivos?nomeArquivo=ifdata%2F202406%2Ftrel202406_96.json,2026-08-12T00:39:55Z,8141074b2291817d0835a7801877b916a85999fb6f320bf19b9ad4f72fc9fd45,6593,original,IF.data data-base 202406
data_raw/ifdata/202406/trel202406_98.json,BCB/IF.data,https://www3.bcb.gov.br/ifdata/rest/arquivos?nomeArquivo=ifdata%2F202406%2Ftrel202406_98.json,2026-08-12T00:39:56Z,b4f4cc3971db946c01d1969e1e14dc0d69e852f69f638150b970b98ef6d70a9c,9458,original,IF.data data-base 202406
data_raw/ifdata/202409/cadastro202409_1005.json,BCB/IF.data,https://www3.bcb.gov.br/ifdata/rest/arquivos?nomeArquivo=ifdata%2F202409%2Fcadastro202409_1005.json,2026-08-12T00:39:57Z,f704b2131054335fe441037006c8b509116ee1cbdb8701f804ddf57688d5232f,642326,original,IF.data data-base 202409 tipo 1005
data_raw/ifdata/202409/dados202409_1.json.gz,BCB/IF.data,https://www3.bcb.gov.br/ifdata/rest/arquivos?nomeArquivo=ifdata%2F202409%2Fdados202409_1.json,2026-08-12T00:40:00Z,c9ba07ee7d8e21503664742441370269364ec0a448ab88a61d42d4d44726ecb8,15903136,gzip do original,IF.data data-base 202409
data_raw/ifdata/202409/dados202409_2.json.gz,BCB/IF.data,https://www3.bcb.gov.br/ifdata/rest/arquivos?nomeArquivo=ifdata%2F202409%2Fdados202409_2.json,2026-08-12T00:40:01Z,e16caaff98c238e8284521329127738ccea7be49aefffc4b00dc16486f305a9d,253483,gzip do original,IF.data data-base 202409
data_raw/ifdata/202409/dados202409_3.json.gz,BCB/IF.data,https://www3.bcb.gov.br/ifdata/rest/arquivos?nomeArquivo=ifdata%2F202409%2Fdados202409_3.json,2026-08-12T00:40:06Z,fdd3e48a0701c51eff0d14237a94eea10c56594ec2dc73beeb0f7f5d1ee6abc1,7591874,gzip do original,IF.data data-base 202409
data_raw/ifdata/202409/dados202409_4.json.gz,BCB/IF.data,https://www3.bcb.gov.br/ifdata/rest/arquivos?nomeArquivo=ifdata%2F202409%2Fdados202409_4.json,2026-08-12T00:40:06Z,a166042e64324fc727e93cfb6591940c3958794aef34407a3e4e15389a52e71a,219,gzip do original,IF.data data-base 202409
data_raw/ifdata/202409/dados202409_5.json.gz,BCB/IF.data,https://www3.bcb.gov.br/ifdata/rest/arquivos?nomeArquivo=ifdata%2F202409%2Fdados202409_5.json,2026-08-12T00:40:07Z,c65c36f84990c26145605ac819d70db3aa9ab765404a2500ae29fcf98d82cfb9,343274,gzip do original,IF.data data-base 202409
data_raw/ifdata/202409/info202409.json,BCB/IF.data,https://www3.bcb.gov.br/ifdata/rest/arquivos?nomeArquivo=ifdata%2F202409%2Finfo202409.json,2026-08-12T00:40:08Z,11a0704ec62d3123c8af2ceb7c98b545c683781e297f8a3f4d89e449122c7ee2,174579,original,IF.data data-base 202409
data_raw/ifdata/202409/sel202409.json,BCB/IF.data,https://www3.bcb.gov.br/ifdata/rest/arquivos?nomeArquivo=ifdata%2F202409%2Fsel202409.json,2026-08-12T00:40:09Z,3d066ee9963cb8d02df5026f8fdabe9a430f8d75eaad50f5093239bc47b300e0,440,original,IF.data data-base 202409
data_raw/ifdata/202409/trel202409_100.json,BCB/IF.data,https://www3.bcb.gov.br/ifdata/rest/arquivos?nomeArquivo=ifdata%2F202409%2Ftrel202409_100.json,2026-08-12T00:40:10Z,132db64e13273540b95b4afd164e05adfc1a215d652b1a4a38f254411393e557,7391,original,IF.data data-base 202409
data_raw/ifdata/202409/trel202409_101.json,BCB/IF.data,https://www3.bcb.gov.br/ifdata/rest/arquivos?nomeArquivo=ifdata%2F202409%2Ftrel202409_101.json,2026-08-12T00:40:11Z,9c390b2d8bd5ff3eb8fc5b8b5b1721dbd767570edeef1064f894239a019b83e5,7178,original,IF.data data-base 202409
data_raw/ifdata/202409/trel202409_102.json,BCB/IF.data,https://www3.bcb.gov.br/ifdata/rest/arquivos?nomeArquivo=ifdata%2F202409%2Ftrel202409_102.json,2026-08-12T00:40:12Z,7327ba764e02df36ee612d6584516ae8e6d250a8aace63a0c2c34e0c82265057,4689,original,IF.data data-base 202409
data_raw/ifdata/202409/trel202409_104.json,BCB/IF.data,https://www3.bcb.gov.br/ifdata/rest/arquivos?nomeArquivo=ifdata%2F202409%2Ftrel202409_104.json,2026-08-12T00:40:14Z,6cb7524160ccf993797aeb4bbc3dbb797cbabb0158c8c9743860534bc4b48f54,7587,original,IF.data data-base 202409
data_raw/ifdata/202409/trel202409_111.json,BCB/IF.data,https://www3.bcb.gov.br/ifdata/rest/arquivos?nomeArquivo=ifdata%2F202409%2Ftrel202409_111.json,2026-08-12T00:40:14Z,437b5d4b09df2bf074d2aea7b404928fb2f5b9bd328c77ac29271489f7ac7481,6035,original,IF.data data-base 202409
data_raw/ifdata/202409/trel202409_112.json,BCB/IF.data,https://www3.bcb.gov.br/ifdata/rest/arquivos?nomeArquivo=ifdata%2F202409%2Ftrel202409_112.json,2026-08-12T00:40:15Z,86bbf5e771d667e39ababbb86e8896a57445c7b985f501371e1fb616a2e82701,6670,original,IF.data data-base 202409
data_raw/ifdata/202409/trel202409_113.json,BCB/IF.data,https://www3.bcb.gov.br/ifdata/rest/arquivos?nomeArquivo=ifdata%2F202409%2Ftrel202409_113.json,2026-08-12T00:40:16Z,ba1f8f1bd157138af0f2bf358d4ef98fbbcc20d5101b4bf7b5cd07cafa8ce9bc,8900,original,IF.data data-base 202409
data_raw/ifdata/202409/trel202409_115.json,BCB/IF.data,https://www3.bcb.gov.br/ifdata/rest/arquivos?nomeArquivo=ifdata%2F202409%2Ftrel202409_115.json,2026-08-12T00:40:16Z,b1f544299da1da4603c513fd4df7a4b53a31925c0138f6899663f7599abb02c6,9030,original,IF.data data-base 202409
data_raw/ifdata/202409/trel202409_62.json,BCB/IF.data,https://www3.bcb.gov.br/ifdata/rest/arquivos?nomeArquivo=ifdata%2F202409%2Ftrel202409_62.json,2026-08-12T00:40:17Z,2dd848cdd8a8d258de12efb8926be20b975bf0254347a66d6588640e5572b6bc,24582,original,IF.data data-base 202409
data_raw/ifdata/202409/trel202409_64.json,BCB/IF.data,https://www3.bcb.gov.br/ifdata/rest/arquivos?nomeArquivo=ifdata%2F202409%2Ftrel202409_64.json,2026-08-12T00:40:18Z,244e2c9855601729e9e6e92aff8623151aa2821f404e8c08120a44e4bb715b6f,6732,original,IF.data data-base 202409
data_raw/ifdata/202409/trel202409_65.json,BCB/IF.data,https://www3.bcb.gov.br/ifdata/rest/arquivos?nomeArquivo=ifdata%2F202409%2Ftrel202409_65.json,2026-08-12T00:40:19Z,ce692ad00c061b53058681a5fcd964277bfed96d9ebb399156cd0f7dd42acd58,11336,original,IF.data data-base 202409
data_raw/ifdata/202409/trel202409_66.json,BCB/IF.data,https://www3.bcb.gov.br/ifdata/rest/arquivos?nomeArquivo=ifdata%2F202409%2Ftrel202409_66.json,2026-08-12T00:40:19Z,d7aa9319f51101b7448df310c02a8f49a7a901743455cff4659cff0b4b7dff31,7457,original,IF.data data-base 202409
data_raw/ifdata/202409/trel202409_67.json,BCB/IF.data,https://www3.bcb.gov.br/ifdata/rest/arquivos?nomeArquivo=ifdata%2F202409%2Ftrel202409_67.json,2026-08-12T00:40:20Z,74f40fc3aa1bb2f4ed9cfb6792879ceed0031d7cebdffd6b8429d5f7b52817d6,8355,original,IF.data data-base 202409
data_raw/ifdata/202409/trel202409_68.json,BCB/IF.data,https://www3.bcb.gov.br/ifdata/rest/arquivos?nomeArquivo=ifdata%2F202409%2Ftrel202409_68.json,2026-08-12T00:40:42Z,d0e2c6d2af18aba799b2987457b30c4ba358c1cf11fbf60461ce259c067173fe,7529,original,IF.data data-base 202409
data_raw/ifdata/202409/trel202409_70.json,BCB/IF.data,https://www3.bcb.gov.br/ifdata/rest/arquivos?nomeArquivo=ifdata%2F202409%2Ftrel202409_70.json,2026-08-12T00:40:43Z,57b4ce501f8d0d056904c9377884087d20408f1ad223a2cf4253033b280b7707,6189,original,IF.data data-base 202409
data_raw/ifdata/202409/trel202409_71.json,BCB/IF.data,https://www3.bcb.gov.br/ifdata/rest/arquivos?nomeArquivo=ifdata%2F202409%2Ftrel202409_71.json,2026-08-12T00:40:44Z,10c5af6a979aedccb94dc5315379b9a3fb162be28e13c14d84f81908f34e6c8b,29190,original,IF.data data-base 202409
data_raw/ifdata/202409/trel202409_73.json,BCB/IF.data,https://www3.bcb.gov.br/ifdata/rest/arquivos?nomeArquivo=ifdata%2F202409%2Ftrel202409_73.json,2026-08-12T00:40:45Z,10f8aba7abf5b120dc582e95178afd89b47809b7b8587c438c4b7eea0d95d143,30582,original,IF.data data-base 202409
data_raw/ifdata/202409/trel202409_77.json,BCB/IF.data,https://www3.bcb.gov.br/ifdata/rest/arquivos?nomeArquivo=ifdata%2F202409%2Ftrel202409_77.json,2026-08-12T00:40:46Z,ed78820d0e7f4ee9f161985d544f6a052a52855a976b360bc7a8af1001ab685d,6797,original,IF.data data-base 202409
data_raw/ifdata/202409/trel202409_92.json,BCB/IF.data,https://www3.bcb.gov.br/ifdata/rest/arquivos?nomeArquivo=ifdata%2F202409%2Ftrel202409_92.json,2026-08-12T00:40:47Z,37e6d3522ca815268c4a1ac7281484bde403094c11b4101331f45588e26cdffa,7168,original,IF.data data-base 202409
data_raw/ifdata/202409/trel202409_93.json,BCB/IF.data,https://www3.bcb.gov.br/ifdata/rest/arquivos?nomeArquivo=ifdata%2F202409%2Ftrel202409_93.json,2026-08-12T00:40:48Z,30aaa8e8a5e31c59817a57875f01988c8a97ec3dc5e0680d12cefa65ae57cf91,7382,original,IF.data data-base 202409
data_raw/ifdata/202409/trel202409_94.json,BCB/IF.data,https://www3.bcb.gov.br/ifdata/rest/arquivos?nomeArquivo=ifdata%2F202409%2Ftrel202409_94.json,2026-08-12T00:40:49Z,07a951c2c1c4b685d943092079553048d9f14f2d0787f8afff126a18b1615460,9766,original,IF.data data-base 202409
data_raw/ifdata/202409/trel202409_96.json,BCB/IF.data,https://www3.bcb.gov.br/ifdata/rest/arquivos?nomeArquivo=ifdata%2F202409%2Ftrel202409_96.json,2026-08-12T00:40:50Z,28de800f5552d0950f171111996a4102ea17129d9e481f35602587bd2248e616,6593,original,IF.data data-base 202409
data_raw/ifdata/202409/trel202409_98.json,BCB/IF.data,https://www3.bcb.gov.br/ifdata/rest/arquivos?nomeArquivo=ifdata%2F202409%2Ftrel202409_98.json,2026-08-12T00:40:51Z,1af551c18a3e56838650b066ee422373a93cd62838bdeb3745ada603016aad85,9458,original,IF.data data-base 202409
data_raw/ifdata/202412/cadastro202412_1005.json,BCB/IF.data,https://www3.bcb.gov.br/ifdata/rest/arquivos?nomeArquivo=ifdata%2F202412%2Fcadastro202412_1005.json,2026-08-12T00:40:52Z,eec996cd9b6b219d26a7e63a1b803273ad0a418c6e022b06506f3a226b9c98e1,739235,original,IF.data data-base 202412 tipo 1005
data_raw/ifdata/202412/dados202412_1.json.gz,BCB/IF.data,https://www3.bcb.gov.br/ifdata/rest/arquivos?nomeArquivo=ifdata%2F202412%2Fdados202412_1.json,2026-08-12T00:40:55Z,c0f14556464dfd191df00d6867023fa894174b0eeb007a2bd5f5714187fa0474,15612512,gzip do original,IF.data data-base 202412
data_raw/ifdata/202412/dados202412_2.json.gz,BCB/IF.data,https://www3.bcb.gov.br/ifdata/rest/arquivos?nomeArquivo=ifdata%2F202412%2Fdados202412_2.json,2026-08-12T00:40:56Z,643bcec1a3144c5f1661608d9060254d266a921dc36072d649270f38c0322831,225865,gzip do original,IF.data data-base 202412
data_raw/ifdata/202412/dados202412_3.json.gz,BCB/IF.data,https://www3.bcb.gov.br/ifdata/rest/arquivos?nomeArquivo=ifdata%2F202412%2Fdados202412_3.json,2026-08-12T00:40:59Z,4439dd03d28fb5e36cfd1b5bc3fcebcef671d99799c1578a5f2b6e981a6a7c42,7495913,gzip do original,IF.data data-base 202412
data_raw/ifdata/202412/dados202412_4.json.gz,BCB/IF.data,https://www3.bcb.gov.br/ifdata/rest/arquivos?nomeArquivo=ifdata%2F202412%2Fdados202412_4.json,2026-08-12T00:41:00Z,b5d407ecc4c3dc22b17bb149c7a8bf1e57dcdc706a6ff73e4bb529d3abd44250,80862,gzip do original,IF.data data-base 202412
data_raw/ifdata/202412/dados202412_5.json.gz,BCB/IF.data,https://www3.bcb.gov.br/ifdata/rest/arquivos?nomeArquivo=ifdata%2F202412%2Fdados202412_5.json,2026-08-12T00:41:01Z,3d799d69af4a07ecf031b831946ae8c2c4d428546aee31fc4af356f201812f6c,424102,gzip do original,IF.data data-base 202412
data_raw/ifdata/202412/info202412.json,BCB/IF.data,https://www3.bcb.gov.br/ifdata/rest/arquivos?nomeArquivo=ifdata%2F202412%2Finfo202412.json,2026-08-12T00:41:22Z,9c09219eeb7aa558e0ac74e32b905ba940ec00b0bc01f761b1d086aef86cca28,188690,original,IF.data data-base 202412
data_raw/ifdata/202412/sel202412.json,BCB/IF.data,https://www3.bcb.gov.br/ifdata/rest/arquivos?nomeArquivo=ifdata%2F202412%2Fsel202412.json,2026-08-12T00:41:23Z,3d066ee9963cb8d02df5026f8fdabe9a430f8d75eaad50f5093239bc47b300e0,440,original,IF.data data-base 202412
data_raw/ifdata/202412/trel202412_100.json,BCB/IF.data,https://www3.bcb.gov.br/ifdata/rest/arquivos?nomeArquivo=ifdata%2F202412%2Ftrel202412_100.json,2026-08-12T00:41:24Z,c0bd74d3dad27c935414e3dfcb0718b77089c35ee74717956840aa9b78d27c83,7391,original,IF.data data-base 202412
data_raw/ifdata/202412/trel202412_101.json,BCB/IF.data,https://www3.bcb.gov.br/ifdata/rest/arquivos?nomeArquivo=ifdata%2F202412%2Ftrel202412_101.json,2026-08-12T00:41:25Z,cf8325ac6d966fcb6eeaca53e9a94aa8a091779ecaa2f7e71ef68ce71d7dbdf0,7178,original,IF.data data-base 202412
data_raw/ifdata/202412/trel202412_102.json,BCB/IF.data,https://www3.bcb.gov.br/ifdata/rest/arquivos?nomeArquivo=ifdata%2F202412%2Ftrel202412_102.json,2026-08-12T00:41:26Z,dd738b5414f4364b1494f9713a1af445eeb13191bbe19bfc6e56e9d3e9c1e77f,4689,original,IF.data data-base 202412
data_raw/ifdata/202412/trel202412_104.json,BCB/IF.data,https://www3.bcb.gov.br/ifdata/rest/arquivos?nomeArquivo=ifdata%2F202412%2Ftrel202412_104.json,2026-08-12T00:41:27Z,7bfdc125ac4584f44505e29aef35dd10589e7b6b0ba937c49b432562377d0563,7587,original,IF.data data-base 202412
data_raw/ifdata/202412/trel202412_111.json,BCB/IF.data,https://www3.bcb.gov.br/ifdata/rest/arquivos?nomeArquivo=ifdata%2F202412%2Ftrel202412_111.json,2026-08-12T00:41:28Z,eaded09f29603fdb1e476d6eb7974aadd4973d1c0c6c704e9c38755c69935287,6035,original,IF.data data-base 202412
data_raw/ifdata/202412/trel202412_112.json,BCB/IF.data,https://www3.bcb.gov.br/ifdata/rest/arquivos?nomeArquivo=ifdata%2F202412%2Ftrel202412_112.json,2026-08-12T00:41:29Z,4158ce2a564e75cb31352a2a6a98557108a093dfad1c2bc430ec5b2d8fddbc7c,6670,original,IF.data data-base 202412
data_raw/ifdata/202412/trel202412_113.json,BCB/IF.data,https://www3.bcb.gov.br/ifdata/rest/arquivos?nomeArquivo=ifdata%2F202412%2Ftrel202412_113.json,2026-08-12T00:41:30Z,98c58d07c8ea030146e88762f828c854064002f85fa1e0ff2a1c192fa0730529,8900,original,IF.data data-base 202412
data_raw/ifdata/202412/trel202412_115.json,BCB/IF.data,https://www3.bcb.gov.br/ifdata/rest/arquivos?nomeArquivo=ifdata%2F202412%2Ftrel202412_115.json,2026-08-12T00:41:31Z,5847e34542af302adb3080ba6d997286a15b16021e02ddd936a6e0d6b9664ae8,9619,original,IF.data data-base 202412
data_raw/ifdata/202412/trel202412_62.json,BCB/IF.data,https://www3.bcb.gov.br/ifdata/rest/arquivos?nomeArquivo=ifdata%2F202412%2Ftrel202412_62.json,2026-08-12T00:41:33Z,64988f0db08958cf62ddcaf1c270a15cb2ba1bcb07ad30d786197d0d66b98db9,24582,original,IF.data data-base 202412
data_raw/ifdata/202412/trel202412_64.json,BCB/IF.data,https://www3.bcb.gov.br/ifdata/rest/arquivos?nomeArquivo=ifdata%2F202412%2Ftrel202412_64.json,2026-08-12T00:41:33Z,401cf3c2f598f81eb385dfd26e521ea00de72ba34d88e55b89db2e53db48895d,6732,original,IF.data data-base 202412
data_raw/ifdata/202412/trel202412_65.json,BCB/IF.data,https://www3.bcb.gov.br/ifdata/rest/arquivos?nomeArquivo=ifdata%2F202412%2Ftrel202412_65.json,2026-08-12T00:41:34Z,8c86d7e814b5b6ae4463a1b186d4a7b6cb9b450f8cc123e60ac73b0ff566bd86,11336,original,IF.data data-base 202412
data_raw/ifdata/202412/trel202412_66.json,BCB/IF.data,https://www3.bcb.gov.br/ifdata/rest/arquivos?nomeArquivo=ifdata%2F202412%2Ftrel202412_66.json,2026-08-12T00:41:35Z,ba6c718dc78f384a7c4009c681a875786bb479577b6ce7029f7f45846151c141,7457,original,IF.data data-base 202412
data_raw/ifdata/202412/trel202412_67.json,BCB/IF.data,https://www3.bcb.gov.br/ifdata/rest/arquivos?nomeArquivo=ifdata%2F202412%2Ftrel202412_67.json,2026-08-12T00:41:36Z,6fdb9682b5f0046c6140877f79d6b5627a6d29303381dcfa9aa908f32a4984f2,8355,original,IF.data data-base 202412
data_raw/ifdata/202412/trel202412_68.json,BCB/IF.data,https://www3.bcb.gov.br/ifdata/rest/arquivos?nomeArquivo=ifdata%2F202412%2Ftrel202412_68.json,2026-08-12T00:41:36Z,b266f8934c217a58ec7616028213780028e758452121ce9a05a38ba72c892d02,7529,original,IF.data data-base 202412
data_raw/ifdata/202412/trel202412_71.json,BCB/IF.data,https://www3.bcb.gov.br/ifdata/rest/arquivos?nomeArquivo=ifdata%2F202412%2Ftrel202412_71.json,2026-08-12T00:41:37Z,14cf70643c893aa47519fb381b14a9fcf2cbf33a69a5a2832122cd31352ffe7d,30184,original,IF.data data-base 202412
data_raw/ifdata/202412/trel202412_73.json,BCB/IF.data,https://www3.bcb.gov.br/ifdata/rest/arquivos?nomeArquivo=ifdata%2F202412%2Ftrel202412_73.json,2026-08-12T00:41:37Z,c7754cf47a045961735b04933b1e1cfd0dc73dc91e57caf1ec8b4a5ad2ed340f,30582,original,IF.data data-base 202412
data_raw/ifdata/202412/trel202412_77.json,BCB/IF.data,https://www3.bcb.gov.br/ifdata/rest/arquivos?nomeArquivo=ifdata%2F202412%2Ftrel202412_77.json,2026-08-12T00:41:38Z,8bd005955e26a10ab86a51c0ebb9c7758bffc5507f8487b4bc97c92a60854f50,6797,original,IF.data data-base 202412
data_raw/ifdata/202412/trel202412_92.json,BCB/IF.data,https://www3.bcb.gov.br/ifdata/rest/arquivos?nomeArquivo=ifdata%2F202412%2Ftrel202412_92.json,2026-08-12T00:41:39Z,b62e439101708d0b1fbc6dae7862ebbecff7e943caf9cb3388d742a03bbf7f95,7168,original,IF.data data-base 202412
data_raw/ifdata/202412/trel202412_93.json,BCB/IF.data,https://www3.bcb.gov.br/ifdata/rest/arquivos?nomeArquivo=ifdata%2F202412%2Ftrel202412_93.json,2026-08-12T00:41:39Z,1e23745bf9e2f68468e50f66cdb345782ea7859a87181c6f70eac12d3124bc32,7382,original,IF.data data-base 202412
data_raw/ifdata/202412/trel202412_94.json,BCB/IF.data,https://www3.bcb.gov.br/ifdata/rest/arquivos?nomeArquivo=ifdata%2F202412%2Ftrel202412_94.json,2026-08-12T00:41:41Z,0730ef2f2f7b96fdedcb78eed27e39017fd9e179bf3e41cc983b24fe20d7fad9,9766,original,IF.data data-base 202412
data_raw/ifdata/202412/trel202412_96.json,BCB/IF.data,https://www3.bcb.gov.br/ifdata/rest/arquivos?nomeArquivo=ifdata%2F202412%2Ftrel202412_96.json,2026-08-12T00:41:42Z,77f1bd7cd2243856db31c11ba7d27fa524320901024ccbe04718c776899a267e,6593,original,IF.data data-base 202412
data_raw/ifdata/202412/trel202412_98.json,BCB/IF.data,https://www3.bcb.gov.br/ifdata/rest/arquivos?nomeArquivo=ifdata%2F202412%2Ftrel202412_98.json,2026-08-12T00:41:42Z,049ad3ef5a844a757615a8c7e5cda7fe192e8c106d1b41178109b26d2440c8b5,9458,original,IF.data data-base 202412
data_raw/ifdata/202503/cadastro202503_1005.json,BCB/IF.data,https://www3.bcb.gov.br/ifdata/rest/arquivos?nomeArquivo=ifdata_2025_2030%2F%2F202503%2Fcadastro202503_1005.json,2026-08-12T00:41:43Z,eabe1481f1d5918b8156f399638a51dc908c195a8fff737888c0a8b76b790da4,750811,original,IF.data data-base 202503 tipo 1005
data_raw/ifdata/202503/dados202503_1.json.gz,BCB/IF.data,https://www3.bcb.gov.br/ifdata/rest/arquivos?nomeArquivo=ifdata_2025_2030%2F%2F202503%2Fdados202503_1.json,2026-08-12T00:41:48Z,8d57dd77ea0de359c9e5245c68ef79b7f2ee506232b145eee2a84a04f45515e2,14675928,gzip do original,IF.data data-base 202503
data_raw/ifdata/202503/dados202503_2.json.gz,BCB/IF.data,https://www3.bcb.gov.br/ifdata/rest/arquivos?nomeArquivo=ifdata_2025_2030%2F%2F202503%2Fdados202503_2.json,2026-08-12T00:41:48Z,6029065dcd3f53e1c6bbff97f22f2aaf9072f1dfed4a111e56c76596d8ad5321,262044,gzip do original,IF.data data-base 202503
data_raw/ifdata/202503/dados202503_3.json.gz,BCB/IF.data,https://www3.bcb.gov.br/ifdata/rest/arquivos?nomeArquivo=ifdata_2025_2030%2F%2F202503%2Fdados202503_3.json,2026-08-12T00:41:51Z,5042054b32ba57ceb0d477ae56809d3c92c50517d892bd5959ce29fa67c04d6b,6492113,gzip do original,IF.data data-base 202503
data_raw/ifdata/202503/dados202503_4.json.gz,BCB/IF.data,https://www3.bcb.gov.br/ifdata/rest/arquivos?nomeArquivo=ifdata_2025_2030%2F%2F202503%2Fdados202503_4.json,2026-08-12T00:41:53Z,a2d229949e202c518c8706fef175328bdc500ea670708b35f04d96378688ade6,81199,gzip do original,IF.data data-base 202503
data_raw/ifdata/202503/dados202503_5.json.gz,BCB/IF.data,https://www3.bcb.gov.br/ifdata/rest/arquivos?nomeArquivo=ifdata_2025_2030%2F%2F202503%2Fdados202503_5.json,2026-08-12T00:41:54Z,476a6a88d43860492313a4cdc1f0eb6ae8a4505b6dca2c40d7e55e2ecd7d2779,724278,gzip do original,IF.data data-base 202503
data_raw/ifdata/202503/info202503.json,BCB/IF.data,https://www3.bcb.gov.br/ifdata/rest/arquivos?nomeArquivo=ifdata_2025_2030%2F%2F202503%2Finfo202503.json,2026-08-12T00:41:56Z,b8f1c2c2dc428af21367ea0dbaf0212181f160be984d258bb0af03fbd1a4fdae,188690,original,IF.data data-base 202503
data_raw/ifdata/202503/sel202503.json,BCB/IF.data,https://www3.bcb.gov.br/ifdata/rest/arquivos?nomeArquivo=ifdata_2025_2030%2F%2F202503%2Fsel202503.json,2026-08-12T00:41:57Z,3d066ee9963cb8d02df5026f8fdabe9a430f8d75eaad50f5093239bc47b300e0,440,original,IF.data data-base 202503
data_raw/ifdata/202503/trel202503_105.json,BCB/IF.data,https://www3.bcb.gov.br/ifdata/rest/arquivos?nomeArquivo=ifdata_2025_2030%2F%2F202503%2Ftrel202503_105.json,2026-08-12T00:41:58Z,f5720c5f7e16cf9fcc1cf54a67aa3c71a8b4c607e06cb3c655d15e0fd8ed103b,7618,original,IF.data data-base 202503
data_raw/ifdata/202503/trel202503_106.json,BCB/IF.data,https://www3.bcb.gov.br/ifdata/rest/arquivos?nomeArquivo=ifdata_2025_2030%2F%2F202503%2Ftrel202503_106.json,2026-08-12T00:41:59Z,63401559a183634618df6701d74ab4f710d2d4768d1463a4f6657d14a864dff0,8422,original,IF.data data-base 202503
data_raw/ifdata/202503/trel202503_107.json,BCB/IF.data,https://www3.bcb.gov.br/ifdata/rest/arquivos?nomeArquivo=ifdata_2025_2030%2F%2F202503%2Ftrel202503_107.json,2026-08-12T00:42:00Z,ab52bd3decad3b81a423f97dcd0b03ee7913188f2344d38c2332c354751c7b5d,8191,original,IF.data data-base 202503
data_raw/ifdata/202503/trel202503_108.json,BCB/IF.data,https://www3.bcb.gov.br/ifdata/rest/arquivos?nomeArquivo=ifdata_2025_2030%2F%2F202503%2Ftrel202503_108.json,2026-08-12T00:42:01Z,e25f53ddb6e44d5d3f2ece7e324c8b67237908d737d41f0824657e55c25a92ca,7282,original,IF.data data-base 202503
data_raw/ifdata/202503/trel202503_109.json,BCB/IF.data,https://www3.bcb.gov.br/ifdata/rest/arquivos?nomeArquivo=ifdata_2025_2030%2F%2F202503%2Ftrel202503_109.json,2026-08-12T00:42:02Z,753d4b3257edc24f9f155d23ec8c41acdbb4e552e0a452909ccc1bf07c7d4c33,8090,original,IF.data data-base 202503
data_raw/ifdata/202503/trel202503_110.json,BCB/IF.data,https://www3.bcb.gov.br/ifdata/rest/arquivos?nomeArquivo=ifdata_2025_2030%2F%2F202503%2Ftrel202503_110.json,2026-08-12T00:42:03Z,fe3e71058a073824df11c7aa509b38a922b88b4397b18feed61089fbd18a6691,7853,original,IF.data data-base 202503
data_raw/ifdata/202503/trel202503_115.json,BCB/IF.data,https://www3.bcb.gov.br/ifdata/rest/arquivos?nomeArquivo=ifdata_2025_2030%2F%2F202503%2Ftrel202503_115.json,2026-08-12T00:42:04Z,9fd9789005054c39d2d769f815d3192efe8ea34a742d5a9de22a56ad3e9478fc,9619,original,IF.data data-base 202503
data_raw/ifdata/202503/trel202503_116.json,BCB/IF.data,https://www3.bcb.gov.br/ifdata/rest/arquivos?nomeArquivo=ifdata_2025_2030%2F%2F202503%2Ftrel202503_116.json,2026-08-12T00:42:04Z,20d20e1bdbc892976d89be25cbf487f18ee20961abd7ff2da90a8c15677dc7b4,12452,original,IF.data data-base 202503
data_raw/ifdata/202503/trel202503_117.json,BCB/IF.data,https://www3.bcb.gov.br/ifdata/rest/arquivos?nomeArquivo=ifdata_2025_2030%2F%2F202503%2Ftrel202503_117.json,2026-08-12T00:42:05Z,7047d183b018c8d51968b9815a14c48c1d0701969770443f274f73729a99a196,12250,original,IF.data data-base 202503
data_raw/ifdata/202503/trel202503_118.json,BCB/IF.data,https://www3.bcb.gov.br/ifdata/rest/arquivos?nomeArquivo=ifdata_2025_2030%2F%2F202503%2Ftrel202503_118.json,2026-08-12T00:42:06Z,039955acfd51852edea79a8bdc43dc710299dc6500379f3c3b099a9e115726d8,13023,original,IF.data data-base 202503
data_raw/ifdata/202503/trel202503_119.json,BCB/IF.data,https://www3.bcb.gov.br/ifdata/rest/arquivos?nomeArquivo=ifdata_2025_2030%2F%2F202503%2Ftrel202503_119.json,2026-08-12T00:42:07Z,46256d5d1711e120cea2c4224ebcd3f632a3d78b8e2c166f4e2523e6cc0b7d1f,7844,original,IF.data data-base 202503
data_raw/ifdata/202503/trel202503_120.json,BCB/IF.data,https://www3.bcb.gov.br/ifdata/rest/arquivos?nomeArquivo=ifdata_2025_2030%2F%2F202503%2Ftrel202503_120.json,2026-08-12T00:42:07Z,655f7ce249c04e72f9d83722c8937e7f69daef9f90fb86cc12a018a21753b52b,8078,original,IF.data data-base 202503
data_raw/ifdata/202503/trel202503_121.json,BCB/IF.data,https://www3.bcb.gov.br/ifdata/rest/arquivos?nomeArquivo=ifdata_2025_2030%2F%2F202503%2Ftrel202503_121.json,2026-08-12T00:42:08Z,615f14606c56de56aed1ced6a79a63915c76a13a1e9f5b86278d35ada609426b,8645,original,IF.data data-base 202503
data_raw/ifdata/202503/trel202503_122.json,BCB/IF.data,https://www3.bcb.gov.br/ifdata/rest/arquivos?nomeArquivo=ifdata_2025_2030%2F%2F202503%2Ftrel202503_122.json,2026-08-12T00:42:09Z,fe2ef5e72e6c7c0a06b3a5c4defaae765be82e01d7ba765376063fa01fcef459,4998,original,IF.data data-base 202503
data_raw/ifdata/202503/trel202503_123.json,BCB/IF.data,https://www3.bcb.gov.br/ifdata/rest/arquivos?nomeArquivo=ifdata_2025_2030%2F%2F202503%2Ftrel202503_123.json,2026-08-12T00:42:10Z,7146bdcaf01bf83fdc8258f31813f8d3b92774fd4be118bcd89506644817d282,27173,original,IF.data data-base 202503
data_raw/ifdata/202503/trel202503_124.json,BCB/IF.data,https://www3.bcb.gov.br/ifdata/rest/arquivos?nomeArquivo=ifdata_2025_2030%2F%2F202503%2Ftrel202503_124.json,2026-08-12T00:42:10Z,53632940935bde31d693e282d06dcc9cfe6768388919e57fe90711dd7d14f5dd,10451,original,IF.data data-base 202503
data_raw/ifdata/202503/trel202503_125.json,BCB/IF.data,https://www3.bcb.gov.br/ifdata/rest/arquivos?nomeArquivo=ifdata_2025_2030%2F%2F202503%2Ftrel202503_125.json,2026-08-12T00:42:11Z,3f5cfcf8504fe731e017caa64593ab72058613109725b39b689cb91af8a4ad4a,13929,original,IF.data data-base 202503
data_raw/ifdata/202503/trel202503_126.json,BCB/IF.data,https://www3.bcb.gov.br/ifdata/rest/arquivos?nomeArquivo=ifdata_2025_2030%2F%2F202503%2Ftrel202503_126.json,2026-08-12T00:42:13Z,3e574d3e829d9621bae6894e119f4bc95d0651657642958f9f0926ae0ac2a801,9780,original,IF.data data-base 202503
data_raw/ifdata/202503/trel202503_127.json,BCB/IF.data,https://www3.bcb.gov.br/ifdata/rest/arquivos?nomeArquivo=ifdata_2025_2030%2F%2F202503%2Ftrel202503_127.json,2026-08-12T00:42:14Z,58c60ed48ab6fff5860b08e78aece1aefb13e13d6c6ccd37ae3dd589421a32a3,10764,original,IF.data data-base 202503
data_raw/ifdata/202503/trel202503_128.json,BCB/IF.data,https://www3.bcb.gov.br/ifdata/rest/arquivos?nomeArquivo=ifdata_2025_2030%2F%2F202503%2Ftrel202503_128.json,2026-08-12T00:42:15Z,823f277194f9616e6df1a360c3272cb8686eb3f36dc12f786b8012c527ce63c0,32771,original,IF.data data-base 202503
data_raw/ifdata/202503/trel202503_129.json,BCB/IF.data,https://www3.bcb.gov.br/ifdata/rest/arquivos?nomeArquivo=ifdata_2025_2030%2F%2F202503%2Ftrel202503_129.json,2026-08-12T00:42:17Z,a368c8518fa382f97c1addc86c22fbe13c93b32cdc2d20da8108843ad44f0fc9,33170,original,IF.data data-base 202503
data_raw/ifdata/202503/trel202503_130.json,BCB/IF.data,https://www3.bcb.gov.br/ifdata/rest/arquivos?nomeArquivo=ifdata_2025_2030%2F%2F202503%2Ftrel202503_130.json,2026-08-12T00:42:17Z,4742d88423d7526a8fb96f358050e3a6b92302b750716b189d0c65bbf47d7964,9631,original,IF.data data-base 202503
data_raw/ifdata/202506/cadastro202506_1005.json,BCB/IF.data,https://www3.bcb.gov.br/ifdata/rest/arquivos?nomeArquivo=ifdata_2025_2030%2F%2F202506%2Fcadastro202506_1005.json,2026-08-12T00:42:19Z,50f6f241def57b80063c1adccd303b921cc2eea4f07e6ff4f78335e424a8a6b4,751198,original,IF.data data-base 202506 tipo 1005
data_raw/ifdata/202506/dados202506_1.json.gz,BCB/IF.data,https://www3.bcb.gov.br/ifdata/rest/arquivos?nomeArquivo=ifdata_2025_2030%2F%2F202506%2Fdados202506_1.json,2026-08-12T00:42:24Z,8644c5feedfeacb4c1267507f763d35ac05a282657e284a5316c44fae0359ff0,14756649,gzip do original,IF.data data-base 202506
data_raw/ifdata/202506/dados202506_2.json.gz,BCB/IF.data,https://www3.bcb.gov.br/ifdata/rest/arquivos?nomeArquivo=ifdata_2025_2030%2F%2F202506%2Fdados202506_2.json,2026-08-12T00:42:25Z,b28497494d4ade95239c6891bf6ecf2b9d86714a3c8019a65d95515132fc6752,263050,gzip do original,IF.data data-base 202506
data_raw/ifdata/202506/dados202506_3.json.gz,BCB/IF.data,https://www3.bcb.gov.br/ifdata/rest/arquivos?nomeArquivo=ifdata_2025_2030%2F%2F202506%2Fdados202506_3.json,2026-08-12T00:42:28Z,a8537bff8e7af0c698a4e76095e13c132496aac8e9343b9f2ea95158dda81ef6,6511857,gzip do original,IF.data data-base 202506
data_raw/ifdata/202506/dados202506_4.json.gz,BCB/IF.data,https://www3.bcb.gov.br/ifdata/rest/arquivos?nomeArquivo=ifdata_2025_2030%2F%2F202506%2Fdados202506_4.json,2026-08-12T00:42:29Z,8dad8c83b81f04c4a00fe3bbc9f32bf6cedd8a3deb9eb406eca82f89cccba8ba,29,gzip do original,IF.data data-base 202506
data_raw/ifdata/202506/dados202506_5.json.gz,BCB/IF.data,https://www3.bcb.gov.br/ifdata/rest/arquivos?nomeArquivo=ifdata_2025_2030%2F%2F202506%2Fdados202506_5.json,2026-08-12T00:42:30Z,f735236644633abd807618784bf210e76ecbb08dcaa0e4011c1a7649665821c8,696691,gzip do original,IF.data data-base 202506
data_raw/ifdata/202506/info202506.json,BCB/IF.data,https://www3.bcb.gov.br/ifdata/rest/arquivos?nomeArquivo=ifdata_2025_2030%2F%2F202506%2Finfo202506.json,2026-08-12T00:42:31Z,9c09219eeb7aa558e0ac74e32b905ba940ec00b0bc01f761b1d086aef86cca28,188690,original,IF.data data-base 202506
data_raw/ifdata/202506/sel202506.json,BCB/IF.data,https://www3.bcb.gov.br/ifdata/rest/arquivos?nomeArquivo=ifdata_2025_2030%2F%2F202506%2Fsel202506.json,2026-08-12T00:42:31Z,3d066ee9963cb8d02df5026f8fdabe9a430f8d75eaad50f5093239bc47b300e0,440,original,IF.data data-base 202506
data_raw/ifdata/202506/trel202506_105.json,BCB/IF.data,https://www3.bcb.gov.br/ifdata/rest/arquivos?nomeArquivo=ifdata_2025_2030%2F%2F202506%2Ftrel202506_105.json,2026-08-12T00:42:32Z,e656ada515b2cc7304d7ff84b029d43d197a9559acc6f3c7a15b60d7f7ab0e4b,7618,original,IF.data data-base 202506
data_raw/ifdata/202506/trel202506_106.json,BCB/IF.data,https://www3.bcb.gov.br/ifdata/rest/arquivos?nomeArquivo=ifdata_2025_2030%2F%2F202506%2Ftrel202506_106.json,2026-08-12T00:42:33Z,63a55c1d1b632b44e8291cfa22b88a140095191f69a9bb1722f4a206293298f5,8422,original,IF.data data-base 202506
data_raw/ifdata/202506/trel202506_107.json,BCB/IF.data,https://www3.bcb.gov.br/ifdata/rest/arquivos?nomeArquivo=ifdata_2025_2030%2F%2F202506%2Ftrel202506_107.json,2026-08-12T00:42:34Z,bc2b8546f3e7c8c76866b728740d11eac9020887055933ce3badf18d91a7657b,8191,original,IF.data data-base 202506
data_raw/ifdata/202506/trel202506_108.json,BCB/IF.data,https://www3.bcb.gov.br/ifdata/rest/arquivos?nomeArquivo=ifdata_2025_2030%2F%2F202506%2Ftrel202506_108.json,2026-08-12T00:42:35Z,36ca5dd8da9f001beed10ee74249e6938c281001752ede52526197f57fad6c39,7282,original,IF.data data-base 202506
data_raw/ifdata/202506/trel202506_109.json,BCB/IF.data,https://www3.bcb.gov.br/ifdata/rest/arquivos?nomeArquivo=ifdata_2025_2030%2F%2F202506%2Ftrel202506_109.json,2026-08-12T00:42:37Z,ef3617f4f6b441eb4bd6ebaa75d0b51c316219d2e45b0abdee9debf4a2fa9ba2,8090,original,IF.data data-base 202506
data_raw/ifdata/202506/trel202506_110.json,BCB/IF.data,https://www3.bcb.gov.br/ifdata/rest/arquivos?nomeArquivo=ifdata_2025_2030%2F%2F202506%2Ftrel202506_110.json,2026-08-12T00:42:37Z,b5f4e8de6e0fd3526875fb5b21349bd83439d10390fec70466d3416e2e6744fd,7853,original,IF.data data-base 202506
data_raw/ifdata/202506/trel202506_115.json,BCB/IF.data,https://www3.bcb.gov.br/ifdata/rest/arquivos?nomeArquivo=ifdata_2025_2030%2F%2F202506%2Ftrel202506_115.json,2026-08-12T00:42:38Z,6d8c28a4373c51b39993e5ea94725d476aeb2a848bb874404e46190accd65be2,9619,original,IF.data data-base 202506
data_raw/ifdata/202506/trel202506_116.json,BCB/IF.data,https://www3.bcb.gov.br/ifdata/rest/arquivos?nomeArquivo=ifdata_2025_2030%2F%2F202506%2Ftrel202506_116.json,2026-08-12T00:42:39Z,52d05ec5f827067823100db8abbfcf47908aa6d5d874ba4c0ed7122c541d5e0e,12452,original,IF.data data-base 202506
data_raw/ifdata/202506/trel202506_117.json,BCB/IF.data,https://www3.bcb.gov.br/ifdata/rest/arquivos?nomeArquivo=ifdata_2025_2030%2F%2F202506%2Ftrel202506_117.json,2026-08-12T00:42:39Z,43723c48acff3ad5f67f156ec9147e70a3c8e4480a54ccb759e6b37afd215169,12250,original,IF.data data-base 202506
data_raw/ifdata/202506/trel202506_118.json,BCB/IF.data,https://www3.bcb.gov.br/ifdata/rest/arquivos?nomeArquivo=ifdata_2025_2030%2F%2F202506%2Ftrel202506_118.json,2026-08-12T00:42:40Z,e28ac46130676c0b642c3014c5b0f67542a35d4530eb6c166577b23cefd30088,13023,original,IF.data data-base 202506
data_raw/ifdata/202506/trel202506_119.json,BCB/IF.data,https://www3.bcb.gov.br/ifdata/rest/arquivos?nomeArquivo=ifdata_2025_2030%2F%2F202506%2Ftrel202506_119.json,2026-08-12T00:42:41Z,3a1a30230c1e32030223b17727709fb61eec46739ba20ff3eda104708e04f829,7844,original,IF.data data-base 202506
data_raw/ifdata/202506/trel202506_120.json,BCB/IF.data,https://www3.bcb.gov.br/ifdata/rest/arquivos?nomeArquivo=ifdata_2025_2030%2F%2F202506%2Ftrel202506_120.json,2026-08-12T00:42:42Z,05249bcf75b1387cbde159e46188455258e321928cb67a2be22c1170b3c1e0b2,8078,original,IF.data data-base 202506
data_raw/ifdata/202506/trel202506_121.json,BCB/IF.data,https://www3.bcb.gov.br/ifdata/rest/arquivos?nomeArquivo=ifdata_2025_2030%2F%2F202506%2Ftrel202506_121.json,2026-08-12T00:42:43Z,b7ec442fa1d498c9a9efcc91ef54c4b771b40596235cac3df24a78b36f27a22b,8660,original,IF.data data-base 202506
data_raw/ifdata/202506/trel202506_123.json,BCB/IF.data,https://www3.bcb.gov.br/ifdata/rest/arquivos?nomeArquivo=ifdata_2025_2030%2F%2F202506%2Ftrel202506_123.json,2026-08-12T00:42:44Z,ba923f370e61d78274a8faf981d036d574451c3b8b66fcb820a154ea277da6b5,27173,original,IF.data data-base 202506
data_raw/ifdata/202506/trel202506_124.json,BCB/IF.data,https://www3.bcb.gov.br/ifdata/rest/arquivos?nomeArquivo=ifdata_2025_2030%2F%2F202506%2Ftrel202506_124.json,2026-08-12T00:42:45Z,ac36ecf05180ab1652273423979b64a922e92f2983402483b84d767a10b77227,10451,original,IF.data data-base 202506
data_raw/ifdata/202506/trel202506_125.json,BCB/IF.data,https://www3.bcb.gov.br/ifdata/rest/arquivos?nomeArquivo=ifdata_2025_2030%2F%2F202506%2Ftrel202506_125.json,2026-08-12T00:42:46Z,b02545a2ef09119e77f6fd449ba2c4fe15937e86f08e06e18ba6dbabb3775613,13929,original,IF.data data-base 202506
data_raw/ifdata/202506/trel202506_126.json,BCB/IF.data,https://www3.bcb.gov.br/ifdata/rest/arquivos?nomeArquivo=ifdata_2025_2030%2F%2F202506%2Ftrel202506_126.json,2026-08-12T00:42:46Z,6e3c3c5cb42426be648903466c7a0a223892c0eb7c9fa4751feeefa26ede8c94,9780,original,IF.data data-base 202506
data_raw/ifdata/202506/trel202506_127.json,BCB/IF.data,https://www3.bcb.gov.br/ifdata/rest/arquivos?nomeArquivo=ifdata_2025_2030%2F%2F202506%2Ftrel202506_127.json,2026-08-12T00:42:47Z,7224c96d52c62b223ef25cf80ce224270b5e85c52c598ee010b842d308c043bd,10764,original,IF.data data-base 202506
data_raw/ifdata/202506/trel202506_128.json,BCB/IF.data,https://www3.bcb.gov.br/ifdata/rest/arquivos?nomeArquivo=ifdata_2025_2030%2F%2F202506%2Ftrel202506_128.json,2026-08-12T00:42:47Z,e7f1547810f90e1f0a69b42a0c557297abdb3d3c198cd10d3bc627dbda174a3e,32771,original,IF.data data-base 202506
data_raw/ifdata/202506/trel202506_129.json,BCB/IF.data,https://www3.bcb.gov.br/ifdata/rest/arquivos?nomeArquivo=ifdata_2025_2030%2F%2F202506%2Ftrel202506_129.json,2026-08-12T00:42:48Z,c345e39ea223bb1f74506c32ce80f3e63f4f94377bb93881b7bc9cfb6389e47d,33170,original,IF.data data-base 202506
data_raw/ifdata/202506/trel202506_130.json,BCB/IF.data,https://www3.bcb.gov.br/ifdata/rest/arquivos?nomeArquivo=ifdata_2025_2030%2F%2F202506%2Ftrel202506_130.json,2026-08-12T00:42:49Z,72eb052bd275548b018a33d5d8ec18afd5b541162ce80d2f6c8a9f81b8f509f2,9631,original,IF.data data-base 202506
data_raw/ifdata/202506/trel202506_131.json,BCB/IF.data,https://www3.bcb.gov.br/ifdata/rest/arquivos?nomeArquivo=ifdata_2025_2030%2F%2F202506%2Ftrel202506_131.json,2026-08-12T00:42:50Z,88e4d191d23652c0030f899b19b942f35abaf5b8e841e7f9dc7532d07dc81d0e,5605,original,IF.data data-base 202506
data_raw/ifdata/202509/cadastro202509_1005.json,BCB/IF.data,https://www3.bcb.gov.br/ifdata/rest/arquivos?nomeArquivo=ifdata_2025_2030%2F%2F202509%2Fcadastro202509_1005.json,2026-08-12T00:42:51Z,ca796c90ccbbd3cc652887cad48fe6b62a1355ab2e072f411a2a1d4dc804c1ac,755831,original,IF.data data-base 202509 tipo 1005
data_raw/ifdata/202509/dados202509_1.json.gz,BCB/IF.data,https://www3.bcb.gov.br/ifdata/rest/arquivos?nomeArquivo=ifdata_2025_2030%2F%2F202509%2Fdados202509_1.json,2026-08-12T00:42:54Z,282524d7ccb81e3407f69e522e7cb7a37c3225244fb857b692fac353ecc11779,14993640,gzip do original,IF.data data-base 202509
data_raw/ifdata/202509/dados202509_2.json.gz,BCB/IF.data,https://www3.bcb.gov.br/ifdata/rest/arquivos?nomeArquivo=ifdata_2025_2030%2F%2F202509%2Fdados202509_2.json,2026-08-12T00:42:55Z,62a80197e9b3ddd2eb45543e8ceca6475dcc2b1cf9959407f85cac905bed070d,267528,gzip do original,IF.data data-base 202509
data_raw/ifdata/202509/dados202509_3.json.gz,BCB/IF.data,https://www3.bcb.gov.br/ifdata/rest/arquivos?nomeArquivo=ifdata_2025_2030%2F%2F202509%2Fdados202509_3.json,2026-08-12T00:42:58Z,4a0a08d472d29b42e5474c51a7fc22d6f62ec01411a6360858cdd794fdcafb90,6546748,gzip do original,IF.data data-base 202509
data_raw/ifdata/202509/dados202509_4.json.gz,BCB/IF.data,https://www3.bcb.gov.br/ifdata/rest/arquivos?nomeArquivo=ifdata_2025_2030%2F%2F202509%2Fdados202509_4.json,2026-08-12T00:42:59Z,132177e595eee2cd25a971ea3431aa2824a67aacb0055bfec0db7d1969e47cab,82227,gzip do original,IF.data data-base 202509
data_raw/ifdata/202509/dados202509_5.json.gz,BCB/IF.data,https://www3.bcb.gov.br/ifdata/rest/arquivos?nomeArquivo=ifdata_2025_2030%2F%2F202509%2Fdados202509_5.json,2026-08-12T00:43:00Z,2f7098ce96f013eba65933c8ab2286cd8c9b0f3946798e6e55411443d78f568f,708876,gzip do original,IF.data data-base 202509
data_raw/ifdata/202509/info202509.json,BCB/IF.data,https://www3.bcb.gov.br/ifdata/rest/arquivos?nomeArquivo=ifdata_2025_2030%2F%2F202509%2Finfo202509.json,2026-08-12T00:43:01Z,94e348cc4fd201734fcfa27036ed008b1e72dde0cf4e500da4aab32fb81412ef,188159,original,IF.data data-base 202509
data_raw/ifdata/202509/sel202509.json,BCB/IF.data,https://www3.bcb.gov.br/ifdata/rest/arquivos?nomeArquivo=ifdata_2025_2030%2F%2F202509%2Fsel202509.json,2026-08-12T00:43:02Z,3d066ee9963cb8d02df5026f8fdabe9a430f8d75eaad50f5093239bc47b300e0,440,original,IF.data data-base 202509
data_raw/ifdata/202509/trel202509_105.json,BCB/IF.data,https://www3.bcb.gov.br/ifdata/rest/arquivos?nomeArquivo=ifdata_2025_2030%2F%2F202509%2Ftrel202509_105.json,2026-08-12T00:43:03Z,dc338a047a55603fe6e54927a335a4f615f5babcac9949eafe3761d05b83e7d7,7618,original,IF.data data-base 202509
data_raw/ifdata/202509/trel202509_106.json,BCB/IF.data,https://www3.bcb.gov.br/ifdata/rest/arquivos?nomeArquivo=ifdata_2025_2030%2F%2F202509%2Ftrel202509_106.json,2026-08-12T00:43:04Z,08962b4ebb95e7a695a1f7630e8171a33b2130308186531667cd0d6bae56b3c6,8422,original,IF.data data-base 202509
data_raw/ifdata/202509/trel202509_107.json,BCB/IF.data,https://www3.bcb.gov.br/ifdata/rest/arquivos?nomeArquivo=ifdata_2025_2030%2F%2F202509%2Ftrel202509_107.json,2026-08-12T00:43:04Z,83d0c8285cfa7d4c161c2d2e1559a20715f30ef99f1ce47321f6dfcd7efa51d0,8191,original,IF.data data-base 202509
data_raw/ifdata/202509/trel202509_108.json,BCB/IF.data,https://www3.bcb.gov.br/ifdata/rest/arquivos?nomeArquivo=ifdata_2025_2030%2F%2F202509%2Ftrel202509_108.json,2026-08-12T00:43:05Z,9292d084764631e1e361d99c63bf9066c2bc755a13a55bdc83f49ff0689dd03c,7282,original,IF.data data-base 202509
data_raw/ifdata/202509/trel202509_109.json,BCB/IF.data,https://www3.bcb.gov.br/ifdata/rest/arquivos?nomeArquivo=ifdata_2025_2030%2F%2F202509%2Ftrel202509_109.json,2026-08-12T00:43:07Z,5c7cc5ae9cb4778d738be20b087ce150e6a2b8d811284515538fe96cd64c133b,8090,original,IF.data data-base 202509
data_raw/ifdata/202509/trel202509_110.json,BCB/IF.data,https://www3.bcb.gov.br/ifdata/rest/arquivos?nomeArquivo=ifdata_2025_2030%2F%2F202509%2Ftrel202509_110.json,2026-08-12T00:43:07Z,2b1160e046f7cd8dced3a2fd600aa897688d9811e21b9e12cd1159af74cdbf12,7853,original,IF.data data-base 202509
data_raw/ifdata/202509/trel202509_115.json,BCB/IF.data,https://www3.bcb.gov.br/ifdata/rest/arquivos?nomeArquivo=ifdata_2025_2030%2F%2F202509%2Ftrel202509_115.json,2026-08-12T00:43:09Z,4a32a6a09d0ea1c08325b4702558be0c2015b030ea085fc22f59d439586b3957,9695,original,IF.data data-base 202509
data_raw/ifdata/202509/trel202509_116.json,BCB/IF.data,https://www3.bcb.gov.br/ifdata/rest/arquivos?nomeArquivo=ifdata_2025_2030%2F%2F202509%2Ftrel202509_116.json,2026-08-12T00:43:10Z,b3fce845085ad97674f0b370b8c8dca79154b174d8f8b545e33970969ec7cb1a,12452,original,IF.data data-base 202509
data_raw/ifdata/202509/trel202509_117.json,BCB/IF.data,https://www3.bcb.gov.br/ifdata/rest/arquivos?nomeArquivo=ifdata_2025_2030%2F%2F202509%2Ftrel202509_117.json,2026-08-12T00:43:11Z,8bb49fda3740a5a0676d369831971ef7c3b075e0b38a04d697fa554b2a6b9204,12250,original,IF.data data-base 202509
data_raw/ifdata/202509/trel202509_118.json,BCB/IF.data,https://www3.bcb.gov.br/ifdata/rest/arquivos?nomeArquivo=ifdata_2025_2030%2F%2F202509%2Ftrel202509_118.json,2026-08-12T00:43:12Z,d7e6cc497b997ef7712a38fdaf6fb79f728ed5ffc6ffd613856663eadcefc483,13023,original,IF.data data-base 202509
data_raw/ifdata/202509/trel202509_119.json,BCB/IF.data,https://www3.bcb.gov.br/ifdata/rest/arquivos?nomeArquivo=ifdata_2025_2030%2F%2F202509%2Ftrel202509_119.json,2026-08-12T00:43:13Z,8fc53c3be10b9d6e29685d025fb549cc80eec59c21dddd0f0c438bfbdc83700d,7844,original,IF.data data-base 202509
data_raw/ifdata/202509/trel202509_120.json,BCB/IF.data,https://www3.bcb.gov.br/ifdata/rest/arquivos?nomeArquivo=ifdata_2025_2030%2F%2F202509%2Ftrel202509_120.json,2026-08-12T00:43:14Z,3943fc86380185c903656dd0726693209add123198438c764efb31fa5fdbb967,8078,original,IF.data data-base 202509
data_raw/ifdata/202509/trel202509_121.json,BCB/IF.data,https://www3.bcb.gov.br/ifdata/rest/arquivos?nomeArquivo=ifdata_2025_2030%2F%2F202509%2Ftrel202509_121.json,2026-08-12T00:43:15Z,da9e24f9ad1945e322d4e1fea70c3f147a1af9242e1bd0cc1a81bfabbff34d8b,8660,original,IF.data data-base 202509
data_raw/ifdata/202509/trel202509_123.json,BCB/IF.data,https://www3.bcb.gov.br/ifdata/rest/arquivos?nomeArquivo=ifdata_2025_2030%2F%2F202509%2Ftrel202509_123.json,2026-08-12T00:43:16Z,5befe5de66216317951a7cd6f762e75ca8dffa0e146e17b5808c6090b96c79e0,27173,original,IF.data data-base 202509
data_raw/ifdata/202509/trel202509_124.json,BCB/IF.data,https://www3.bcb.gov.br/ifdata/rest/arquivos?nomeArquivo=ifdata_2025_2030%2F%2F202509%2Ftrel202509_124.json,2026-08-12T00:43:18Z,05e06ad3029df404e7893026556cac406e762de3cc8a42c2df174be140a00e3d,10451,original,IF.data data-base 202509
data_raw/ifdata/202509/trel202509_125.json,BCB/IF.data,https://www3.bcb.gov.br/ifdata/rest/arquivos?nomeArquivo=ifdata_2025_2030%2F%2F202509%2Ftrel202509_125.json,2026-08-12T00:43:19Z,413bf21851422608415819918652e8ff2baad030f6a4018f1e6257155bd363e1,13929,original,IF.data data-base 202509
data_raw/ifdata/202509/trel202509_126.json,BCB/IF.data,https://www3.bcb.gov.br/ifdata/rest/arquivos?nomeArquivo=ifdata_2025_2030%2F%2F202509%2Ftrel202509_126.json,2026-08-12T00:43:20Z,41d182db951c6ff2b21c1e1349209f3714c537929838cb634738342f3698828c,9780,original,IF.data data-base 202509
data_raw/ifdata/202509/trel202509_127.json,BCB/IF.data,https://www3.bcb.gov.br/ifdata/rest/arquivos?nomeArquivo=ifdata_2025_2030%2F%2F202509%2Ftrel202509_127.json,2026-08-12T00:43:20Z,650f055400d67e94f0074c5906eeaf51108a4c617ea25db7f96e8291c256a3b0,10764,original,IF.data data-base 202509
data_raw/ifdata/202509/trel202509_128.json,BCB/IF.data,https://www3.bcb.gov.br/ifdata/rest/arquivos?nomeArquivo=ifdata_2025_2030%2F%2F202509%2Ftrel202509_128.json,2026-08-12T00:43:22Z,f5ba8a6f1d46d41f81d35ff19d126dc7c3a0de9f548cb83918fb2fdaa2786029,32771,original,IF.data data-base 202509
data_raw/ifdata/202509/trel202509_129.json,BCB/IF.data,https://www3.bcb.gov.br/ifdata/rest/arquivos?nomeArquivo=ifdata_2025_2030%2F%2F202509%2Ftrel202509_129.json,2026-08-12T00:43:23Z,c952c45453a1b4af199872cede2b7d3c45c55a8bd695e7512cae011ea8765f9e,33170,original,IF.data data-base 202509
data_raw/ifdata/202509/trel202509_130.json,BCB/IF.data,https://www3.bcb.gov.br/ifdata/rest/arquivos?nomeArquivo=ifdata_2025_2030%2F%2F202509%2Ftrel202509_130.json,2026-08-12T00:43:24Z,28db6682e81ad521d0332ff04f6b9ae747a8c3ae36d97a58071308edfc950bb9,9631,original,IF.data data-base 202509
data_raw/ifdata/202509/trel202509_131.json,BCB/IF.data,https://www3.bcb.gov.br/ifdata/rest/arquivos?nomeArquivo=ifdata_2025_2030%2F%2F202509%2Ftrel202509_131.json,2026-08-12T00:43:25Z,eed8c645e45fe72262c78bdede681de4a6d78944767b0ecb4a708a55caf400f2,5605,original,IF.data data-base 202509
data_raw/ifdata/202512/cadastro202512_1005.json,BCB/IF.data,https://www3.bcb.gov.br/ifdata/rest/arquivos?nomeArquivo=ifdata_2025_2030%2F%2F202512%2Fcadastro202512_1005.json,2026-08-12T00:43:29Z,fd75edf75bc9a7187e61e77ec10bf5b4bf60e59df885caebb86d35cec04d9c9f,773465,original,IF.data data-base 202512 tipo 1005
data_raw/ifdata/202512/dados202512_1.json.gz,BCB/IF.data,https://www3.bcb.gov.br/ifdata/rest/arquivos?nomeArquivo=ifdata_2025_2030%2F%2F202512%2Fdados202512_1.json,2026-08-12T00:43:36Z,01859bd7ff8cdb394c5ca9f2c4af63fe9c9019cc82417a8bcc832959c9026040,16172023,gzip do original,IF.data data-base 202512
data_raw/ifdata/202512/dados202512_2.json.gz,BCB/IF.data,https://www3.bcb.gov.br/ifdata/rest/arquivos?nomeArquivo=ifdata_2025_2030%2F%2F202512%2Fdados202512_2.json,2026-08-12T00:43:38Z,1bdad379fc9cc9c524a76b5c06e760fec55bc85874b6b6c52ef594b4400a1753,304370,gzip do original,IF.data data-base 202512
data_raw/ifdata/202512/dados202512_3.json.gz,BCB/IF.data,https://www3.bcb.gov.br/ifdata/rest/arquivos?nomeArquivo=ifdata_2025_2030%2F%2F202512%2Fdados202512_3.json,2026-08-12T00:43:47Z,e9fb9597f177df1150c8cc73af8e8f064f23f72420ede2e6933b7d48e7e2321a,5760928,gzip do original,IF.data data-base 202512
data_raw/ifdata/202512/dados202512_4.json.gz,BCB/IF.data,https://www3.bcb.gov.br/ifdata/rest/arquivos?nomeArquivo=ifdata_2025_2030%2F%2F202512%2Fdados202512_4.json,2026-08-12T00:43:49Z,b5472d77e5b2fa53994eac2da5428c1d1d69460ccd64ecefd903ec3ac64b1fc8,83253,gzip do original,IF.data data-base 202512
data_raw/ifdata/202512/dados202512_5.json.gz,BCB/IF.data,https://www3.bcb.gov.br/ifdata/rest/arquivos?nomeArquivo=ifdata_2025_2030%2F%2F202512%2Fdados202512_5.json,2026-08-12T00:43:53Z,bcf3e48faa92bcc388c74f35bc744407f3dd84ee8b662b129fb4e81bc0099db5,689672,gzip do original,IF.data data-base 202512
data_raw/ifdata/202512/info202512.json,BCB/IF.data,https://www3.bcb.gov.br/ifdata/rest/arquivos?nomeArquivo=ifdata_2025_2030%2F%2F202512%2Finfo202512.json,2026-08-12T00:43:55Z,94e348cc4fd201734fcfa27036ed008b1e72dde0cf4e500da4aab32fb81412ef,188159,original,IF.data data-base 202512
data_raw/ifdata/202512/sel202512.json,BCB/IF.data,https://www3.bcb.gov.br/ifdata/rest/arquivos?nomeArquivo=ifdata_2025_2030%2F%2F202512%2Fsel202512.json,2026-08-12T00:43:57Z,3d066ee9963cb8d02df5026f8fdabe9a430f8d75eaad50f5093239bc47b300e0,440,original,IF.data data-base 202512
data_raw/ifdata/202512/trel202512_105.json,BCB/IF.data,https://www3.bcb.gov.br/ifdata/rest/arquivos?nomeArquivo=ifdata_2025_2030%2F%2F202512%2Ftrel202512_105.json,2026-08-12T00:43:59Z,9b1d22454eb72c3634a6882fb4e59fa11e7135b9e38e6c195918426f203b87e9,7618,original,IF.data data-base 202512
data_raw/ifdata/202512/trel202512_106.json,BCB/IF.data,https://www3.bcb.gov.br/ifdata/rest/arquivos?nomeArquivo=ifdata_2025_2030%2F%2F202512%2Ftrel202512_106.json,2026-08-12T00:44:00Z,a94f250055a3d7633f19ab9ca3e00305dffe5e94bd9ba9e520ac3eb07988f6c6,8422,original,IF.data data-base 202512
data_raw/ifdata/202512/trel202512_107.json,BCB/IF.data,https://www3.bcb.gov.br/ifdata/rest/arquivos?nomeArquivo=ifdata_2025_2030%2F%2F202512%2Ftrel202512_107.json,2026-08-12T00:44:02Z,ee623ef346466b34d7984867276f1ba9c1f7a7f80332a36111097f7d25601b1a,8191,original,IF.data data-base 202512
data_raw/ifdata/202512/trel202512_108.json,BCB/IF.data,https://www3.bcb.gov.br/ifdata/rest/arquivos?nomeArquivo=ifdata_2025_2030%2F%2F202512%2Ftrel202512_108.json,2026-08-12T00:44:03Z,a1326410e7da733e464f755f3524eba9fd65a50be6e8849a6cc26ea83ec1228b,7282,original,IF.data data-base 202512
data_raw/ifdata/202512/trel202512_109.json,BCB/IF.data,https://www3.bcb.gov.br/ifdata/rest/arquivos?nomeArquivo=ifdata_2025_2030%2F%2F202512%2Ftrel202512_109.json,2026-08-12T00:44:05Z,9bcc4d3708b3bc65a0cd209512a8f57dcbe412f3a2a7f344ed751b3df2bc6367,8090,original,IF.data data-base 202512
data_raw/ifdata/202512/trel202512_110.json,BCB/IF.data,https://www3.bcb.gov.br/ifdata/rest/arquivos?nomeArquivo=ifdata_2025_2030%2F%2F202512%2Ftrel202512_110.json,2026-08-12T00:44:07Z,7d498c78a8bbc3ab0bed70ab4998aaa5389c47ecc4e6b36e898b04bded422b27,7853,original,IF.data data-base 202512
data_raw/ifdata/202512/trel202512_115.json,BCB/IF.data,https://www3.bcb.gov.br/ifdata/rest/arquivos?nomeArquivo=ifdata_2025_2030%2F%2F202512%2Ftrel202512_115.json,2026-08-12T00:44:09Z,e716526188e73131072901939369480e209e1a4366c0b175ff424c79305fc7f8,9682,original,IF.data data-base 202512
data_raw/ifdata/202512/trel202512_116.json,BCB/IF.data,https://www3.bcb.gov.br/ifdata/rest/arquivos?nomeArquivo=ifdata_2025_2030%2F%2F202512%2Ftrel202512_116.json,2026-08-12T00:44:10Z,ea09fab75b6353f0cb22d58e8ca4042f5c105ac50a15eb8b9c1de4b63e884039,12452,original,IF.data data-base 202512
data_raw/ifdata/202512/trel202512_117.json,BCB/IF.data,https://www3.bcb.gov.br/ifdata/rest/arquivos?nomeArquivo=ifdata_2025_2030%2F%2F202512%2Ftrel202512_117.json,2026-08-12T00:44:12Z,d66d9ff2bad321eb35f7a3fd321fd5f5e03a2f131247859ab203d863ffddf12f,12250,original,IF.data data-base 202512
data_raw/ifdata/202512/trel202512_118.json,BCB/IF.data,https://www3.bcb.gov.br/ifdata/rest/arquivos?nomeArquivo=ifdata_2025_2030%2F%2F202512%2Ftrel202512_118.json,2026-08-12T00:44:13Z,1bc25eff35c190317fae4b265bcd82ec6cc2c2523d3eac51cb3c66466e2e7c41,13023,original,IF.data data-base 202512
data_raw/ifdata/202512/trel202512_119.json,BCB/IF.data,https://www3.bcb.gov.br/ifdata/rest/arquivos?nomeArquivo=ifdata_2025_2030%2F%2F202512%2Ftrel202512_119.json,2026-08-12T00:44:14Z,f79ce7ca8566ed4727f446ae8fd938b830602410e6120f5b0c4f90ba1e15529c,7844,original,IF.data data-base 202512
data_raw/ifdata/202512/trel202512_120.json,BCB/IF.data,https://www3.bcb.gov.br/ifdata/rest/arquivos?nomeArquivo=ifdata_2025_2030%2F%2F202512%2Ftrel202512_120.json,2026-08-12T00:44:15Z,208d2e9ad3f0f86fd60a0aecae24546a4472ea31bde9d05bcaf20a97f3600331,8078,original,IF.data data-base 202512
data_raw/ifdata/202512/trel202512_121.json,BCB/IF.data,https://www3.bcb.gov.br/ifdata/rest/arquivos?nomeArquivo=ifdata_2025_2030%2F%2F202512%2Ftrel202512_121.json,2026-08-12T00:44:16Z,57bde11bb9396f57881743e1c9150cc2dd4b0085c17a2aa94894954664b10ce4,8660,original,IF.data data-base 202512
data_raw/ifdata/202512/trel202512_123.json,BCB/IF.data,https://www3.bcb.gov.br/ifdata/rest/arquivos?nomeArquivo=ifdata_2025_2030%2F%2F202512%2Ftrel202512_123.json,2026-08-12T00:44:17Z,6fcbf3431f2d486db4048159aea1764f172e91bd86451b929fda18a9a21297bf,27173,original,IF.data data-base 202512
data_raw/ifdata/202512/trel202512_124.json,BCB/IF.data,https://www3.bcb.gov.br/ifdata/rest/arquivos?nomeArquivo=ifdata_2025_2030%2F%2F202512%2Ftrel202512_124.json,2026-08-12T00:44:18Z,7d39328a79aa3b6c310e9a4e4c4f60ad3a14ea40a4c5bb9d18e4a1c41facd31e,10451,original,IF.data data-base 202512
data_raw/ifdata/202512/trel202512_125.json,BCB/IF.data,https://www3.bcb.gov.br/ifdata/rest/arquivos?nomeArquivo=ifdata_2025_2030%2F%2F202512%2Ftrel202512_125.json,2026-08-12T00:44:20Z,5b0538f8e9da1161cc26be095a00507e270bec9f5b4cbf7f8c08b33e682959d8,13929,original,IF.data data-base 202512
data_raw/ifdata/202512/trel202512_126.json,BCB/IF.data,https://www3.bcb.gov.br/ifdata/rest/arquivos?nomeArquivo=ifdata_2025_2030%2F%2F202512%2Ftrel202512_126.json,2026-08-12T00:44:22Z,ffe0628811ed05ffbc98c435933b1be497bee227c4e55de80fc52448566f0a42,9780,original,IF.data data-base 202512
data_raw/ifdata/202512/trel202512_127.json,BCB/IF.data,https://www3.bcb.gov.br/ifdata/rest/arquivos?nomeArquivo=ifdata_2025_2030%2F%2F202512%2Ftrel202512_127.json,2026-08-12T00:44:23Z,b52a8dbfda47204d3d0116f964c19b1920a8d3ecd13ebc6c7ff83ea8d69f7852,10764,original,IF.data data-base 202512
data_raw/ifdata/202512/trel202512_128.json,BCB/IF.data,https://www3.bcb.gov.br/ifdata/rest/arquivos?nomeArquivo=ifdata_2025_2030%2F%2F202512%2Ftrel202512_128.json,2026-08-12T00:44:25Z,865bb7ded449f27461675f9c37c340b33af84ebb636b221d6cfb85eeeeb6843e,32771,original,IF.data data-base 202512
data_raw/ifdata/202512/trel202512_129.json,BCB/IF.data,https://www3.bcb.gov.br/ifdata/rest/arquivos?nomeArquivo=ifdata_2025_2030%2F%2F202512%2Ftrel202512_129.json,2026-08-12T00:44:26Z,88de5ed6ad430317fea85eab729dbc40512a8e2377525c8d2ffe7a616fa60802,33170,original,IF.data data-base 202512
data_raw/ifdata/202512/trel202512_130.json,BCB/IF.data,https://www3.bcb.gov.br/ifdata/rest/arquivos?nomeArquivo=ifdata_2025_2030%2F%2F202512%2Ftrel202512_130.json,2026-08-12T00:44:28Z,a88e579e5bfa717880d8a58de0249b6349696f05febf6fa8b9e903fdf983b062,9631,original,IF.data data-base 202512
data_raw/ifdata/202512/trel202512_131.json,BCB/IF.data,https://www3.bcb.gov.br/ifdata/rest/arquivos?nomeArquivo=ifdata_2025_2030%2F%2F202512%2Ftrel202512_131.json,2026-08-12T00:44:29Z,8f4138e4b394aa754f708b62c4629fe68964a075828ffa635b5fd3a19c290ca0,5605,original,IF.data data-base 202512
data_raw/ifdata/202309/dados202309_4.json.gz,BCB/IF.data,https://www3.bcb.gov.br/ifdata/rest/arquivos?nomeArquivo=ifdata%2F202309%2Fdados202309_4.json,2026-08-12T00:47:07Z,1225e8c52b5fd72d808f8710b46217bc108dddfe9d2e0ccc9b32a2ef1353d0b2,81528,gzip do original,IF.data data-base 202309
data_raw/ifdata/202406/trel202406_65.json,BCB/IF.data,https://www3.bcb.gov.br/ifdata/rest/arquivos?nomeArquivo=ifdata%2F202406%2Ftrel202406_65.json,2026-08-12T00:47:10Z,be9019cf2b76aca872a0f8d339a54e5c535c035a54e1424b34e7fce3f2f5bd0b,11336,original,IF.data data-base 202406
data_raw/ifdata/202506/cadastro202506_1009.json,BCB/IF.data,https://www3.bcb.gov.br/ifdata/rest/arquivos?nomeArquivo=ifdata_2025_2030%2F%2F202506%2Fcadastro202506_1009.json,2026-08-12T00:47:13Z,da6c74e519beed9dbc7405afad9517dedf100cbe244128b1cc5c49a2284cb445,717786,original,IF.data data-base 202506 tipo 1009
data_raw/ifdata/202506/dados202506_4.json.gz,BCB/IF.data,https://www3.bcb.gov.br/ifdata/rest/arquivos?nomeArquivo=ifdata_2025_2030%2F%2F202506%2Fdados202506_4.json,2026-08-12T00:47:14Z,5a278a9685ef3b1160318260821a8095e0afccec181efebceb3066159dc1b507,82205,gzip do original,IF.data data-base 202506
data_raw/ifdata/202503/cadastro202503_1009.json,BCB/IF.data,https://www3.bcb.gov.br/ifdata/rest/arquivos?nomeArquivo=ifdata_2025_2030%2F%2F202503%2Fcadastro202503_1009.json,2026-08-12T00:49:40Z,fbee4194d56185178522c8f8e02847a3621b0da5e47c5b61f847144c83fd9587,717454,original,IF.data data-base 202503 tipo 1009
data_raw/ifdata/202509/cadastro202509_1009.json,BCB/IF.data,https://www3.bcb.gov.br/ifdata/rest/arquivos?nomeArquivo=ifdata_2025_2030%2F%2F202509%2Fcadastro202509_1009.json,2026-08-12T00:49:41Z,547280d707ee8f6313439528eda97fdb5741a4a252e37eed1abd85dc205d660a,721375,original,IF.data data-base 202509 tipo 1009
data_raw/ifdata/202512/cadastro202512_1009.json,BCB/IF.data,https://www3.bcb.gov.br/ifdata/rest/arquivos?nomeArquivo=ifdata_2025_2030%2F%2F202512%2Fcadastro202512_1009.json,2026-08-12T00:49:42Z,3bca620bdcf0c02de3c0eeab05e5e3a687f18a44893252dd40e5e914299fb53f,735923,original,IF.data data-base 202512 tipo 1009
data_raw/ifdata/202309/cadastro202309_1009.json,BCB/IF.data,https://www3.bcb.gov.br/ifdata/rest/arquivos?nomeArquivo=ifdata%2F202309%2Fcadastro202309_1009.json,2026-08-12T00:56:48Z,0d4f65635e5a8d00f6adceb4141eedda5f5025b77ef5f5c67ca2a225a95b12b8,609956,original,IF.data data-base 202309 tipo 1009
data_raw/ifdata/202312/cadastro202312_1009.json,BCB/IF.data,https://www3.bcb.gov.br/ifdata/rest/arquivos?nomeArquivo=ifdata%2F202312%2Fcadastro202312_1009.json,2026-08-12T00:56:49Z,f01b9d12698739ae7604d67c7ff4715864359097e185c85da12ad325e1b4724e,610395,original,IF.data data-base 202312 tipo 1009
data_raw/ifdata/202403/cadastro202403_1009.json,BCB/IF.data,https://www3.bcb.gov.br/ifdata/rest/arquivos?nomeArquivo=ifdata%2F202403%2Fcadastro202403_1009.json,2026-08-12T00:56:50Z,6d5ca3a719e15f32d8a350f93f56297a3726234a9654c200fed87cb593f84c91,613953,original,IF.data data-base 202403 tipo 1009
data_raw/ifdata/202406/cadastro202406_1009.json,BCB/IF.data,https://www3.bcb.gov.br/ifdata/rest/arquivos?nomeArquivo=ifdata%2F202406%2Fcadastro202406_1009.json,2026-08-12T00:56:51Z,fe55a826a0f9e0e9ce229c73961ac124bb59b30f4e35b1bb11af546f6690fd73,613265,original,IF.data data-base 202406 tipo 1009
data_raw/ifdata/202409/cadastro202409_1009.json,BCB/IF.data,https://www3.bcb.gov.br/ifdata/rest/arquivos?nomeArquivo=ifdata%2F202409%2Fcadastro202409_1009.json,2026-08-12T00:56:52Z,298ea1071a3c054ce2a78ffba11435568273ad159c513e328dcff8fe053dcf66,616723,original,IF.data data-base 202409 tipo 1009
data_raw/ifdata/202412/cadastro202412_1009.json,BCB/IF.data,https://www3.bcb.gov.br/ifdata/rest/arquivos?nomeArquivo=ifdata%2F202412%2Fcadastro202412_1009.json,2026-08-12T00:56:53Z,9ce0bedccf66db29b665c417817fd03ea4e49c2f3ed0980eb66412dcae990c1f,706911,original,IF.data data-base 202412 tipo 1009
data_raw/ifdata/202603/filtro202603.json,BCB/IF.data,https://www3.bcb.gov.br/ifdata/rest/arquivos?nomeArquivo=ifdata_2025_2030%2F%2F202603%2Ffiltro202603.json,2026-08-12T02:46:09Z,e2b106807da883f204f3fbcd520fec529575f5526380aaac8d4e4ca7c39bf438,5326,original,"dicionario de siglas dos filtros, data-base 202603"
